15:13:48 (50180) DEBUG ConfigReader Loading config from stryker.conf.json
15:13:48 (50180) DEBUG ConfigReader Loaded config: {
  "$schema": "https://raw.githubusercontent.com/stryker-mutator/stryker-js/master/packages/api/schema/stryker-schema.json",
  "packageManager": "npm",
  "testRunner": "vitest",
  "reporters": [
    "clear-text",
    "progress",
    "html"
  ],
  "htmlReporter": {
    "fileName": "reports/mutation/index.html"
  },
  "coverageAnalysis": "perTest",
  "timeoutMS": 15000,
  "_comment_mutate": "'src/core/**/*.ts' removed (a real, confirmed bug, not a stylistic cleanup): this package's own src/ has no core directory at all — @keystone-dashboard-layout/core is a separate workspace package reached via the '@/core' path alias, not a local folder. The glob matched zero files (confirmed via a real stryker run: 'Glob pattern src/core/**/*.ts did not result in any files'), silently excluding those 0 files rather than erroring, which is why this went unnoticed until now.",
  "mutate": [
    "src/components/Grid/composables/*.ts",
    "src/composables/*.ts",
    "src/hooks/*.ts",
    "!src/**/*.d.ts"
  ],
  "ignorePatterns": [
    "demo",
    "sandbox",
    "vitepress-docs",
    "docs",
    "dist",
    "dist-demo"
  ],
  "fileLogLevel": "trace",
  "logLevel": "debug",
  "allowConsoleColors": true,
  "checkers": [],
  "checkerNodeArgs": [],
  "commandRunner": {
    "command": "npm test"
  },
  "clearTextReporter": {
    "allowColor": true,
    "allowEmojis": false,
    "logTests": true,
    "maxTestsToLog": 3,
    "reportTests": true,
    "reportMutants": true,
    "reportScoreTable": true,
    "skipFull": false
  },
  "dashboard": {
    "baseUrl": "https://dashboard.stryker-mutator.io/api/reports",
    "reportType": "full"
  },
  "dryRunOnly": false,
  "eventReporter": {
    "baseDir": "reports/mutation/events"
  },
  "ignoreStatic": false,
  "incremental": false,
  "incrementalFile": "reports/stryker-incremental.json",
  "force": false,
  "inPlace": false,
  "maxConcurrentTestRunners": 9007199254740991,
  "maxTestRunnerReuse": 0,
  "mutator": {
    "plugins": null,
    "excludedMutations": []
  },
  "plugins": [
    "@stryker-mutator/*"
  ],
  "appendPlugins": [],
  "jsonReporter": {
    "fileName": "reports/mutation/mutation.json"
  },
  "disableTypeChecks": true,
  "symlinkNodeModules": true,
  "tempDirName": ".stryker-tmp",
  "cleanTempDir": true,
  "testRunnerNodeArgs": [],
  "thresholds": {
    "high": 80,
    "low": 60,
    "break": null
  },
  "timeoutFactor": 1.5,
  "dryRunTimeoutMinutes": 5,
  "tsconfigFile": "tsconfig.json",
  "warnings": true,
  "disableBail": false,
  "allowEmpty": false,
  "ignorers": [],
  "testFiles": []
}
15:13:48 (50180) DEBUG PluginLoader Loading @stryker-mutator/* from C:\gwinnem\keystone-dashboard-layout\node_modules\.pnpm\@stryker-mutator+core@9.6.1_911149adbd3acc9b701e5200d679170d\node_modules\@stryker-mutator
15:13:48 (50180) DEBUG PluginLoader Loading plugin file:///C:/gwinnem/keystone-dashboard-layout/node_modules/.pnpm/@stryker-mutator+instrumenter@9.6.1_supports-color@8.1.1/node_modules/@stryker-mutator/instrumenter/dist/src/frameworks/index.js
15:13:48 (50180) DEBUG PluginLoader Loading plugin file:///C:/gwinnem/keystone-dashboard-layout/node_modules/.pnpm/@stryker-mutator+core@9.6.1_911149adbd3acc9b701e5200d679170d/node_modules/@stryker-mutator/core/dist/src/reporters/index.js
15:13:48 (50180) DEBUG MetaSchemaBuilder Contributing 0 schemas from plugins to options validation.
15:13:48 (50180) WARN OptionsValidator Unknown stryker config option "_comment_mutate".
15:13:48 (50180) WARN OptionsValidator Possible causes:
     * Is it a typo on your end?
     * Did you only write this property as a comment? If so, please postfix it with "_comment".
     * You might be missing a plugin that is supposed to use it. Stryker loaded plugins from: ["@stryker-mutator/*"]
     * The plugin that is using it did not contribute explicit validation. 
     (disable "warnings.unknownOptions" to ignore this warning)
15:13:48 (50180) INFO ProjectReader Found 12 of 114 file(s) to be mutated.
15:13:48 (50180) DEBUG ProjectReader All input files: [
  "C:\\gwinnem\\keystone-dashboard-layout\\packages\\vue\\.releaserc.json",
  "C:\\gwinnem\\keystone-dashboard-layout\\packages\\vue\\CHANGELOG.md",
  "C:\\gwinnem\\keystone-dashboard-layout\\packages\\vue\\COMPARISON_ALTERNATIVES.md",
  "C:\\gwinnem\\keystone-dashboard-layout\\packages\\vue\\COMPARISON_COMMERCIAL.md",
  "C:\\gwinnem\\keystone-dashboard-layout\\packages\\vue\\COMPETITIVE_ROADMAP.md",
  "C:\\gwinnem\\keystone-dashboard-layout\\packages\\vue\\dev-shared\\tokens.css",
  "C:\\gwinnem\\keystone-dashboard-layout\\packages\\vue\\e2e\\advanced-features.spec.ts",
  "C:\\gwinnem\\keystone-dashboard-layout\\packages\\vue\\e2e\\basic-grid.spec.ts",
  "C:\\gwinnem\\keystone-dashboard-layout\\packages\\vue\\e2e\\drag-and-resize.spec.ts",
  "C:\\gwinnem\\keystone-dashboard-layout\\packages\\vue\\e2e\\dynamic-items.spec.ts",
  "C:\\gwinnem\\keystone-dashboard-layout\\packages\\vue\\e2e\\external-drop.spec.ts",
  "C:\\gwinnem\\keystone-dashboard-layout\\packages\\vue\\e2e\\helpers.ts",
  "C:\\gwinnem\\keystone-dashboard-layout\\packages\\vue\\e2e\\item-overrides.spec.ts",
  "C:\\gwinnem\\keystone-dashboard-layout\\packages\\vue\\e2e\\keyboard-accessibility.spec.ts",
  "C:\\gwinnem\\keystone-dashboard-layout\\packages\\vue\\e2e\\responsive.spec.ts",
  "C:\\gwinnem\\keystone-dashboard-layout\\packages\\vue\\e2e\\touch-input.spec.ts",
  "C:\\gwinnem\\keystone-dashboard-layout\\packages\\vue\\e2e\\visual-regression.spec.ts",
  "C:\\gwinnem\\keystone-dashboard-layout\\packages\\vue\\env.d.ts",
  "C:\\gwinnem\\keystone-dashboard-layout\\packages\\vue\\eslint.config.js",
  "C:\\gwinnem\\keystone-dashboard-layout\\packages\\vue\\FEATURES.md",
  "C:\\gwinnem\\keystone-dashboard-layout\\packages\\vue\\index.html",
  "C:\\gwinnem\\keystone-dashboard-layout\\packages\\vue\\INSTALL.md",
  "C:\\gwinnem\\keystone-dashboard-layout\\packages\\vue\\MANUAL_TEST_CHECKLIST.md",
  "C:\\gwinnem\\keystone-dashboard-layout\\packages\\vue\\MIGRATION.md",
  "C:\\gwinnem\\keystone-dashboard-layout\\packages\\vue\\package-lock.json.bak",
  "C:\\gwinnem\\keystone-dashboard-layout\\packages\\vue\\package.json",
  "C:\\gwinnem\\keystone-dashboard-layout\\packages\\vue\\playwright.config.ts",
  "C:\\gwinnem\\keystone-dashboard-layout\\packages\\vue\\PRODUCTION_READINESS.md",
  "C:\\gwinnem\\keystone-dashboard-layout\\packages\\vue\\README.md",
  "C:\\gwinnem\\keystone-dashboard-layout\\packages\\vue\\ROADMAP.md",
  "C:\\gwinnem\\keystone-dashboard-layout\\packages\\vue\\scripts\\check-bundle-size.js",
  "C:\\gwinnem\\keystone-dashboard-layout\\packages\\vue\\scripts\\check-package-install.js",
  "C:\\gwinnem\\keystone-dashboard-layout\\packages\\vue\\scripts\\generate-package.js",
  "C:\\gwinnem\\keystone-dashboard-layout\\packages\\vue\\src\\assets\\close.svg",
  "C:\\gwinnem\\keystone-dashboard-layout\\packages\\vue\\src\\assets\\resize.svg",
  "C:\\gwinnem\\keystone-dashboard-layout\\packages\\vue\\src\\components\\common\\CustomCloseButton.vue",
  "C:\\gwinnem\\keystone-dashboard-layout\\packages\\vue\\src\\components\\common\\CustomDragElement.vue",
  "C:\\gwinnem\\keystone-dashboard-layout\\packages\\vue\\src\\components\\Grid\\composables\\grid-item-composable-context.ts",
  "C:\\gwinnem\\keystone-dashboard-layout\\packages\\vue\\src\\components\\Grid\\composables\\useCrossGridDrag.ts",
  "C:\\gwinnem\\keystone-dashboard-layout\\packages\\vue\\src\\components\\Grid\\composables\\useGridItemDrag.ts",
  "C:\\gwinnem\\keystone-dashboard-layout\\packages\\vue\\src\\components\\Grid\\composables\\useGridItemKeyboard.ts",
  "C:\\gwinnem\\keystone-dashboard-layout\\packages\\vue\\src\\components\\Grid\\composables\\useGridItemResize.ts",
  "C:\\gwinnem\\keystone-dashboard-layout\\packages\\vue\\src\\components\\Grid\\composables\\useMultiSelect.ts",
  "C:\\gwinnem\\keystone-dashboard-layout\\packages\\vue\\src\\components\\Grid\\composables\\useOutsideDrop.ts",
  "C:\\gwinnem\\keystone-dashboard-layout\\packages\\vue\\src\\components\\Grid\\composables\\useResponsiveLayout.ts",
  "C:\\gwinnem\\keystone-dashboard-layout\\packages\\vue\\src\\components\\Grid\\composables\\useUndoRedo.ts",
  "C:\\gwinnem\\keystone-dashboard-layout\\packages\\vue\\src\\components\\Grid\\grid-item-props.interface.ts",
  "C:\\gwinnem\\keystone-dashboard-layout\\packages\\vue\\src\\components\\Grid\\grid-layout-props.interface.ts",
  "C:\\gwinnem\\keystone-dashboard-layout\\packages\\vue\\src\\components\\Grid\\GridItem.vue",
  "C:\\gwinnem\\keystone-dashboard-layout\\packages\\vue\\src\\components\\Grid\\GridLayout.vue",
  "C:\\gwinnem\\keystone-dashboard-layout\\packages\\vue\\src\\components\\index.ts",
  "C:\\gwinnem\\keystone-dashboard-layout\\packages\\vue\\src\\composables\\useLayoutPresets.ts",
  "C:\\gwinnem\\keystone-dashboard-layout\\packages\\vue\\src\\composables\\useLayoutStorage.ts",
  "C:\\gwinnem\\keystone-dashboard-layout\\packages\\vue\\src\\hooks\\useInstance.ts",
  "C:\\gwinnem\\keystone-dashboard-layout\\packages\\vue\\src\\styles\\index.scss",
  "C:\\gwinnem\\keystone-dashboard-layout\\packages\\vue\\src\\styles\\variables.scss",
  "C:\\gwinnem\\keystone-dashboard-layout\\packages\\vue\\src\\vite-env.d.ts",
  "C:\\gwinnem\\keystone-dashboard-layout\\packages\\vue\\stryker.conf.json",
  "C:\\gwinnem\\keystone-dashboard-layout\\packages\\vue\\SUPPORT.md",
  "C:\\gwinnem\\keystone-dashboard-layout\\packages\\vue\\test-results\\.last-run.json",
  "C:\\gwinnem\\keystone-dashboard-layout\\packages\\vue\\test-results\\item-overrides-Per-item-ov-2e319-ed-to-the-unbounded-default-chromium\\error-context.md",
  "C:\\gwinnem\\keystone-dashboard-layout\\packages\\vue\\test-results\\item-overrides-Per-item-ov-2e319-ed-to-the-unbounded-default-chromium\\test-failed-1.png",
  "C:\\gwinnem\\keystone-dashboard-layout\\packages\\vue\\test-results\\item-overrides-Per-item-ov-2e319-ed-to-the-unbounded-default-firefox\\error-context.md",
  "C:\\gwinnem\\keystone-dashboard-layout\\packages\\vue\\test-results\\item-overrides-Per-item-ov-2e319-ed-to-the-unbounded-default-firefox\\test-failed-1.png",
  "C:\\gwinnem\\keystone-dashboard-layout\\packages\\vue\\test-results\\item-overrides-Per-item-ov-2e319-ed-to-the-unbounded-default-webkit\\error-context.md",
  "C:\\gwinnem\\keystone-dashboard-layout\\packages\\vue\\test-results\\item-overrides-Per-item-ov-2e319-ed-to-the-unbounded-default-webkit\\test-failed-1.png",
  "C:\\gwinnem\\keystone-dashboard-layout\\packages\\vue\\tests\\coverage\\base.css",
  "C:\\gwinnem\\keystone-dashboard-layout\\packages\\vue\\tests\\coverage\\block-navigation.js",
  "C:\\gwinnem\\keystone-dashboard-layout\\packages\\vue\\tests\\coverage\\components\\common\\CustomCloseButton.vue.html",
  "C:\\gwinnem\\keystone-dashboard-layout\\packages\\vue\\tests\\coverage\\components\\common\\CustomDragElement.vue.html",
  "C:\\gwinnem\\keystone-dashboard-layout\\packages\\vue\\tests\\coverage\\components\\common\\index.html",
  "C:\\gwinnem\\keystone-dashboard-layout\\packages\\vue\\tests\\coverage\\components\\Grid\\composables\\index.html",
  "C:\\gwinnem\\keystone-dashboard-layout\\packages\\vue\\tests\\coverage\\components\\Grid\\composables\\useCrossGridDrag.ts.html",
  "C:\\gwinnem\\keystone-dashboard-layout\\packages\\vue\\tests\\coverage\\components\\Grid\\composables\\useGridItemDrag.ts.html",
  "C:\\gwinnem\\keystone-dashboard-layout\\packages\\vue\\tests\\coverage\\components\\Grid\\composables\\useGridItemKeyboard.ts.html",
  "C:\\gwinnem\\keystone-dashboard-layout\\packages\\vue\\tests\\coverage\\components\\Grid\\composables\\useGridItemResize.ts.html",
  "C:\\gwinnem\\keystone-dashboard-layout\\packages\\vue\\tests\\coverage\\components\\Grid\\composables\\useMultiSelect.ts.html",
  "C:\\gwinnem\\keystone-dashboard-layout\\packages\\vue\\tests\\coverage\\components\\Grid\\composables\\useOutsideDrop.ts.html",
  "C:\\gwinnem\\keystone-dashboard-layout\\packages\\vue\\tests\\coverage\\components\\Grid\\composables\\useResponsiveLayout.ts.html",
  "C:\\gwinnem\\keystone-dashboard-layout\\packages\\vue\\tests\\coverage\\components\\Grid\\composables\\useUndoRedo.ts.html",
  "C:\\gwinnem\\keystone-dashboard-layout\\packages\\vue\\tests\\coverage\\components\\Grid\\GridItem.vue.html",
  "C:\\gwinnem\\keystone-dashboard-layout\\packages\\vue\\tests\\coverage\\components\\Grid\\GridLayout.vue.html",
  "C:\\gwinnem\\keystone-dashboard-layout\\packages\\vue\\tests\\coverage\\components\\Grid\\index.html",
  "C:\\gwinnem\\keystone-dashboard-layout\\packages\\vue\\tests\\coverage\\composables\\index.html",
  "C:\\gwinnem\\keystone-dashboard-layout\\packages\\vue\\tests\\coverage\\composables\\useLayoutPresets.ts.html",
  "C:\\gwinnem\\keystone-dashboard-layout\\packages\\vue\\tests\\coverage\\composables\\useLayoutStorage.ts.html",
  "C:\\gwinnem\\keystone-dashboard-layout\\packages\\vue\\tests\\coverage\\coverage-final.json",
  "C:\\gwinnem\\keystone-dashboard-layout\\packages\\vue\\tests\\coverage\\favicon.png",
  "C:\\gwinnem\\keystone-dashboard-layout\\packages\\vue\\tests\\coverage\\hooks\\index.html",
  "C:\\gwinnem\\keystone-dashboard-layout\\packages\\vue\\tests\\coverage\\hooks\\useInstance.ts.html",
  "C:\\gwinnem\\keystone-dashboard-layout\\packages\\vue\\tests\\coverage\\index.html",
  "C:\\gwinnem\\keystone-dashboard-layout\\packages\\vue\\tests\\coverage\\prettify.css",
  "C:\\gwinnem\\keystone-dashboard-layout\\packages\\vue\\tests\\coverage\\prettify.js",
  "C:\\gwinnem\\keystone-dashboard-layout\\packages\\vue\\tests\\coverage\\sort-arrow-sprite.png",
  "C:\\gwinnem\\keystone-dashboard-layout\\packages\\vue\\tests\\coverage\\sorter.js",
  "C:\\gwinnem\\keystone-dashboard-layout\\packages\\vue\\tests\\CustomCloseButton.spec.ts",
  "C:\\gwinnem\\keystone-dashboard-layout\\packages\\vue\\tests\\CustomDragElement.spec.ts",
  "C:\\gwinnem\\keystone-dashboard-layout\\packages\\vue\\tests\\GridItem.autoSize.spec.ts",
  "C:\\gwinnem\\keystone-dashboard-layout\\packages\\vue\\tests\\GridItem.spec.ts",
  "C:\\gwinnem\\keystone-dashboard-layout\\packages\\vue\\tests\\GridLayout.crossGrid.spec.ts",
  "C:\\gwinnem\\keystone-dashboard-layout\\packages\\vue\\tests\\GridLayout.spec.ts",
  "C:\\gwinnem\\keystone-dashboard-layout\\packages\\vue\\tests\\helpers\\mountGrid.ts",
  "C:\\gwinnem\\keystone-dashboard-layout\\packages\\vue\\tests\\setup.ts",
  "C:\\gwinnem\\keystone-dashboard-layout\\packages\\vue\\tests\\testLayout.ts",
  "C:\\gwinnem\\keystone-dashboard-layout\\packages\\vue\\tests\\useLayoutPresets.spec.ts",
  "C:\\gwinnem\\keystone-dashboard-layout\\packages\\vue\\tests\\useLayoutStorage.spec.ts",
  "C:\\gwinnem\\keystone-dashboard-layout\\packages\\vue\\tsconfig.build-types-core.json",
  "C:\\gwinnem\\keystone-dashboard-layout\\packages\\vue\\tsconfig.build-types.json",
  "C:\\gwinnem\\keystone-dashboard-layout\\packages\\vue\\tsconfig.config.json",
  "C:\\gwinnem\\keystone-dashboard-layout\\packages\\vue\\tsconfig.json",
  "C:\\gwinnem\\keystone-dashboard-layout\\packages\\vue\\vite.analyze.config.js",
  "C:\\gwinnem\\keystone-dashboard-layout\\packages\\vue\\vite.config.js",
  "C:\\gwinnem\\keystone-dashboard-layout\\packages\\vue\\vite.core.config.js",
  "C:\\gwinnem\\keystone-dashboard-layout\\packages\\vue\\vitest.config.js"
]
15:13:48 (50180) DEBUG ProjectReader Files to mutate: [
  "C:\\gwinnem\\keystone-dashboard-layout\\packages\\vue\\src\\components\\Grid\\composables\\grid-item-composable-context.ts",
  "C:\\gwinnem\\keystone-dashboard-layout\\packages\\vue\\src\\components\\Grid\\composables\\useCrossGridDrag.ts",
  "C:\\gwinnem\\keystone-dashboard-layout\\packages\\vue\\src\\components\\Grid\\composables\\useGridItemDrag.ts",
  "C:\\gwinnem\\keystone-dashboard-layout\\packages\\vue\\src\\components\\Grid\\composables\\useGridItemKeyboard.ts",
  "C:\\gwinnem\\keystone-dashboard-layout\\packages\\vue\\src\\components\\Grid\\composables\\useGridItemResize.ts",
  "C:\\gwinnem\\keystone-dashboard-layout\\packages\\vue\\src\\components\\Grid\\composables\\useMultiSelect.ts",
  "C:\\gwinnem\\keystone-dashboard-layout\\packages\\vue\\src\\components\\Grid\\composables\\useOutsideDrop.ts",
  "C:\\gwinnem\\keystone-dashboard-layout\\packages\\vue\\src\\components\\Grid\\composables\\useResponsiveLayout.ts",
  "C:\\gwinnem\\keystone-dashboard-layout\\packages\\vue\\src\\components\\Grid\\composables\\useUndoRedo.ts",
  "C:\\gwinnem\\keystone-dashboard-layout\\packages\\vue\\src\\composables\\useLayoutPresets.ts",
  "C:\\gwinnem\\keystone-dashboard-layout\\packages\\vue\\src\\composables\\useLayoutStorage.ts",
  "C:\\gwinnem\\keystone-dashboard-layout\\packages\\vue\\src\\hooks\\useInstance.ts"
]
15:13:48 (50180) DEBUG TemporaryDirectory Using temp directory "C:\gwinnem\keystone-dashboard-layout\packages\vue\.stryker-tmp\sandbox-u2QdJ4"
15:13:48 (50180) DEBUG Instrumenter Instrumenting 12 source files with mutants
15:13:48 (50180) DEBUG Instrumenter Instrumented src\components\Grid\composables\grid-item-composable-context.ts (0 mutant(s))
15:13:48 (50180) DEBUG Instrumenter Instrumented src\components\Grid\composables\useCrossGridDrag.ts (65 mutant(s))
15:13:48 (50180) DEBUG Instrumenter Instrumented src\components\Grid\composables\useGridItemDrag.ts (123 mutant(s))
15:13:48 (50180) DEBUG Instrumenter Instrumented src\components\Grid\composables\useGridItemKeyboard.ts (88 mutant(s))
15:13:48 (50180) DEBUG Instrumenter Instrumented src\components\Grid\composables\useGridItemResize.ts (389 mutant(s))
15:13:48 (50180) DEBUG Instrumenter Instrumented src\components\Grid\composables\useMultiSelect.ts (74 mutant(s))
15:13:48 (50180) DEBUG Instrumenter Instrumented src\components\Grid\composables\useOutsideDrop.ts (70 mutant(s))
15:13:48 (50180) DEBUG Instrumenter Instrumented src\components\Grid\composables\useResponsiveLayout.ts (22 mutant(s))
15:13:48 (50180) DEBUG Instrumenter Instrumented src\components\Grid\composables\useUndoRedo.ts (62 mutant(s))
15:13:48 (50180) DEBUG Instrumenter Instrumented src\composables\useLayoutPresets.ts (58 mutant(s))
15:13:48 (50180) DEBUG Instrumenter Instrumented src\composables\useLayoutStorage.ts (53 mutant(s))
15:13:48 (50180) DEBUG Instrumenter Instrumented src\hooks\useInstance.ts (2 mutant(s))
15:13:48 (50180) INFO Instrumenter Instrumented 12 source file(s) with 1006 mutant(s)
15:13:49 (50180) DEBUG TSConfigPreprocessor Rewriting file ProjectFile {
  fs: [FileSystem],
  name: 'C:\\gwinnem\\keystone-dashboard-layout\\packages\\vue\\tsconfig.json',
  mutate: false
}
15:13:49 (50180) INFO ConcurrencyTokenProvider Creating 15 test runner process(es).
15:13:49 (50180) DEBUG ChildProcessProxy Started CheckerWorker in worker process 0 with pid 55232 
15:13:49 (55232) DEBUG PluginLoader Loading plugin file:///C:/gwinnem/keystone-dashboard-layout/node_modules/.pnpm/@stryker-mutator+instrumenter@9.6.1_supports-color@8.1.1/node_modules/@stryker-mutator/instrumenter/dist/src/frameworks/index.js
15:13:49 (55232) DEBUG PluginLoader Loading plugin file:///C:/gwinnem/keystone-dashboard-layout/node_modules/.pnpm/@stryker-mutator+core@9.6.1_911149adbd3acc9b701e5200d679170d/node_modules/@stryker-mutator/core/dist/src/reporters/index.js
15:13:50 (50180) DEBUG Sandbox Creating a sandbox for files in C:\gwinnem\keystone-dashboard-layout\packages\vue\.stryker-tmp\sandbox-u2QdJ4
15:13:50 (50180) DEBUG Sandbox Start symlink node_modules
15:13:50 (50180) DEBUG Sandbox Create symlink from C:\gwinnem\keystone-dashboard-layout\packages\vue\node_modules to C:\gwinnem\keystone-dashboard-layout\packages\vue\.stryker-tmp\sandbox-u2QdJ4\node_modules
15:13:50 (50180) DEBUG BroadcastReporter Broadcasting to reporters ["clear-text","progress","html"]
15:13:50 (50180) DEBUG ChildProcessProxy Started ChildProcessTestRunnerWorker in worker process 0 with pid 41076 
15:13:50 (50180) DEBUG ChildProcessProxy Started ChildProcessTestRunnerWorker in worker process 1 with pid 31676 
15:13:50 (41076) DEBUG PluginLoader Loading plugin file:///C:/gwinnem/keystone-dashboard-layout/node_modules/.pnpm/@stryker-mutator+instrumenter@9.6.1_supports-color@8.1.1/node_modules/@stryker-mutator/instrumenter/dist/src/frameworks/index.js
15:13:50 (41076) DEBUG PluginLoader Loading plugin file:///C:/gwinnem/keystone-dashboard-layout/node_modules/.pnpm/@stryker-mutator+core@9.6.1_911149adbd3acc9b701e5200d679170d/node_modules/@stryker-mutator/core/dist/src/reporters/index.js
15:13:50 (31676) DEBUG PluginLoader Loading plugin file:///C:/gwinnem/keystone-dashboard-layout/node_modules/.pnpm/@stryker-mutator+instrumenter@9.6.1_supports-color@8.1.1/node_modules/@stryker-mutator/instrumenter/dist/src/frameworks/index.js
15:13:50 (31676) DEBUG PluginLoader Loading plugin file:///C:/gwinnem/keystone-dashboard-layout/node_modules/.pnpm/@stryker-mutator+core@9.6.1_911149adbd3acc9b701e5200d679170d/node_modules/@stryker-mutator/core/dist/src/reporters/index.js
15:13:50 (41076) DEBUG ChildProcessProxyWorker Changing current working directory for this process to C:\gwinnem\keystone-dashboard-layout\packages\vue\.stryker-tmp\sandbox-u2QdJ4
15:13:50 (50180) DEBUG ChildProcessProxy Disposing of worker process 41076
15:13:50 (50180) DEBUG Stryker Not removing the temp dir because an error occurred
15:13:50 (50180) ERROR Stryker Unexpected error occurred while running Stryker StrykerError: Error: Could not inject [class ChildProcessTestRunnerWorker]. Cause: Cannot find TestRunner plugin "vitest". In fact, no TestRunner plugins were loaded. Did you forget to install it?
Error: Could not inject [class ChildProcessTestRunnerWorker]. Cause: Cannot find TestRunner plugin "vitest". In fact, no TestRunner plugins were loaded. Did you forget to install it?
    at InjectionError.create (file:///C:/gwinnem/keystone-dashboard-layout/node_modules/.pnpm/typed-inject@5.0.0/node_modules/typed-inject/dist/src/errors.js:53:20)
    at ClassProvider.injectClass (file:///C:/gwinnem/keystone-dashboard-layout/node_modules/.pnpm/typed-inject@5.0.0/node_modules/typed-inject/dist/src/InjectorImpl.js:45:34)
    at ChildProcessProxyWorker.handleInit (file:///C:/gwinnem/keystone-dashboard-layout/node_modules/.pnpm/@stryker-mutator+core@9.6.1_911149adbd3acc9b701e5200d679170d/node_modules/@stryker-mutator/core/dist/src/child-proxy/child-process-proxy-worker.js:75:41)
    at ChildProcess.<anonymous> (file:///C:/gwinnem/keystone-dashboard-layout/node_modules/.pnpm/@stryker-mutator+core@9.6.1_911149adbd3acc9b701e5200d679170d/node_modules/@stryker-mutator/core/dist/src/child-proxy/child-process-proxy.js:132:39)
    at ChildProcess.emit (node:events:509:28)
    at emit (node:internal/child_process:989:14)
    at process.processTicksAndRejections (node:internal/process/task_queues:91:21) {
  innerError: undefined
}
15:13:50 (50180) INFO Stryker This might be a known problem with a solution documented in our troubleshooting guide.
15:13:50 (50180) INFO Stryker You can find it at https://stryker-mutator.io/docs/stryker-js/troubleshooting/
15:13:50 (50180) WARN ChildProcessTestRunnerProxy An unexpected error occurred during test runner disposal. This might be worth looking into. Stryker will ignore this error. StrykerError: Error: Could not inject [class ChildProcessTestRunnerWorker]. Cause: Cannot find TestRunner plugin "vitest". In fact, no TestRunner plugins were loaded. Did you forget to install it?
Error: Could not inject [class ChildProcessTestRunnerWorker]. Cause: Cannot find TestRunner plugin "vitest". In fact, no TestRunner plugins were loaded. Did you forget to install it?
    at InjectionError.create (file:///C:/gwinnem/keystone-dashboard-layout/node_modules/.pnpm/typed-inject@5.0.0/node_modules/typed-inject/dist/src/errors.js:53:20)
    at ClassProvider.injectClass (file:///C:/gwinnem/keystone-dashboard-layout/node_modules/.pnpm/typed-inject@5.0.0/node_modules/typed-inject/dist/src/InjectorImpl.js:45:34)
    at ChildProcessProxyWorker.handleInit (file:///C:/gwinnem/keystone-dashboard-layout/node_modules/.pnpm/@stryker-mutator+core@9.6.1_911149adbd3acc9b701e5200d679170d/node_modules/@stryker-mutator/core/dist/src/child-proxy/child-process-proxy-worker.js:75:41)
    at ChildProcess.<anonymous> (file:///C:/gwinnem/keystone-dashboard-layout/node_modules/.pnpm/@stryker-mutator+core@9.6.1_911149adbd3acc9b701e5200d679170d/node_modules/@stryker-mutator/core/dist/src/child-proxy/child-process-proxy.js:132:39)
    at ChildProcess.emit (node:events:509:28)
    at emit (node:internal/child_process:989:14)
    at process.processTicksAndRejections (node:internal/process/task_queues:91:21) {
  innerError: undefined
}
15:13:50 (50180) DEBUG ChildProcessProxy Kill 41076
15:13:50 (31676) DEBUG ChildProcessProxyWorker Changing current working directory for this process to C:\gwinnem\keystone-dashboard-layout\packages\vue\.stryker-tmp\sandbox-u2QdJ4
15:13:50 (50180) DEBUG ChildProcessProxy Disposing of worker process 31676
15:13:50 (50180) WARN ChildProcessTestRunnerProxy An unexpected error occurred during test runner disposal. This might be worth looking into. Stryker will ignore this error. StrykerError: Error: Could not inject [class ChildProcessTestRunnerWorker]. Cause: Cannot find TestRunner plugin "vitest". In fact, no TestRunner plugins were loaded. Did you forget to install it?
Error: Could not inject [class ChildProcessTestRunnerWorker]. Cause: Cannot find TestRunner plugin "vitest". In fact, no TestRunner plugins were loaded. Did you forget to install it?
    at InjectionError.create (file:///C:/gwinnem/keystone-dashboard-layout/node_modules/.pnpm/typed-inject@5.0.0/node_modules/typed-inject/dist/src/errors.js:53:20)
    at ClassProvider.injectClass (file:///C:/gwinnem/keystone-dashboard-layout/node_modules/.pnpm/typed-inject@5.0.0/node_modules/typed-inject/dist/src/InjectorImpl.js:45:34)
    at ChildProcessProxyWorker.handleInit (file:///C:/gwinnem/keystone-dashboard-layout/node_modules/.pnpm/@stryker-mutator+core@9.6.1_911149adbd3acc9b701e5200d679170d/node_modules/@stryker-mutator/core/dist/src/child-proxy/child-process-proxy-worker.js:75:41)
    at ChildProcess.<anonymous> (file:///C:/gwinnem/keystone-dashboard-layout/node_modules/.pnpm/@stryker-mutator+core@9.6.1_911149adbd3acc9b701e5200d679170d/node_modules/@stryker-mutator/core/dist/src/child-proxy/child-process-proxy.js:132:39)
    at ChildProcess.emit (node:events:509:28)
    at emit (node:internal/child_process:989:14)
    at process.processTicksAndRejections (node:internal/process/task_queues:91:21) {
  innerError: undefined
}
15:13:50 (50180) DEBUG ChildProcessProxy Disposing of worker process 55232
15:13:50 (50180) DEBUG ChildProcessProxy Kill 31676
15:13:50 (50180) DEBUG ChildProcessProxy Kill 55232
15:25:49 (44804) DEBUG ConfigReader Loading config from stryker.conf.json
15:25:49 (44804) DEBUG ConfigReader Loaded config: {
  "$schema": "https://raw.githubusercontent.com/stryker-mutator/stryker-js/master/packages/api/schema/stryker-schema.json",
  "_comment_plugins": "Explicit, not Stryker's own default '@stryker-mutator/*' glob — a real, confirmed bug under this monorepo's pnpm workspace structure, not a stylistic preference: that glob resolves relative to wherever @stryker-mutator/core itself is physically installed, then looks for sibling '@stryker-mutator/*' packages inside *its own* node_modules. Under pnpm's strict, non-hoisting structure, that folder only ever contains core's own direct dependencies (confirmed via a real debug trace against this exact class of failure in the Angular package's own stryker.conf.json: '@stryker-mutator/instrumenter' loaded fine this way, since it *is* one) — never a sibling devDependency of *this* package, like vitest-runner, which lives in a completely separate, isolated part of the pnpm store the glob has no way to see. Naming the plugin explicitly instead makes Stryker resolve it via normal Node module resolution (walking up from this config file's own directory), which correctly finds it.",
  "packageManager": "npm",
  "plugins": [
    "@stryker-mutator/vitest-runner"
  ],
  "testRunner": "vitest",
  "reporters": [
    "clear-text",
    "progress",
    "html"
  ],
  "htmlReporter": {
    "fileName": "reports/mutation/index.html"
  },
  "coverageAnalysis": "perTest",
  "timeoutMS": 15000,
  "_comment_mutate": "'src/core/**/*.ts' removed (a real, confirmed bug, not a stylistic cleanup): this package's own src/ has no core directory at all — @keystone-dashboard-layout/core is a separate workspace package reached via the '@/core' path alias, not a local folder. The glob matched zero files (confirmed via a real stryker run: 'Glob pattern src/core/**/*.ts did not result in any files'), silently excluding those 0 files rather than erroring, which is why this went unnoticed until now.",
  "mutate": [
    "src/components/Grid/composables/*.ts",
    "src/composables/*.ts",
    "src/hooks/*.ts",
    "!src/**/*.d.ts"
  ],
  "ignorePatterns": [
    "demo",
    "sandbox",
    "vitepress-docs",
    "docs",
    "dist",
    "dist-demo"
  ],
  "fileLogLevel": "trace",
  "logLevel": "debug",
  "allowConsoleColors": true,
  "checkers": [],
  "checkerNodeArgs": [],
  "commandRunner": {
    "command": "npm test"
  },
  "clearTextReporter": {
    "allowColor": true,
    "allowEmojis": false,
    "logTests": true,
    "maxTestsToLog": 3,
    "reportTests": true,
    "reportMutants": true,
    "reportScoreTable": true,
    "skipFull": false
  },
  "dashboard": {
    "baseUrl": "https://dashboard.stryker-mutator.io/api/reports",
    "reportType": "full"
  },
  "dryRunOnly": false,
  "eventReporter": {
    "baseDir": "reports/mutation/events"
  },
  "ignoreStatic": false,
  "incremental": false,
  "incrementalFile": "reports/stryker-incremental.json",
  "force": false,
  "inPlace": false,
  "maxConcurrentTestRunners": 9007199254740991,
  "maxTestRunnerReuse": 0,
  "mutator": {
    "plugins": null,
    "excludedMutations": []
  },
  "appendPlugins": [],
  "jsonReporter": {
    "fileName": "reports/mutation/mutation.json"
  },
  "disableTypeChecks": true,
  "symlinkNodeModules": true,
  "tempDirName": ".stryker-tmp",
  "cleanTempDir": true,
  "testRunnerNodeArgs": [],
  "thresholds": {
    "high": 80,
    "low": 60,
    "break": null
  },
  "timeoutFactor": 1.5,
  "dryRunTimeoutMinutes": 5,
  "tsconfigFile": "tsconfig.json",
  "warnings": true,
  "disableBail": false,
  "allowEmpty": false,
  "ignorers": [],
  "testFiles": []
}
15:25:49 (44804) DEBUG PluginLoader Loading plugin @stryker-mutator/vitest-runner
15:25:49 (44804) DEBUG PluginLoader Loading plugin file:///C:/gwinnem/keystone-dashboard-layout/node_modules/.pnpm/@stryker-mutator+instrumenter@9.6.1_supports-color@8.1.1/node_modules/@stryker-mutator/instrumenter/dist/src/frameworks/index.js
15:25:49 (44804) DEBUG PluginLoader Loading plugin file:///C:/gwinnem/keystone-dashboard-layout/node_modules/.pnpm/@stryker-mutator+core@9.6.1_911149adbd3acc9b701e5200d679170d/node_modules/@stryker-mutator/core/dist/src/reporters/index.js
15:25:50 (44804) DEBUG MetaSchemaBuilder Contributing 1 schemas from plugins to options validation.
15:25:50 (44804) WARN OptionsValidator Unknown stryker config option "_comment_plugins".
15:25:50 (44804) WARN OptionsValidator Unknown stryker config option "_comment_mutate".
15:25:50 (44804) WARN OptionsValidator Possible causes:
     * Is it a typo on your end?
     * Did you only write this property as a comment? If so, please postfix it with "_comment".
     * You might be missing a plugin that is supposed to use it. Stryker loaded plugins from: ["@stryker-mutator/vitest-runner"]
     * The plugin that is using it did not contribute explicit validation. 
     (disable "warnings.unknownOptions" to ignore this warning)
15:25:50 (44804) INFO ProjectReader Found 12 of 114 file(s) to be mutated.
15:25:50 (44804) DEBUG ProjectReader All input files: [
  "C:\\gwinnem\\keystone-dashboard-layout\\packages\\vue\\.releaserc.json",
  "C:\\gwinnem\\keystone-dashboard-layout\\packages\\vue\\CHANGELOG.md",
  "C:\\gwinnem\\keystone-dashboard-layout\\packages\\vue\\COMPARISON_ALTERNATIVES.md",
  "C:\\gwinnem\\keystone-dashboard-layout\\packages\\vue\\COMPARISON_COMMERCIAL.md",
  "C:\\gwinnem\\keystone-dashboard-layout\\packages\\vue\\COMPETITIVE_ROADMAP.md",
  "C:\\gwinnem\\keystone-dashboard-layout\\packages\\vue\\dev-shared\\tokens.css",
  "C:\\gwinnem\\keystone-dashboard-layout\\packages\\vue\\e2e\\advanced-features.spec.ts",
  "C:\\gwinnem\\keystone-dashboard-layout\\packages\\vue\\e2e\\basic-grid.spec.ts",
  "C:\\gwinnem\\keystone-dashboard-layout\\packages\\vue\\e2e\\drag-and-resize.spec.ts",
  "C:\\gwinnem\\keystone-dashboard-layout\\packages\\vue\\e2e\\dynamic-items.spec.ts",
  "C:\\gwinnem\\keystone-dashboard-layout\\packages\\vue\\e2e\\external-drop.spec.ts",
  "C:\\gwinnem\\keystone-dashboard-layout\\packages\\vue\\e2e\\helpers.ts",
  "C:\\gwinnem\\keystone-dashboard-layout\\packages\\vue\\e2e\\item-overrides.spec.ts",
  "C:\\gwinnem\\keystone-dashboard-layout\\packages\\vue\\e2e\\keyboard-accessibility.spec.ts",
  "C:\\gwinnem\\keystone-dashboard-layout\\packages\\vue\\e2e\\responsive.spec.ts",
  "C:\\gwinnem\\keystone-dashboard-layout\\packages\\vue\\e2e\\touch-input.spec.ts",
  "C:\\gwinnem\\keystone-dashboard-layout\\packages\\vue\\e2e\\visual-regression.spec.ts",
  "C:\\gwinnem\\keystone-dashboard-layout\\packages\\vue\\env.d.ts",
  "C:\\gwinnem\\keystone-dashboard-layout\\packages\\vue\\eslint.config.js",
  "C:\\gwinnem\\keystone-dashboard-layout\\packages\\vue\\FEATURES.md",
  "C:\\gwinnem\\keystone-dashboard-layout\\packages\\vue\\index.html",
  "C:\\gwinnem\\keystone-dashboard-layout\\packages\\vue\\INSTALL.md",
  "C:\\gwinnem\\keystone-dashboard-layout\\packages\\vue\\MANUAL_TEST_CHECKLIST.md",
  "C:\\gwinnem\\keystone-dashboard-layout\\packages\\vue\\MIGRATION.md",
  "C:\\gwinnem\\keystone-dashboard-layout\\packages\\vue\\package-lock.json.bak",
  "C:\\gwinnem\\keystone-dashboard-layout\\packages\\vue\\package.json",
  "C:\\gwinnem\\keystone-dashboard-layout\\packages\\vue\\playwright.config.ts",
  "C:\\gwinnem\\keystone-dashboard-layout\\packages\\vue\\PRODUCTION_READINESS.md",
  "C:\\gwinnem\\keystone-dashboard-layout\\packages\\vue\\README.md",
  "C:\\gwinnem\\keystone-dashboard-layout\\packages\\vue\\ROADMAP.md",
  "C:\\gwinnem\\keystone-dashboard-layout\\packages\\vue\\scripts\\check-bundle-size.js",
  "C:\\gwinnem\\keystone-dashboard-layout\\packages\\vue\\scripts\\check-package-install.js",
  "C:\\gwinnem\\keystone-dashboard-layout\\packages\\vue\\scripts\\generate-package.js",
  "C:\\gwinnem\\keystone-dashboard-layout\\packages\\vue\\src\\assets\\close.svg",
  "C:\\gwinnem\\keystone-dashboard-layout\\packages\\vue\\src\\assets\\resize.svg",
  "C:\\gwinnem\\keystone-dashboard-layout\\packages\\vue\\src\\components\\common\\CustomCloseButton.vue",
  "C:\\gwinnem\\keystone-dashboard-layout\\packages\\vue\\src\\components\\common\\CustomDragElement.vue",
  "C:\\gwinnem\\keystone-dashboard-layout\\packages\\vue\\src\\components\\Grid\\composables\\grid-item-composable-context.ts",
  "C:\\gwinnem\\keystone-dashboard-layout\\packages\\vue\\src\\components\\Grid\\composables\\useCrossGridDrag.ts",
  "C:\\gwinnem\\keystone-dashboard-layout\\packages\\vue\\src\\components\\Grid\\composables\\useGridItemDrag.ts",
  "C:\\gwinnem\\keystone-dashboard-layout\\packages\\vue\\src\\components\\Grid\\composables\\useGridItemKeyboard.ts",
  "C:\\gwinnem\\keystone-dashboard-layout\\packages\\vue\\src\\components\\Grid\\composables\\useGridItemResize.ts",
  "C:\\gwinnem\\keystone-dashboard-layout\\packages\\vue\\src\\components\\Grid\\composables\\useMultiSelect.ts",
  "C:\\gwinnem\\keystone-dashboard-layout\\packages\\vue\\src\\components\\Grid\\composables\\useOutsideDrop.ts",
  "C:\\gwinnem\\keystone-dashboard-layout\\packages\\vue\\src\\components\\Grid\\composables\\useResponsiveLayout.ts",
  "C:\\gwinnem\\keystone-dashboard-layout\\packages\\vue\\src\\components\\Grid\\composables\\useUndoRedo.ts",
  "C:\\gwinnem\\keystone-dashboard-layout\\packages\\vue\\src\\components\\Grid\\grid-item-props.interface.ts",
  "C:\\gwinnem\\keystone-dashboard-layout\\packages\\vue\\src\\components\\Grid\\grid-layout-props.interface.ts",
  "C:\\gwinnem\\keystone-dashboard-layout\\packages\\vue\\src\\components\\Grid\\GridItem.vue",
  "C:\\gwinnem\\keystone-dashboard-layout\\packages\\vue\\src\\components\\Grid\\GridLayout.vue",
  "C:\\gwinnem\\keystone-dashboard-layout\\packages\\vue\\src\\components\\index.ts",
  "C:\\gwinnem\\keystone-dashboard-layout\\packages\\vue\\src\\composables\\useLayoutPresets.ts",
  "C:\\gwinnem\\keystone-dashboard-layout\\packages\\vue\\src\\composables\\useLayoutStorage.ts",
  "C:\\gwinnem\\keystone-dashboard-layout\\packages\\vue\\src\\hooks\\useInstance.ts",
  "C:\\gwinnem\\keystone-dashboard-layout\\packages\\vue\\src\\styles\\index.scss",
  "C:\\gwinnem\\keystone-dashboard-layout\\packages\\vue\\src\\styles\\variables.scss",
  "C:\\gwinnem\\keystone-dashboard-layout\\packages\\vue\\src\\vite-env.d.ts",
  "C:\\gwinnem\\keystone-dashboard-layout\\packages\\vue\\stryker.conf.json",
  "C:\\gwinnem\\keystone-dashboard-layout\\packages\\vue\\SUPPORT.md",
  "C:\\gwinnem\\keystone-dashboard-layout\\packages\\vue\\test-results\\.last-run.json",
  "C:\\gwinnem\\keystone-dashboard-layout\\packages\\vue\\test-results\\item-overrides-Per-item-ov-2e319-ed-to-the-unbounded-default-chromium\\error-context.md",
  "C:\\gwinnem\\keystone-dashboard-layout\\packages\\vue\\test-results\\item-overrides-Per-item-ov-2e319-ed-to-the-unbounded-default-chromium\\test-failed-1.png",
  "C:\\gwinnem\\keystone-dashboard-layout\\packages\\vue\\test-results\\item-overrides-Per-item-ov-2e319-ed-to-the-unbounded-default-firefox\\error-context.md",
  "C:\\gwinnem\\keystone-dashboard-layout\\packages\\vue\\test-results\\item-overrides-Per-item-ov-2e319-ed-to-the-unbounded-default-firefox\\test-failed-1.png",
  "C:\\gwinnem\\keystone-dashboard-layout\\packages\\vue\\test-results\\item-overrides-Per-item-ov-2e319-ed-to-the-unbounded-default-webkit\\error-context.md",
  "C:\\gwinnem\\keystone-dashboard-layout\\packages\\vue\\test-results\\item-overrides-Per-item-ov-2e319-ed-to-the-unbounded-default-webkit\\test-failed-1.png",
  "C:\\gwinnem\\keystone-dashboard-layout\\packages\\vue\\tests\\coverage\\base.css",
  "C:\\gwinnem\\keystone-dashboard-layout\\packages\\vue\\tests\\coverage\\block-navigation.js",
  "C:\\gwinnem\\keystone-dashboard-layout\\packages\\vue\\tests\\coverage\\components\\common\\CustomCloseButton.vue.html",
  "C:\\gwinnem\\keystone-dashboard-layout\\packages\\vue\\tests\\coverage\\components\\common\\CustomDragElement.vue.html",
  "C:\\gwinnem\\keystone-dashboard-layout\\packages\\vue\\tests\\coverage\\components\\common\\index.html",
  "C:\\gwinnem\\keystone-dashboard-layout\\packages\\vue\\tests\\coverage\\components\\Grid\\composables\\index.html",
  "C:\\gwinnem\\keystone-dashboard-layout\\packages\\vue\\tests\\coverage\\components\\Grid\\composables\\useCrossGridDrag.ts.html",
  "C:\\gwinnem\\keystone-dashboard-layout\\packages\\vue\\tests\\coverage\\components\\Grid\\composables\\useGridItemDrag.ts.html",
  "C:\\gwinnem\\keystone-dashboard-layout\\packages\\vue\\tests\\coverage\\components\\Grid\\composables\\useGridItemKeyboard.ts.html",
  "C:\\gwinnem\\keystone-dashboard-layout\\packages\\vue\\tests\\coverage\\components\\Grid\\composables\\useGridItemResize.ts.html",
  "C:\\gwinnem\\keystone-dashboard-layout\\packages\\vue\\tests\\coverage\\components\\Grid\\composables\\useMultiSelect.ts.html",
  "C:\\gwinnem\\keystone-dashboard-layout\\packages\\vue\\tests\\coverage\\components\\Grid\\composables\\useOutsideDrop.ts.html",
  "C:\\gwinnem\\keystone-dashboard-layout\\packages\\vue\\tests\\coverage\\components\\Grid\\composables\\useResponsiveLayout.ts.html",
  "C:\\gwinnem\\keystone-dashboard-layout\\packages\\vue\\tests\\coverage\\components\\Grid\\composables\\useUndoRedo.ts.html",
  "C:\\gwinnem\\keystone-dashboard-layout\\packages\\vue\\tests\\coverage\\components\\Grid\\GridItem.vue.html",
  "C:\\gwinnem\\keystone-dashboard-layout\\packages\\vue\\tests\\coverage\\components\\Grid\\GridLayout.vue.html",
  "C:\\gwinnem\\keystone-dashboard-layout\\packages\\vue\\tests\\coverage\\components\\Grid\\index.html",
  "C:\\gwinnem\\keystone-dashboard-layout\\packages\\vue\\tests\\coverage\\composables\\index.html",
  "C:\\gwinnem\\keystone-dashboard-layout\\packages\\vue\\tests\\coverage\\composables\\useLayoutPresets.ts.html",
  "C:\\gwinnem\\keystone-dashboard-layout\\packages\\vue\\tests\\coverage\\composables\\useLayoutStorage.ts.html",
  "C:\\gwinnem\\keystone-dashboard-layout\\packages\\vue\\tests\\coverage\\coverage-final.json",
  "C:\\gwinnem\\keystone-dashboard-layout\\packages\\vue\\tests\\coverage\\favicon.png",
  "C:\\gwinnem\\keystone-dashboard-layout\\packages\\vue\\tests\\coverage\\hooks\\index.html",
  "C:\\gwinnem\\keystone-dashboard-layout\\packages\\vue\\tests\\coverage\\hooks\\useInstance.ts.html",
  "C:\\gwinnem\\keystone-dashboard-layout\\packages\\vue\\tests\\coverage\\index.html",
  "C:\\gwinnem\\keystone-dashboard-layout\\packages\\vue\\tests\\coverage\\prettify.css",
  "C:\\gwinnem\\keystone-dashboard-layout\\packages\\vue\\tests\\coverage\\prettify.js",
  "C:\\gwinnem\\keystone-dashboard-layout\\packages\\vue\\tests\\coverage\\sort-arrow-sprite.png",
  "C:\\gwinnem\\keystone-dashboard-layout\\packages\\vue\\tests\\coverage\\sorter.js",
  "C:\\gwinnem\\keystone-dashboard-layout\\packages\\vue\\tests\\CustomCloseButton.spec.ts",
  "C:\\gwinnem\\keystone-dashboard-layout\\packages\\vue\\tests\\CustomDragElement.spec.ts",
  "C:\\gwinnem\\keystone-dashboard-layout\\packages\\vue\\tests\\GridItem.autoSize.spec.ts",
  "C:\\gwinnem\\keystone-dashboard-layout\\packages\\vue\\tests\\GridItem.spec.ts",
  "C:\\gwinnem\\keystone-dashboard-layout\\packages\\vue\\tests\\GridLayout.crossGrid.spec.ts",
  "C:\\gwinnem\\keystone-dashboard-layout\\packages\\vue\\tests\\GridLayout.spec.ts",
  "C:\\gwinnem\\keystone-dashboard-layout\\packages\\vue\\tests\\helpers\\mountGrid.ts",
  "C:\\gwinnem\\keystone-dashboard-layout\\packages\\vue\\tests\\setup.ts",
  "C:\\gwinnem\\keystone-dashboard-layout\\packages\\vue\\tests\\testLayout.ts",
  "C:\\gwinnem\\keystone-dashboard-layout\\packages\\vue\\tests\\useLayoutPresets.spec.ts",
  "C:\\gwinnem\\keystone-dashboard-layout\\packages\\vue\\tests\\useLayoutStorage.spec.ts",
  "C:\\gwinnem\\keystone-dashboard-layout\\packages\\vue\\tsconfig.build-types-core.json",
  "C:\\gwinnem\\keystone-dashboard-layout\\packages\\vue\\tsconfig.build-types.json",
  "C:\\gwinnem\\keystone-dashboard-layout\\packages\\vue\\tsconfig.config.json",
  "C:\\gwinnem\\keystone-dashboard-layout\\packages\\vue\\tsconfig.json",
  "C:\\gwinnem\\keystone-dashboard-layout\\packages\\vue\\vite.analyze.config.js",
  "C:\\gwinnem\\keystone-dashboard-layout\\packages\\vue\\vite.config.js",
  "C:\\gwinnem\\keystone-dashboard-layout\\packages\\vue\\vite.core.config.js",
  "C:\\gwinnem\\keystone-dashboard-layout\\packages\\vue\\vitest.config.js"
]
15:25:50 (44804) DEBUG ProjectReader Files to mutate: [
  "C:\\gwinnem\\keystone-dashboard-layout\\packages\\vue\\src\\components\\Grid\\composables\\grid-item-composable-context.ts",
  "C:\\gwinnem\\keystone-dashboard-layout\\packages\\vue\\src\\components\\Grid\\composables\\useCrossGridDrag.ts",
  "C:\\gwinnem\\keystone-dashboard-layout\\packages\\vue\\src\\components\\Grid\\composables\\useGridItemDrag.ts",
  "C:\\gwinnem\\keystone-dashboard-layout\\packages\\vue\\src\\components\\Grid\\composables\\useGridItemKeyboard.ts",
  "C:\\gwinnem\\keystone-dashboard-layout\\packages\\vue\\src\\components\\Grid\\composables\\useGridItemResize.ts",
  "C:\\gwinnem\\keystone-dashboard-layout\\packages\\vue\\src\\components\\Grid\\composables\\useMultiSelect.ts",
  "C:\\gwinnem\\keystone-dashboard-layout\\packages\\vue\\src\\components\\Grid\\composables\\useOutsideDrop.ts",
  "C:\\gwinnem\\keystone-dashboard-layout\\packages\\vue\\src\\components\\Grid\\composables\\useResponsiveLayout.ts",
  "C:\\gwinnem\\keystone-dashboard-layout\\packages\\vue\\src\\components\\Grid\\composables\\useUndoRedo.ts",
  "C:\\gwinnem\\keystone-dashboard-layout\\packages\\vue\\src\\composables\\useLayoutPresets.ts",
  "C:\\gwinnem\\keystone-dashboard-layout\\packages\\vue\\src\\composables\\useLayoutStorage.ts",
  "C:\\gwinnem\\keystone-dashboard-layout\\packages\\vue\\src\\hooks\\useInstance.ts"
]
15:25:50 (44804) DEBUG TemporaryDirectory Using temp directory "C:\gwinnem\keystone-dashboard-layout\packages\vue\.stryker-tmp\sandbox-aPLsfT"
15:25:50 (44804) DEBUG Instrumenter Instrumenting 12 source files with mutants
15:25:50 (44804) DEBUG Instrumenter Instrumented src\components\Grid\composables\grid-item-composable-context.ts (0 mutant(s))
15:25:50 (44804) DEBUG Instrumenter Instrumented src\components\Grid\composables\useCrossGridDrag.ts (65 mutant(s))
15:25:50 (44804) DEBUG Instrumenter Instrumented src\components\Grid\composables\useGridItemDrag.ts (123 mutant(s))
15:25:50 (44804) DEBUG Instrumenter Instrumented src\components\Grid\composables\useGridItemKeyboard.ts (88 mutant(s))
15:25:50 (44804) DEBUG Instrumenter Instrumented src\components\Grid\composables\useGridItemResize.ts (389 mutant(s))
15:25:50 (44804) DEBUG Instrumenter Instrumented src\components\Grid\composables\useMultiSelect.ts (74 mutant(s))
15:25:50 (44804) DEBUG Instrumenter Instrumented src\components\Grid\composables\useOutsideDrop.ts (70 mutant(s))
15:25:50 (44804) DEBUG Instrumenter Instrumented src\components\Grid\composables\useResponsiveLayout.ts (22 mutant(s))
15:25:50 (44804) DEBUG Instrumenter Instrumented src\components\Grid\composables\useUndoRedo.ts (62 mutant(s))
15:25:50 (44804) DEBUG Instrumenter Instrumented src\composables\useLayoutPresets.ts (58 mutant(s))
15:25:50 (44804) DEBUG Instrumenter Instrumented src\composables\useLayoutStorage.ts (53 mutant(s))
15:25:50 (44804) DEBUG Instrumenter Instrumented src\hooks\useInstance.ts (2 mutant(s))
15:25:50 (44804) INFO Instrumenter Instrumented 12 source file(s) with 1006 mutant(s)
15:25:50 (44804) DEBUG TSConfigPreprocessor Rewriting file ProjectFile {
  fs: [FileSystem],
  name: 'C:\\gwinnem\\keystone-dashboard-layout\\packages\\vue\\tsconfig.json',
  mutate: false
}
15:25:51 (44804) INFO ConcurrencyTokenProvider Creating 15 test runner process(es).
15:25:51 (44804) DEBUG ChildProcessProxy Started CheckerWorker in worker process 0 with pid 15772 
15:25:51 (15772) DEBUG PluginLoader Loading plugin @stryker-mutator/vitest-runner
15:25:52 (15772) DEBUG PluginLoader Loading plugin file:///C:/gwinnem/keystone-dashboard-layout/node_modules/.pnpm/@stryker-mutator+instrumenter@9.6.1_supports-color@8.1.1/node_modules/@stryker-mutator/instrumenter/dist/src/frameworks/index.js
15:25:52 (15772) DEBUG PluginLoader Loading plugin file:///C:/gwinnem/keystone-dashboard-layout/node_modules/.pnpm/@stryker-mutator+core@9.6.1_911149adbd3acc9b701e5200d679170d/node_modules/@stryker-mutator/core/dist/src/reporters/index.js
15:25:52 (44804) DEBUG Sandbox Creating a sandbox for files in C:\gwinnem\keystone-dashboard-layout\packages\vue\.stryker-tmp\sandbox-aPLsfT
15:25:52 (44804) DEBUG Sandbox Start symlink node_modules
15:25:52 (44804) DEBUG Sandbox Create symlink from C:\gwinnem\keystone-dashboard-layout\packages\vue\node_modules to C:\gwinnem\keystone-dashboard-layout\packages\vue\.stryker-tmp\sandbox-aPLsfT\node_modules
15:25:52 (44804) DEBUG BroadcastReporter Broadcasting to reporters ["clear-text","progress","html"]
15:25:52 (44804) DEBUG ChildProcessProxy Started ChildProcessTestRunnerWorker in worker process 0 with pid 15104 
15:25:52 (44804) DEBUG ChildProcessProxy Started ChildProcessTestRunnerWorker in worker process 1 with pid 43368 
15:25:53 (43368) DEBUG PluginLoader Loading plugin @stryker-mutator/vitest-runner
15:25:53 (15104) DEBUG PluginLoader Loading plugin @stryker-mutator/vitest-runner
15:25:53 (43368) DEBUG PluginLoader Loading plugin file:///C:/gwinnem/keystone-dashboard-layout/node_modules/.pnpm/@stryker-mutator+instrumenter@9.6.1_supports-color@8.1.1/node_modules/@stryker-mutator/instrumenter/dist/src/frameworks/index.js
15:25:53 (43368) DEBUG PluginLoader Loading plugin file:///C:/gwinnem/keystone-dashboard-layout/node_modules/.pnpm/@stryker-mutator+core@9.6.1_911149adbd3acc9b701e5200d679170d/node_modules/@stryker-mutator/core/dist/src/reporters/index.js
15:25:53 (15104) DEBUG PluginLoader Loading plugin file:///C:/gwinnem/keystone-dashboard-layout/node_modules/.pnpm/@stryker-mutator+instrumenter@9.6.1_supports-color@8.1.1/node_modules/@stryker-mutator/instrumenter/dist/src/frameworks/index.js
15:25:53 (15104) DEBUG PluginLoader Loading plugin file:///C:/gwinnem/keystone-dashboard-layout/node_modules/.pnpm/@stryker-mutator+core@9.6.1_911149adbd3acc9b701e5200d679170d/node_modules/@stryker-mutator/core/dist/src/reporters/index.js
15:25:53 (43368) DEBUG ChildProcessProxyWorker Changing current working directory for this process to C:\gwinnem\keystone-dashboard-layout\packages\vue\.stryker-tmp\sandbox-aPLsfT
15:25:53 (15104) DEBUG ChildProcessProxyWorker Changing current working directory for this process to C:\gwinnem\keystone-dashboard-layout\packages\vue\.stryker-tmp\sandbox-aPLsfT
15:25:54 (44804) TRACE ChildProcessProxy  DEPRECATED  `test.poolOptions` was removed in Vitest 4. All previous `poolOptions` are now top-level options. Please, refer to the migration guide: https://vitest.dev/guide/migration#pool-rework

15:25:54 (44804) TRACE ChildProcessProxy  DEPRECATED  `test.poolOptions` was removed in Vitest 4. All previous `poolOptions` are now top-level options. Please, refer to the migration guide: https://vitest.dev/guide/migration#pool-rework

15:25:54 (43368) DEBUG VitestTestRunner vitest final config: {
  "allowOnly": true,
  "isolate": true,
  "watch": false,
  "globals": true,
  "environment": "jsdom",
  "clearMocks": false,
  "restoreMocks": false,
  "mockReset": false,
  "unstubGlobals": false,
  "unstubEnvs": false,
  "include": [
    "tests/*.spec.ts",
    "tests/unit/*.spec.ts"
  ],
  "exclude": [
    "**/node_modules/**",
    "**/.git/**"
  ],
  "teardownTimeout": 10000,
  "forceRerunTriggers": [
    "**/package.json/**",
    "**/{vitest,vite}.config.*/**",
    "C:/gwinnem/keystone-dashboard-layout/packages/vue/.stryker-tmp/sandbox-aPLsfT/tests/setup.ts"
  ],
  "update": false,
  "reporters": [
    [
      "default",
      {}
    ]
  ],
  "silent": false,
  "hideSkippedTests": false,
  "api": {
    "middlewareMode": true,
    "allowWrite": true,
    "allowExec": true,
    "token": "c95bd9eb-699e-45bc-8b17-60e5fdc569dd"
  },
  "ui": false,
  "uiBase": "/__vitest__/",
  "open": true,
  "css": {
    "include": [],
    "modules": {
      "classNameStrategy": "stable"
    }
  },
  "coverage": {
    "provider": "v8",
    "enabled": false,
    "clean": true,
    "cleanOnRerun": true,
    "reportsDirectory": "./tests/coverage",
    "exclude": [
      "src/vite-env.d.ts",
      "src/components/Grid/grid-layout-props.interface.ts",
      "src/components/Grid/grid-item-props.interface.ts",
      "src/components/Grid/composables/grid-item-composable-context.ts",
      "src/components/index.ts",
      "tests/setup.ts",
      "tests/*.spec.ts",
      "tests/unit/*.spec.ts",
      "C:/gwinnem/keystone-dashboard-layout/packages/vue/.stryker-tmp/sandbox-aPLsfT/vitest.config.js",
      "vitest.config.ts",
      "vitest.config.mts",
      "vitest.config.cts",
      "vitest.config.js",
      "vitest.config.mjs",
      "vitest.config.cjs",
      "vite.config.ts",
      "vite.config.mts",
      "vite.config.cts",
      "vite.config.js",
      "vite.config.mjs",
      "vite.config.cjs",
      "**/virtual:*",
      "**/__x00__*",
      "**/node_modules/**"
    ],
    "reportOnFailure": false,
    "reporter": [
      [
        "text",
        {}
      ],
      [
        "json",
        {}
      ],
      [
        "html",
        {}
      ]
    ],
    "allowExternal": false,
    "excludeAfterRemap": false,
    "processingConcurrency": 16,
    "ignoreClassMethods": [],
    "skipFull": false,
    "watermarks": {
      "statements": [
        50,
        80
      ],
      "functions": [
        50,
        80
      ],
      "branches": [
        50,
        80
      ],
      "lines": [
        50,
        80
      ]
    },
    "include": [
      "src/**/*.{ts,vue}"
    ],
    "thresholds": {
      "lines": 90,
      "functions": 90,
      "branches": 90,
      "statements": 90
    }
  },
  "fakeTimers": {
    "loopLimit": 10000,
    "shouldClearNativeTimers": true
  },
  "maxConcurrency": 1,
  "dangerouslyIgnoreUnhandledErrors": false,
  "typecheck": {
    "checker": "tsc",
    "include": [
      "**/*.{test,spec}-d.?(c|m)[jt]s?(x)"
    ],
    "exclude": [
      "**/node_modules/**",
      "**/.git/**"
    ],
    "enabled": false
  },
  "slowTestThreshold": 300,
  "disableConsoleIntercept": false,
  "detectAsyncLeaks": false,
  "setupFiles": [
    "C:\\gwinnem\\keystone-dashboard-layout\\packages\\vue\\.stryker-tmp\\sandbox-aPLsfT\\stryker-setup-1.js",
    "C:/gwinnem/keystone-dashboard-layout/packages/vue/.stryker-tmp/sandbox-aPLsfT/tests/setup.ts"
  ],
  "deps": {
    "moduleDirectories": [
      "/node_modules/"
    ],
    "optimizer": {
      "ssr": {
        "enabled": false
      },
      "client": {
        "enabled": false
      }
    },
    "web": {
      "transformAssets": true,
      "transformCss": true,
      "transformGlobPattern": []
    }
  },
  "server": {
    "deps": {}
  },
  "config": "C:\\gwinnem\\keystone-dashboard-layout\\packages\\vue\\.stryker-tmp\\sandbox-aPLsfT\\vitest.config.js",
  "threads": true,
  "pool": "threads",
  "poolOptions": {
    "threads": {
      "maxThreads": 1,
      "minThreads": 1
    }
  },
  "maxWorkers": 1,
  "singleThread": false,
  "bail": 1,
  "defines": {},
  "viteDefine": {},
  "root": "C:/gwinnem/keystone-dashboard-layout/packages/vue/.stryker-tmp/sandbox-aPLsfT",
  "mode": "test",
  "project": [],
  "provide": {},
  "tags": [],
  "name": "",
  "inspector": {
    "enabled": false,
    "waitForDebugger": false
  },
  "clearScreen": true,
  "browser": {
    "enabled": false,
    "headless": false,
    "isolate": true,
    "fileParallelism": true,
    "ui": true,
    "commands": {},
    "detailsPanelPosition": "right",
    "viewport": {
      "width": 414,
      "height": 896
    },
    "locators": {
      "testIdAttribute": "data-testid",
      "exact": false
    },
    "screenshotFailures": false,
    "api": {
      "port": 63315,
      "allowWrite": true,
      "allowExec": true
    },
    "trace": {
      "mode": "off"
    }
  },
  "expect": {},
  "globalSetup": [],
  "attachmentsDir": "C:/gwinnem/keystone-dashboard-layout/packages/vue/.stryker-tmp/sandbox-aPLsfT/.vitest-attachments",
  "snapshotOptions": {
    "expand": false,
    "snapshotFormat": {},
    "updateSnapshot": "new",
    "snapshotEnvironment": null
  },
  "snapshotSerializers": [],
  "execArgv": [],
  "cache": {
    "dir": "C:/gwinnem/keystone-dashboard-layout/packages/vue/.stryker-tmp/sandbox-aPLsfT/node_modules/.vite/vitest/da39a3ee5e6b4b0d3255bfef95601890afd80709"
  },
  "sequence": {
    "groupOrder": 0,
    "hooks": "stack"
  },
  "testTimeout": 5000,
  "hookTimeout": 10000,
  "experimental": {
    "importDurations": {
      "print": false,
      "failOnDanger": false,
      "limit": 0,
      "thresholds": {
        "warn": 100,
        "danger": 500
      }
    }
  }
}
15:25:54 (44804) INFO DryRunExecutor Starting initial test run (vitest test runner with "perTest" coverage analysis). This may take a while.
15:25:54 (44804) DEBUG DryRunExecutor Using timeout of 300000 ms.
15:25:54 (44804) DEBUG TimeoutDecorator Starting timeout timer (300000 ms) for a test run
15:25:54 (44804) DEBUG ChildProcessProxy Started ChildProcessTestRunnerWorker in worker process 2 with pid 64968 
15:25:54 (44804) TRACE ChildProcessProxy 

15:25:54 (44804) TRACE ChildProcessProxy  RUN  v4.1.10 C:/gwinnem/keystone-dashboard-layout/packages/vue/.stryker-tmp/sandbox-aPLsfT

15:25:54 (44804) TRACE ChildProcessProxy 

15:25:54 (15104) DEBUG VitestTestRunner vitest final config: {
  "allowOnly": true,
  "isolate": true,
  "watch": false,
  "globals": true,
  "environment": "jsdom",
  "clearMocks": false,
  "restoreMocks": false,
  "mockReset": false,
  "unstubGlobals": false,
  "unstubEnvs": false,
  "include": [
    "tests/*.spec.ts",
    "tests/unit/*.spec.ts"
  ],
  "exclude": [
    "**/node_modules/**",
    "**/.git/**"
  ],
  "teardownTimeout": 10000,
  "forceRerunTriggers": [
    "**/package.json/**",
    "**/{vitest,vite}.config.*/**",
    "C:/gwinnem/keystone-dashboard-layout/packages/vue/.stryker-tmp/sandbox-aPLsfT/tests/setup.ts"
  ],
  "update": false,
  "reporters": [
    [
      "default",
      {}
    ]
  ],
  "silent": false,
  "hideSkippedTests": false,
  "api": {
    "middlewareMode": true,
    "allowWrite": true,
    "allowExec": true,
    "token": "b4c09a1e-280c-402a-9139-7bd406a83052"
  },
  "ui": false,
  "uiBase": "/__vitest__/",
  "open": true,
  "css": {
    "include": [],
    "modules": {
      "classNameStrategy": "stable"
    }
  },
  "coverage": {
    "provider": "v8",
    "enabled": false,
    "clean": true,
    "cleanOnRerun": true,
    "reportsDirectory": "./tests/coverage",
    "exclude": [
      "src/vite-env.d.ts",
      "src/components/Grid/grid-layout-props.interface.ts",
      "src/components/Grid/grid-item-props.interface.ts",
      "src/components/Grid/composables/grid-item-composable-context.ts",
      "src/components/index.ts",
      "tests/setup.ts",
      "tests/*.spec.ts",
      "tests/unit/*.spec.ts",
      "C:/gwinnem/keystone-dashboard-layout/packages/vue/.stryker-tmp/sandbox-aPLsfT/vitest.config.js",
      "vitest.config.ts",
      "vitest.config.mts",
      "vitest.config.cts",
      "vitest.config.js",
      "vitest.config.mjs",
      "vitest.config.cjs",
      "vite.config.ts",
      "vite.config.mts",
      "vite.config.cts",
      "vite.config.js",
      "vite.config.mjs",
      "vite.config.cjs",
      "**/virtual:*",
      "**/__x00__*",
      "**/node_modules/**"
    ],
    "reportOnFailure": false,
    "reporter": [
      [
        "text",
        {}
      ],
      [
        "json",
        {}
      ],
      [
        "html",
        {}
      ]
    ],
    "allowExternal": false,
    "excludeAfterRemap": false,
    "processingConcurrency": 16,
    "ignoreClassMethods": [],
    "skipFull": false,
    "watermarks": {
      "statements": [
        50,
        80
      ],
      "functions": [
        50,
        80
      ],
      "branches": [
        50,
        80
      ],
      "lines": [
        50,
        80
      ]
    },
    "include": [
      "src/**/*.{ts,vue}"
    ],
    "thresholds": {
      "lines": 90,
      "functions": 90,
      "branches": 90,
      "statements": 90
    }
  },
  "fakeTimers": {
    "loopLimit": 10000,
    "shouldClearNativeTimers": true
  },
  "maxConcurrency": 1,
  "dangerouslyIgnoreUnhandledErrors": false,
  "typecheck": {
    "checker": "tsc",
    "include": [
      "**/*.{test,spec}-d.?(c|m)[jt]s?(x)"
    ],
    "exclude": [
      "**/node_modules/**",
      "**/.git/**"
    ],
    "enabled": false
  },
  "slowTestThreshold": 300,
  "disableConsoleIntercept": false,
  "detectAsyncLeaks": false,
  "setupFiles": [
    "C:\\gwinnem\\keystone-dashboard-layout\\packages\\vue\\.stryker-tmp\\sandbox-aPLsfT\\stryker-setup-0.js",
    "C:/gwinnem/keystone-dashboard-layout/packages/vue/.stryker-tmp/sandbox-aPLsfT/tests/setup.ts"
  ],
  "deps": {
    "moduleDirectories": [
      "/node_modules/"
    ],
    "optimizer": {
      "ssr": {
        "enabled": false
      },
      "client": {
        "enabled": false
      }
    },
    "web": {
      "transformAssets": true,
      "transformCss": true,
      "transformGlobPattern": []
    }
  },
  "server": {
    "deps": {}
  },
  "config": "C:\\gwinnem\\keystone-dashboard-layout\\packages\\vue\\.stryker-tmp\\sandbox-aPLsfT\\vitest.config.js",
  "threads": true,
  "pool": "threads",
  "poolOptions": {
    "threads": {
      "maxThreads": 1,
      "minThreads": 1
    }
  },
  "maxWorkers": 1,
  "singleThread": false,
  "bail": 1,
  "defines": {},
  "viteDefine": {},
  "root": "C:/gwinnem/keystone-dashboard-layout/packages/vue/.stryker-tmp/sandbox-aPLsfT",
  "mode": "test",
  "project": [],
  "provide": {},
  "tags": [],
  "name": "",
  "inspector": {
    "enabled": false,
    "waitForDebugger": false
  },
  "clearScreen": true,
  "browser": {
    "enabled": false,
    "headless": false,
    "isolate": true,
    "fileParallelism": true,
    "ui": true,
    "commands": {},
    "detailsPanelPosition": "right",
    "viewport": {
      "width": 414,
      "height": 896
    },
    "locators": {
      "testIdAttribute": "data-testid",
      "exact": false
    },
    "screenshotFailures": false,
    "api": {
      "port": 63315,
      "allowWrite": true,
      "allowExec": true
    },
    "trace": {
      "mode": "off"
    }
  },
  "expect": {},
  "globalSetup": [],
  "attachmentsDir": "C:/gwinnem/keystone-dashboard-layout/packages/vue/.stryker-tmp/sandbox-aPLsfT/.vitest-attachments",
  "snapshotOptions": {
    "expand": false,
    "snapshotFormat": {},
    "updateSnapshot": "new",
    "snapshotEnvironment": null
  },
  "snapshotSerializers": [],
  "execArgv": [],
  "cache": {
    "dir": "C:/gwinnem/keystone-dashboard-layout/packages/vue/.stryker-tmp/sandbox-aPLsfT/node_modules/.vite/vitest/da39a3ee5e6b4b0d3255bfef95601890afd80709"
  },
  "sequence": {
    "groupOrder": 0,
    "hooks": "stack"
  },
  "testTimeout": 5000,
  "hookTimeout": 10000,
  "experimental": {
    "importDurations": {
      "print": false,
      "failOnDanger": false,
      "limit": 0,
      "thresholds": {
        "warn": 100,
        "danger": 500
      }
    }
  }
}
15:25:54 (44804) DEBUG ChildProcessProxy Started ChildProcessTestRunnerWorker in worker process 3 with pid 38360 
15:25:54 (64968) DEBUG PluginLoader Loading plugin @stryker-mutator/vitest-runner
15:25:55 (38360) DEBUG PluginLoader Loading plugin @stryker-mutator/vitest-runner
15:25:55 (44804) DEBUG ChildProcessProxy Disposing of worker process 43368
15:25:55 (44804) DEBUG ChildProcessProxy Kill 43368
15:25:55 (64968) DEBUG PluginLoader Loading plugin file:///C:/gwinnem/keystone-dashboard-layout/node_modules/.pnpm/@stryker-mutator+instrumenter@9.6.1_supports-color@8.1.1/node_modules/@stryker-mutator/instrumenter/dist/src/frameworks/index.js
15:25:55 (64968) DEBUG PluginLoader Loading plugin file:///C:/gwinnem/keystone-dashboard-layout/node_modules/.pnpm/@stryker-mutator+core@9.6.1_911149adbd3acc9b701e5200d679170d/node_modules/@stryker-mutator/core/dist/src/reporters/index.js
15:25:55 (38360) DEBUG PluginLoader Loading plugin file:///C:/gwinnem/keystone-dashboard-layout/node_modules/.pnpm/@stryker-mutator+instrumenter@9.6.1_supports-color@8.1.1/node_modules/@stryker-mutator/instrumenter/dist/src/frameworks/index.js
15:25:55 (38360) DEBUG PluginLoader Loading plugin file:///C:/gwinnem/keystone-dashboard-layout/node_modules/.pnpm/@stryker-mutator+core@9.6.1_911149adbd3acc9b701e5200d679170d/node_modules/@stryker-mutator/core/dist/src/reporters/index.js
15:25:55 (64968) DEBUG ChildProcessProxyWorker Changing current working directory for this process to C:\gwinnem\keystone-dashboard-layout\packages\vue\.stryker-tmp\sandbox-aPLsfT
15:25:55 (38360) DEBUG ChildProcessProxyWorker Changing current working directory for this process to C:\gwinnem\keystone-dashboard-layout\packages\vue\.stryker-tmp\sandbox-aPLsfT
15:25:55 (44804) DEBUG ChildProcessProxy Started ChildProcessTestRunnerWorker in worker process 4 with pid 64408 
15:25:55 (44804) TRACE ChildProcessProxy  DEPRECATED  `test.poolOptions` was removed in Vitest 4. All previous `poolOptions` are now top-level options. Please, refer to the migration guide: https://vitest.dev/guide/migration#pool-rework

15:25:56 (44804) TRACE ChildProcessProxy  DEPRECATED  `test.poolOptions` was removed in Vitest 4. All previous `poolOptions` are now top-level options. Please, refer to the migration guide: https://vitest.dev/guide/migration#pool-rework

15:25:56 (64968) DEBUG VitestTestRunner vitest final config: {
  "allowOnly": true,
  "isolate": true,
  "watch": false,
  "globals": true,
  "environment": "jsdom",
  "clearMocks": false,
  "restoreMocks": false,
  "mockReset": false,
  "unstubGlobals": false,
  "unstubEnvs": false,
  "include": [
    "tests/*.spec.ts",
    "tests/unit/*.spec.ts"
  ],
  "exclude": [
    "**/node_modules/**",
    "**/.git/**"
  ],
  "teardownTimeout": 10000,
  "forceRerunTriggers": [
    "**/package.json/**",
    "**/{vitest,vite}.config.*/**",
    "C:/gwinnem/keystone-dashboard-layout/packages/vue/.stryker-tmp/sandbox-aPLsfT/tests/setup.ts"
  ],
  "update": false,
  "reporters": [
    [
      "default",
      {}
    ]
  ],
  "silent": false,
  "hideSkippedTests": false,
  "api": {
    "middlewareMode": true,
    "allowWrite": true,
    "allowExec": true,
    "token": "acf4ab94-d161-4833-9fff-d0618be01b51"
  },
  "ui": false,
  "uiBase": "/__vitest__/",
  "open": true,
  "css": {
    "include": [],
    "modules": {
      "classNameStrategy": "stable"
    }
  },
  "coverage": {
    "provider": "v8",
    "enabled": false,
    "clean": true,
    "cleanOnRerun": true,
    "reportsDirectory": "./tests/coverage",
    "exclude": [
      "src/vite-env.d.ts",
      "src/components/Grid/grid-layout-props.interface.ts",
      "src/components/Grid/grid-item-props.interface.ts",
      "src/components/Grid/composables/grid-item-composable-context.ts",
      "src/components/index.ts",
      "tests/setup.ts",
      "tests/*.spec.ts",
      "tests/unit/*.spec.ts",
      "C:/gwinnem/keystone-dashboard-layout/packages/vue/.stryker-tmp/sandbox-aPLsfT/vitest.config.js",
      "vitest.config.ts",
      "vitest.config.mts",
      "vitest.config.cts",
      "vitest.config.js",
      "vitest.config.mjs",
      "vitest.config.cjs",
      "vite.config.ts",
      "vite.config.mts",
      "vite.config.cts",
      "vite.config.js",
      "vite.config.mjs",
      "vite.config.cjs",
      "**/virtual:*",
      "**/__x00__*",
      "**/node_modules/**"
    ],
    "reportOnFailure": false,
    "reporter": [
      [
        "text",
        {}
      ],
      [
        "json",
        {}
      ],
      [
        "html",
        {}
      ]
    ],
    "allowExternal": false,
    "excludeAfterRemap": false,
    "processingConcurrency": 16,
    "ignoreClassMethods": [],
    "skipFull": false,
    "watermarks": {
      "statements": [
        50,
        80
      ],
      "functions": [
        50,
        80
      ],
      "branches": [
        50,
        80
      ],
      "lines": [
        50,
        80
      ]
    },
    "include": [
      "src/**/*.{ts,vue}"
    ],
    "thresholds": {
      "lines": 90,
      "functions": 90,
      "branches": 90,
      "statements": 90
    }
  },
  "fakeTimers": {
    "loopLimit": 10000,
    "shouldClearNativeTimers": true
  },
  "maxConcurrency": 1,
  "dangerouslyIgnoreUnhandledErrors": false,
  "typecheck": {
    "checker": "tsc",
    "include": [
      "**/*.{test,spec}-d.?(c|m)[jt]s?(x)"
    ],
    "exclude": [
      "**/node_modules/**",
      "**/.git/**"
    ],
    "enabled": false
  },
  "slowTestThreshold": 300,
  "disableConsoleIntercept": false,
  "detectAsyncLeaks": false,
  "setupFiles": [
    "C:\\gwinnem\\keystone-dashboard-layout\\packages\\vue\\.stryker-tmp\\sandbox-aPLsfT\\stryker-setup-2.js",
    "C:/gwinnem/keystone-dashboard-layout/packages/vue/.stryker-tmp/sandbox-aPLsfT/tests/setup.ts"
  ],
  "deps": {
    "moduleDirectories": [
      "/node_modules/"
    ],
    "optimizer": {
      "ssr": {
        "enabled": false
      },
      "client": {
        "enabled": false
      }
    },
    "web": {
      "transformAssets": true,
      "transformCss": true,
      "transformGlobPattern": []
    }
  },
  "server": {
    "deps": {}
  },
  "config": "C:\\gwinnem\\keystone-dashboard-layout\\packages\\vue\\.stryker-tmp\\sandbox-aPLsfT\\vitest.config.js",
  "threads": true,
  "pool": "threads",
  "poolOptions": {
    "threads": {
      "maxThreads": 1,
      "minThreads": 1
    }
  },
  "maxWorkers": 1,
  "singleThread": false,
  "bail": 1,
  "defines": {},
  "viteDefine": {},
  "root": "C:/gwinnem/keystone-dashboard-layout/packages/vue/.stryker-tmp/sandbox-aPLsfT",
  "mode": "test",
  "project": [],
  "provide": {},
  "tags": [],
  "name": "",
  "inspector": {
    "enabled": false,
    "waitForDebugger": false
  },
  "clearScreen": true,
  "browser": {
    "enabled": false,
    "headless": false,
    "isolate": true,
    "fileParallelism": true,
    "ui": true,
    "commands": {},
    "detailsPanelPosition": "right",
    "viewport": {
      "width": 414,
      "height": 896
    },
    "locators": {
      "testIdAttribute": "data-testid",
      "exact": false
    },
    "screenshotFailures": false,
    "api": {
      "port": 63315,
      "allowWrite": true,
      "allowExec": true
    },
    "trace": {
      "mode": "off"
    }
  },
  "expect": {},
  "globalSetup": [],
  "attachmentsDir": "C:/gwinnem/keystone-dashboard-layout/packages/vue/.stryker-tmp/sandbox-aPLsfT/.vitest-attachments",
  "snapshotOptions": {
    "expand": false,
    "snapshotFormat": {},
    "updateSnapshot": "new",
    "snapshotEnvironment": null
  },
  "snapshotSerializers": [],
  "execArgv": [],
  "cache": {
    "dir": "C:/gwinnem/keystone-dashboard-layout/packages/vue/.stryker-tmp/sandbox-aPLsfT/node_modules/.vite/vitest/da39a3ee5e6b4b0d3255bfef95601890afd80709"
  },
  "sequence": {
    "groupOrder": 0,
    "hooks": "stack"
  },
  "testTimeout": 5000,
  "hookTimeout": 10000,
  "experimental": {
    "importDurations": {
      "print": false,
      "failOnDanger": false,
      "limit": 0,
      "thresholds": {
        "warn": 100,
        "danger": 500
      }
    }
  }
}
15:25:56 (44804) DEBUG ChildProcessProxy Started ChildProcessTestRunnerWorker in worker process 5 with pid 37340 
15:25:56 (38360) DEBUG VitestTestRunner vitest final config: {
  "allowOnly": true,
  "isolate": true,
  "watch": false,
  "globals": true,
  "environment": "jsdom",
  "clearMocks": false,
  "restoreMocks": false,
  "mockReset": false,
  "unstubGlobals": false,
  "unstubEnvs": false,
  "include": [
    "tests/*.spec.ts",
    "tests/unit/*.spec.ts"
  ],
  "exclude": [
    "**/node_modules/**",
    "**/.git/**"
  ],
  "teardownTimeout": 10000,
  "forceRerunTriggers": [
    "**/package.json/**",
    "**/{vitest,vite}.config.*/**",
    "C:/gwinnem/keystone-dashboard-layout/packages/vue/.stryker-tmp/sandbox-aPLsfT/tests/setup.ts"
  ],
  "update": false,
  "reporters": [
    [
      "default",
      {}
    ]
  ],
  "silent": false,
  "hideSkippedTests": false,
  "api": {
    "middlewareMode": true,
    "allowWrite": true,
    "allowExec": true,
    "token": "711a7e5e-58ef-4d96-82f5-0ffdf7196605"
  },
  "ui": false,
  "uiBase": "/__vitest__/",
  "open": true,
  "css": {
    "include": [],
    "modules": {
      "classNameStrategy": "stable"
    }
  },
  "coverage": {
    "provider": "v8",
    "enabled": false,
    "clean": true,
    "cleanOnRerun": true,
    "reportsDirectory": "./tests/coverage",
    "exclude": [
      "src/vite-env.d.ts",
      "src/components/Grid/grid-layout-props.interface.ts",
      "src/components/Grid/grid-item-props.interface.ts",
      "src/components/Grid/composables/grid-item-composable-context.ts",
      "src/components/index.ts",
      "tests/setup.ts",
      "tests/*.spec.ts",
      "tests/unit/*.spec.ts",
      "C:/gwinnem/keystone-dashboard-layout/packages/vue/.stryker-tmp/sandbox-aPLsfT/vitest.config.js",
      "vitest.config.ts",
      "vitest.config.mts",
      "vitest.config.cts",
      "vitest.config.js",
      "vitest.config.mjs",
      "vitest.config.cjs",
      "vite.config.ts",
      "vite.config.mts",
      "vite.config.cts",
      "vite.config.js",
      "vite.config.mjs",
      "vite.config.cjs",
      "**/virtual:*",
      "**/__x00__*",
      "**/node_modules/**"
    ],
    "reportOnFailure": false,
    "reporter": [
      [
        "text",
        {}
      ],
      [
        "json",
        {}
      ],
      [
        "html",
        {}
      ]
    ],
    "allowExternal": false,
    "excludeAfterRemap": false,
    "processingConcurrency": 16,
    "ignoreClassMethods": [],
    "skipFull": false,
    "watermarks": {
      "statements": [
        50,
        80
      ],
      "functions": [
        50,
        80
      ],
      "branches": [
        50,
        80
      ],
      "lines": [
        50,
        80
      ]
    },
    "include": [
      "src/**/*.{ts,vue}"
    ],
    "thresholds": {
      "lines": 90,
      "functions": 90,
      "branches": 90,
      "statements": 90
    }
  },
  "fakeTimers": {
    "loopLimit": 10000,
    "shouldClearNativeTimers": true
  },
  "maxConcurrency": 1,
  "dangerouslyIgnoreUnhandledErrors": false,
  "typecheck": {
    "checker": "tsc",
    "include": [
      "**/*.{test,spec}-d.?(c|m)[jt]s?(x)"
    ],
    "exclude": [
      "**/node_modules/**",
      "**/.git/**"
    ],
    "enabled": false
  },
  "slowTestThreshold": 300,
  "disableConsoleIntercept": false,
  "detectAsyncLeaks": false,
  "setupFiles": [
    "C:\\gwinnem\\keystone-dashboard-layout\\packages\\vue\\.stryker-tmp\\sandbox-aPLsfT\\stryker-setup-3.js",
    "C:/gwinnem/keystone-dashboard-layout/packages/vue/.stryker-tmp/sandbox-aPLsfT/tests/setup.ts"
  ],
  "deps": {
    "moduleDirectories": [
      "/node_modules/"
    ],
    "optimizer": {
      "ssr": {
        "enabled": false
      },
      "client": {
        "enabled": false
      }
    },
    "web": {
      "transformAssets": true,
      "transformCss": true,
      "transformGlobPattern": []
    }
  },
  "server": {
    "deps": {}
  },
  "config": "C:\\gwinnem\\keystone-dashboard-layout\\packages\\vue\\.stryker-tmp\\sandbox-aPLsfT\\vitest.config.js",
  "threads": true,
  "pool": "threads",
  "poolOptions": {
    "threads": {
      "maxThreads": 1,
      "minThreads": 1
    }
  },
  "maxWorkers": 1,
  "singleThread": false,
  "bail": 1,
  "defines": {},
  "viteDefine": {},
  "root": "C:/gwinnem/keystone-dashboard-layout/packages/vue/.stryker-tmp/sandbox-aPLsfT",
  "mode": "test",
  "project": [],
  "provide": {},
  "tags": [],
  "name": "",
  "inspector": {
    "enabled": false,
    "waitForDebugger": false
  },
  "clearScreen": true,
  "browser": {
    "enabled": false,
    "headless": false,
    "isolate": true,
    "fileParallelism": true,
    "ui": true,
    "commands": {},
    "detailsPanelPosition": "right",
    "viewport": {
      "width": 414,
      "height": 896
    },
    "locators": {
      "testIdAttribute": "data-testid",
      "exact": false
    },
    "screenshotFailures": false,
    "api": {
      "port": 63315,
      "allowWrite": true,
      "allowExec": true
    },
    "trace": {
      "mode": "off"
    }
  },
  "expect": {},
  "globalSetup": [],
  "attachmentsDir": "C:/gwinnem/keystone-dashboard-layout/packages/vue/.stryker-tmp/sandbox-aPLsfT/.vitest-attachments",
  "snapshotOptions": {
    "expand": false,
    "snapshotFormat": {},
    "updateSnapshot": "new",
    "snapshotEnvironment": null
  },
  "snapshotSerializers": [],
  "execArgv": [],
  "cache": {
    "dir": "C:/gwinnem/keystone-dashboard-layout/packages/vue/.stryker-tmp/sandbox-aPLsfT/node_modules/.vite/vitest/da39a3ee5e6b4b0d3255bfef95601890afd80709"
  },
  "sequence": {
    "groupOrder": 0,
    "hooks": "stack"
  },
  "testTimeout": 5000,
  "hookTimeout": 10000,
  "experimental": {
    "importDurations": {
      "print": false,
      "failOnDanger": false,
      "limit": 0,
      "thresholds": {
        "warn": 100,
        "danger": 500
      }
    }
  }
}
15:25:56 (44804) DEBUG ChildProcessProxy Started ChildProcessTestRunnerWorker in worker process 6 with pid 64264 
15:25:56 (64408) DEBUG PluginLoader Loading plugin @stryker-mutator/vitest-runner
15:25:56 (37340) DEBUG PluginLoader Loading plugin @stryker-mutator/vitest-runner
15:25:56 (64264) DEBUG PluginLoader Loading plugin @stryker-mutator/vitest-runner
15:25:56 (64408) DEBUG PluginLoader Loading plugin file:///C:/gwinnem/keystone-dashboard-layout/node_modules/.pnpm/@stryker-mutator+instrumenter@9.6.1_supports-color@8.1.1/node_modules/@stryker-mutator/instrumenter/dist/src/frameworks/index.js
15:25:56 (64408) DEBUG PluginLoader Loading plugin file:///C:/gwinnem/keystone-dashboard-layout/node_modules/.pnpm/@stryker-mutator+core@9.6.1_911149adbd3acc9b701e5200d679170d/node_modules/@stryker-mutator/core/dist/src/reporters/index.js
15:25:57 (37340) DEBUG PluginLoader Loading plugin file:///C:/gwinnem/keystone-dashboard-layout/node_modules/.pnpm/@stryker-mutator+instrumenter@9.6.1_supports-color@8.1.1/node_modules/@stryker-mutator/instrumenter/dist/src/frameworks/index.js
15:25:57 (37340) DEBUG PluginLoader Loading plugin file:///C:/gwinnem/keystone-dashboard-layout/node_modules/.pnpm/@stryker-mutator+core@9.6.1_911149adbd3acc9b701e5200d679170d/node_modules/@stryker-mutator/core/dist/src/reporters/index.js
15:25:57 (64264) DEBUG PluginLoader Loading plugin file:///C:/gwinnem/keystone-dashboard-layout/node_modules/.pnpm/@stryker-mutator+instrumenter@9.6.1_supports-color@8.1.1/node_modules/@stryker-mutator/instrumenter/dist/src/frameworks/index.js
15:25:57 (64408) DEBUG ChildProcessProxyWorker Changing current working directory for this process to C:\gwinnem\keystone-dashboard-layout\packages\vue\.stryker-tmp\sandbox-aPLsfT
15:25:57 (64264) DEBUG PluginLoader Loading plugin file:///C:/gwinnem/keystone-dashboard-layout/node_modules/.pnpm/@stryker-mutator+core@9.6.1_911149adbd3acc9b701e5200d679170d/node_modules/@stryker-mutator/core/dist/src/reporters/index.js
15:25:57 (44804) TRACE ChildProcessProxy  DEPRECATED  `test.poolOptions` was removed in Vitest 4. All previous `poolOptions` are now top-level options. Please, refer to the migration guide: https://vitest.dev/guide/migration#pool-rework

15:25:57 (37340) DEBUG ChildProcessProxyWorker Changing current working directory for this process to C:\gwinnem\keystone-dashboard-layout\packages\vue\.stryker-tmp\sandbox-aPLsfT
15:25:57 (64408) DEBUG VitestTestRunner vitest final config: {
  "allowOnly": true,
  "isolate": true,
  "watch": false,
  "globals": true,
  "environment": "jsdom",
  "clearMocks": false,
  "restoreMocks": false,
  "mockReset": false,
  "unstubGlobals": false,
  "unstubEnvs": false,
  "include": [
    "tests/*.spec.ts",
    "tests/unit/*.spec.ts"
  ],
  "exclude": [
    "**/node_modules/**",
    "**/.git/**"
  ],
  "teardownTimeout": 10000,
  "forceRerunTriggers": [
    "**/package.json/**",
    "**/{vitest,vite}.config.*/**",
    "C:/gwinnem/keystone-dashboard-layout/packages/vue/.stryker-tmp/sandbox-aPLsfT/tests/setup.ts"
  ],
  "update": false,
  "reporters": [
    [
      "default",
      {}
    ]
  ],
  "silent": false,
  "hideSkippedTests": false,
  "api": {
    "middlewareMode": true,
    "allowWrite": true,
    "allowExec": true,
    "token": "573c0329-d388-4ddd-9fc2-43ca2abb54cb"
  },
  "ui": false,
  "uiBase": "/__vitest__/",
  "open": true,
  "css": {
    "include": [],
    "modules": {
      "classNameStrategy": "stable"
    }
  },
  "coverage": {
    "provider": "v8",
    "enabled": false,
    "clean": true,
    "cleanOnRerun": true,
    "reportsDirectory": "./tests/coverage",
    "exclude": [
      "src/vite-env.d.ts",
      "src/components/Grid/grid-layout-props.interface.ts",
      "src/components/Grid/grid-item-props.interface.ts",
      "src/components/Grid/composables/grid-item-composable-context.ts",
      "src/components/index.ts",
      "tests/setup.ts",
      "tests/*.spec.ts",
      "tests/unit/*.spec.ts",
      "C:/gwinnem/keystone-dashboard-layout/packages/vue/.stryker-tmp/sandbox-aPLsfT/vitest.config.js",
      "vitest.config.ts",
      "vitest.config.mts",
      "vitest.config.cts",
      "vitest.config.js",
      "vitest.config.mjs",
      "vitest.config.cjs",
      "vite.config.ts",
      "vite.config.mts",
      "vite.config.cts",
      "vite.config.js",
      "vite.config.mjs",
      "vite.config.cjs",
      "**/virtual:*",
      "**/__x00__*",
      "**/node_modules/**"
    ],
    "reportOnFailure": false,
    "reporter": [
      [
        "text",
        {}
      ],
      [
        "json",
        {}
      ],
      [
        "html",
        {}
      ]
    ],
    "allowExternal": false,
    "excludeAfterRemap": false,
    "processingConcurrency": 16,
    "ignoreClassMethods": [],
    "skipFull": false,
    "watermarks": {
      "statements": [
        50,
        80
      ],
      "functions": [
        50,
        80
      ],
      "branches": [
        50,
        80
      ],
      "lines": [
        50,
        80
      ]
    },
    "include": [
      "src/**/*.{ts,vue}"
    ],
    "thresholds": {
      "lines": 90,
      "functions": 90,
      "branches": 90,
      "statements": 90
    }
  },
  "fakeTimers": {
    "loopLimit": 10000,
    "shouldClearNativeTimers": true
  },
  "maxConcurrency": 1,
  "dangerouslyIgnoreUnhandledErrors": false,
  "typecheck": {
    "checker": "tsc",
    "include": [
      "**/*.{test,spec}-d.?(c|m)[jt]s?(x)"
    ],
    "exclude": [
      "**/node_modules/**",
      "**/.git/**"
    ],
    "enabled": false
  },
  "slowTestThreshold": 300,
  "disableConsoleIntercept": false,
  "detectAsyncLeaks": false,
  "setupFiles": [
    "C:\\gwinnem\\keystone-dashboard-layout\\packages\\vue\\.stryker-tmp\\sandbox-aPLsfT\\stryker-setup-4.js",
    "C:/gwinnem/keystone-dashboard-layout/packages/vue/.stryker-tmp/sandbox-aPLsfT/tests/setup.ts"
  ],
  "deps": {
    "moduleDirectories": [
      "/node_modules/"
    ],
    "optimizer": {
      "ssr": {
        "enabled": false
      },
      "client": {
        "enabled": false
      }
    },
    "web": {
      "transformAssets": true,
      "transformCss": true,
      "transformGlobPattern": []
    }
  },
  "server": {
    "deps": {}
  },
  "config": "C:\\gwinnem\\keystone-dashboard-layout\\packages\\vue\\.stryker-tmp\\sandbox-aPLsfT\\vitest.config.js",
  "threads": true,
  "pool": "threads",
  "poolOptions": {
    "threads": {
      "maxThreads": 1,
      "minThreads": 1
    }
  },
  "maxWorkers": 1,
  "singleThread": false,
  "bail": 1,
  "defines": {},
  "viteDefine": {},
  "root": "C:/gwinnem/keystone-dashboard-layout/packages/vue/.stryker-tmp/sandbox-aPLsfT",
  "mode": "test",
  "project": [],
  "provide": {},
  "tags": [],
  "name": "",
  "inspector": {
    "enabled": false,
    "waitForDebugger": false
  },
  "clearScreen": true,
  "browser": {
    "enabled": false,
    "headless": false,
    "isolate": true,
    "fileParallelism": true,
    "ui": true,
    "commands": {},
    "detailsPanelPosition": "right",
    "viewport": {
      "width": 414,
      "height": 896
    },
    "locators": {
      "testIdAttribute": "data-testid",
      "exact": false
    },
    "screenshotFailures": false,
    "api": {
      "port": 63315,
      "allowWrite": true,
      "allowExec": true
    },
    "trace": {
      "mode": "off"
    }
  },
  "expect": {},
  "globalSetup": [],
  "attachmentsDir": "C:/gwinnem/keystone-dashboard-layout/packages/vue/.stryker-tmp/sandbox-aPLsfT/.vitest-attachments",
  "snapshotOptions": {
    "expand": false,
    "snapshotFormat": {},
    "updateSnapshot": "new",
    "snapshotEnvironment": null
  },
  "snapshotSerializers": [],
  "execArgv": [],
  "cache": {
    "dir": "C:/gwinnem/keystone-dashboard-layout/packages/vue/.stryker-tmp/sandbox-aPLsfT/node_modules/.vite/vitest/da39a3ee5e6b4b0d3255bfef95601890afd80709"
  },
  "sequence": {
    "groupOrder": 0,
    "hooks": "stack"
  },
  "testTimeout": 5000,
  "hookTimeout": 10000,
  "experimental": {
    "importDurations": {
      "print": false,
      "failOnDanger": false,
      "limit": 0,
      "thresholds": {
        "warn": 100,
        "danger": 500
      }
    }
  }
}
15:25:57 (44804) DEBUG TimeoutDecorator Starting timeout timer (300000 ms) for a test run
15:25:57 (44804) TRACE ChildProcessProxy 

15:25:57 (44804) TRACE ChildProcessProxy  RUN  v4.1.10 C:/gwinnem/keystone-dashboard-layout/packages/vue/.stryker-tmp/sandbox-aPLsfT


15:25:57 (64264) DEBUG ChildProcessProxyWorker Changing current working directory for this process to C:\gwinnem\keystone-dashboard-layout\packages\vue\.stryker-tmp\sandbox-aPLsfT
15:25:57 (44804) TRACE ChildProcessProxy  DEPRECATED  `test.poolOptions` was removed in Vitest 4. All previous `poolOptions` are now top-level options. Please, refer to the migration guide: https://vitest.dev/guide/migration#pool-rework

15:25:57 (44804) TRACE ChildProcessProxy  DEPRECATED  `test.poolOptions` was removed in Vitest 4. All previous `poolOptions` are now top-level options. Please, refer to the migration guide: https://vitest.dev/guide/migration#pool-rework

15:25:57 (37340) DEBUG VitestTestRunner vitest final config: {
  "allowOnly": true,
  "isolate": true,
  "watch": false,
  "globals": true,
  "environment": "jsdom",
  "clearMocks": false,
  "restoreMocks": false,
  "mockReset": false,
  "unstubGlobals": false,
  "unstubEnvs": false,
  "include": [
    "tests/*.spec.ts",
    "tests/unit/*.spec.ts"
  ],
  "exclude": [
    "**/node_modules/**",
    "**/.git/**"
  ],
  "teardownTimeout": 10000,
  "forceRerunTriggers": [
    "**/package.json/**",
    "**/{vitest,vite}.config.*/**",
    "C:/gwinnem/keystone-dashboard-layout/packages/vue/.stryker-tmp/sandbox-aPLsfT/tests/setup.ts"
  ],
  "update": false,
  "reporters": [
    [
      "default",
      {}
    ]
  ],
  "silent": false,
  "hideSkippedTests": false,
  "api": {
    "middlewareMode": true,
    "allowWrite": true,
    "allowExec": true,
    "token": "508bc06a-287c-4e3d-a53d-97345ee3723a"
  },
  "ui": false,
  "uiBase": "/__vitest__/",
  "open": true,
  "css": {
    "include": [],
    "modules": {
      "classNameStrategy": "stable"
    }
  },
  "coverage": {
    "provider": "v8",
    "enabled": false,
    "clean": true,
    "cleanOnRerun": true,
    "reportsDirectory": "./tests/coverage",
    "exclude": [
      "src/vite-env.d.ts",
      "src/components/Grid/grid-layout-props.interface.ts",
      "src/components/Grid/grid-item-props.interface.ts",
      "src/components/Grid/composables/grid-item-composable-context.ts",
      "src/components/index.ts",
      "tests/setup.ts",
      "tests/*.spec.ts",
      "tests/unit/*.spec.ts",
      "C:/gwinnem/keystone-dashboard-layout/packages/vue/.stryker-tmp/sandbox-aPLsfT/vitest.config.js",
      "vitest.config.ts",
      "vitest.config.mts",
      "vitest.config.cts",
      "vitest.config.js",
      "vitest.config.mjs",
      "vitest.config.cjs",
      "vite.config.ts",
      "vite.config.mts",
      "vite.config.cts",
      "vite.config.js",
      "vite.config.mjs",
      "vite.config.cjs",
      "**/virtual:*",
      "**/__x00__*",
      "**/node_modules/**"
    ],
    "reportOnFailure": false,
    "reporter": [
      [
        "text",
        {}
      ],
      [
        "json",
        {}
      ],
      [
        "html",
        {}
      ]
    ],
    "allowExternal": false,
    "excludeAfterRemap": false,
    "processingConcurrency": 16,
    "ignoreClassMethods": [],
    "skipFull": false,
    "watermarks": {
      "statements": [
        50,
        80
      ],
      "functions": [
        50,
        80
      ],
      "branches": [
        50,
        80
      ],
      "lines": [
        50,
        80
      ]
    },
    "include": [
      "src/**/*.{ts,vue}"
    ],
    "thresholds": {
      "lines": 90,
      "functions": 90,
      "branches": 90,
      "statements": 90
    }
  },
  "fakeTimers": {
    "loopLimit": 10000,
    "shouldClearNativeTimers": true
  },
  "maxConcurrency": 1,
  "dangerouslyIgnoreUnhandledErrors": false,
  "typecheck": {
    "checker": "tsc",
    "include": [
      "**/*.{test,spec}-d.?(c|m)[jt]s?(x)"
    ],
    "exclude": [
      "**/node_modules/**",
      "**/.git/**"
    ],
    "enabled": false
  },
  "slowTestThreshold": 300,
  "disableConsoleIntercept": false,
  "detectAsyncLeaks": false,
  "setupFiles": [
    "C:\\gwinnem\\keystone-dashboard-layout\\packages\\vue\\.stryker-tmp\\sandbox-aPLsfT\\stryker-setup-5.js",
    "C:/gwinnem/keystone-dashboard-layout/packages/vue/.stryker-tmp/sandbox-aPLsfT/tests/setup.ts"
  ],
  "deps": {
    "moduleDirectories": [
      "/node_modules/"
    ],
    "optimizer": {
      "ssr": {
        "enabled": false
      },
      "client": {
        "enabled": false
      }
    },
    "web": {
      "transformAssets": true,
      "transformCss": true,
      "transformGlobPattern": []
    }
  },
  "server": {
    "deps": {}
  },
  "config": "C:\\gwinnem\\keystone-dashboard-layout\\packages\\vue\\.stryker-tmp\\sandbox-aPLsfT\\vitest.config.js",
  "threads": true,
  "pool": "threads",
  "poolOptions": {
    "threads": {
      "maxThreads": 1,
      "minThreads": 1
    }
  },
  "maxWorkers": 1,
  "singleThread": false,
  "bail": 1,
  "defines": {},
  "viteDefine": {},
  "root": "C:/gwinnem/keystone-dashboard-layout/packages/vue/.stryker-tmp/sandbox-aPLsfT",
  "mode": "test",
  "project": [],
  "provide": {},
  "tags": [],
  "name": "",
  "inspector": {
    "enabled": false,
    "waitForDebugger": false
  },
  "clearScreen": true,
  "browser": {
    "enabled": false,
    "headless": false,
    "isolate": true,
    "fileParallelism": true,
    "ui": true,
    "commands": {},
    "detailsPanelPosition": "right",
    "viewport": {
      "width": 414,
      "height": 896
    },
    "locators": {
      "testIdAttribute": "data-testid",
      "exact": false
    },
    "screenshotFailures": false,
    "api": {
      "port": 63315,
      "allowWrite": true,
      "allowExec": true
    },
    "trace": {
      "mode": "off"
    }
  },
  "expect": {},
  "globalSetup": [],
  "attachmentsDir": "C:/gwinnem/keystone-dashboard-layout/packages/vue/.stryker-tmp/sandbox-aPLsfT/.vitest-attachments",
  "snapshotOptions": {
    "expand": false,
    "snapshotFormat": {},
    "updateSnapshot": "new",
    "snapshotEnvironment": null
  },
  "snapshotSerializers": [],
  "execArgv": [],
  "cache": {
    "dir": "C:/gwinnem/keystone-dashboard-layout/packages/vue/.stryker-tmp/sandbox-aPLsfT/node_modules/.vite/vitest/da39a3ee5e6b4b0d3255bfef95601890afd80709"
  },
  "sequence": {
    "groupOrder": 0,
    "hooks": "stack"
  },
  "testTimeout": 5000,
  "hookTimeout": 10000,
  "experimental": {
    "importDurations": {
      "print": false,
      "failOnDanger": false,
      "limit": 0,
      "thresholds": {
        "warn": 100,
        "danger": 500
      }
    }
  }
}
15:25:57 (44804) DEBUG ChildProcessProxy Started ChildProcessTestRunnerWorker in worker process 7 with pid 34856 
15:25:57 (64264) DEBUG VitestTestRunner vitest final config: {
  "allowOnly": true,
  "isolate": true,
  "watch": false,
  "globals": true,
  "environment": "jsdom",
  "clearMocks": false,
  "restoreMocks": false,
  "mockReset": false,
  "unstubGlobals": false,
  "unstubEnvs": false,
  "include": [
    "tests/*.spec.ts",
    "tests/unit/*.spec.ts"
  ],
  "exclude": [
    "**/node_modules/**",
    "**/.git/**"
  ],
  "teardownTimeout": 10000,
  "forceRerunTriggers": [
    "**/package.json/**",
    "**/{vitest,vite}.config.*/**",
    "C:/gwinnem/keystone-dashboard-layout/packages/vue/.stryker-tmp/sandbox-aPLsfT/tests/setup.ts"
  ],
  "update": false,
  "reporters": [
    [
      "default",
      {}
    ]
  ],
  "silent": false,
  "hideSkippedTests": false,
  "api": {
    "middlewareMode": true,
    "allowWrite": true,
    "allowExec": true,
    "token": "ea22ce51-07b4-449f-92bd-0cae9a09f6af"
  },
  "ui": false,
  "uiBase": "/__vitest__/",
  "open": true,
  "css": {
    "include": [],
    "modules": {
      "classNameStrategy": "stable"
    }
  },
  "coverage": {
    "provider": "v8",
    "enabled": false,
    "clean": true,
    "cleanOnRerun": true,
    "reportsDirectory": "./tests/coverage",
    "exclude": [
      "src/vite-env.d.ts",
      "src/components/Grid/grid-layout-props.interface.ts",
      "src/components/Grid/grid-item-props.interface.ts",
      "src/components/Grid/composables/grid-item-composable-context.ts",
      "src/components/index.ts",
      "tests/setup.ts",
      "tests/*.spec.ts",
      "tests/unit/*.spec.ts",
      "C:/gwinnem/keystone-dashboard-layout/packages/vue/.stryker-tmp/sandbox-aPLsfT/vitest.config.js",
      "vitest.config.ts",
      "vitest.config.mts",
      "vitest.config.cts",
      "vitest.config.js",
      "vitest.config.mjs",
      "vitest.config.cjs",
      "vite.config.ts",
      "vite.config.mts",
      "vite.config.cts",
      "vite.config.js",
      "vite.config.mjs",
      "vite.config.cjs",
      "**/virtual:*",
      "**/__x00__*",
      "**/node_modules/**"
    ],
    "reportOnFailure": false,
    "reporter": [
      [
        "text",
        {}
      ],
      [
        "json",
        {}
      ],
      [
        "html",
        {}
      ]
    ],
    "allowExternal": false,
    "excludeAfterRemap": false,
    "processingConcurrency": 16,
    "ignoreClassMethods": [],
    "skipFull": false,
    "watermarks": {
      "statements": [
        50,
        80
      ],
      "functions": [
        50,
        80
      ],
      "branches": [
        50,
        80
      ],
      "lines": [
        50,
        80
      ]
    },
    "include": [
      "src/**/*.{ts,vue}"
    ],
    "thresholds": {
      "lines": 90,
      "functions": 90,
      "branches": 90,
      "statements": 90
    }
  },
  "fakeTimers": {
    "loopLimit": 10000,
    "shouldClearNativeTimers": true
  },
  "maxConcurrency": 1,
  "dangerouslyIgnoreUnhandledErrors": false,
  "typecheck": {
    "checker": "tsc",
    "include": [
      "**/*.{test,spec}-d.?(c|m)[jt]s?(x)"
    ],
    "exclude": [
      "**/node_modules/**",
      "**/.git/**"
    ],
    "enabled": false
  },
  "slowTestThreshold": 300,
  "disableConsoleIntercept": false,
  "detectAsyncLeaks": false,
  "setupFiles": [
    "C:\\gwinnem\\keystone-dashboard-layout\\packages\\vue\\.stryker-tmp\\sandbox-aPLsfT\\stryker-setup-6.js",
    "C:/gwinnem/keystone-dashboard-layout/packages/vue/.stryker-tmp/sandbox-aPLsfT/tests/setup.ts"
  ],
  "deps": {
    "moduleDirectories": [
      "/node_modules/"
    ],
    "optimizer": {
      "ssr": {
        "enabled": false
      },
      "client": {
        "enabled": false
      }
    },
    "web": {
      "transformAssets": true,
      "transformCss": true,
      "transformGlobPattern": []
    }
  },
  "server": {
    "deps": {}
  },
  "config": "C:\\gwinnem\\keystone-dashboard-layout\\packages\\vue\\.stryker-tmp\\sandbox-aPLsfT\\vitest.config.js",
  "threads": true,
  "pool": "threads",
  "poolOptions": {
    "threads": {
      "maxThreads": 1,
      "minThreads": 1
    }
  },
  "maxWorkers": 1,
  "singleThread": false,
  "bail": 1,
  "defines": {},
  "viteDefine": {},
  "root": "C:/gwinnem/keystone-dashboard-layout/packages/vue/.stryker-tmp/sandbox-aPLsfT",
  "mode": "test",
  "project": [],
  "provide": {},
  "tags": [],
  "name": "",
  "inspector": {
    "enabled": false,
    "waitForDebugger": false
  },
  "clearScreen": true,
  "browser": {
    "enabled": false,
    "headless": false,
    "isolate": true,
    "fileParallelism": true,
    "ui": true,
    "commands": {},
    "detailsPanelPosition": "right",
    "viewport": {
      "width": 414,
      "height": 896
    },
    "locators": {
      "testIdAttribute": "data-testid",
      "exact": false
    },
    "screenshotFailures": false,
    "api": {
      "port": 63315,
      "allowWrite": true,
      "allowExec": true
    },
    "trace": {
      "mode": "off"
    }
  },
  "expect": {},
  "globalSetup": [],
  "attachmentsDir": "C:/gwinnem/keystone-dashboard-layout/packages/vue/.stryker-tmp/sandbox-aPLsfT/.vitest-attachments",
  "snapshotOptions": {
    "expand": false,
    "snapshotFormat": {},
    "updateSnapshot": "new",
    "snapshotEnvironment": null
  },
  "snapshotSerializers": [],
  "execArgv": [],
  "cache": {
    "dir": "C:/gwinnem/keystone-dashboard-layout/packages/vue/.stryker-tmp/sandbox-aPLsfT/node_modules/.vite/vitest/da39a3ee5e6b4b0d3255bfef95601890afd80709"
  },
  "sequence": {
    "groupOrder": 0,
    "hooks": "stack"
  },
  "testTimeout": 5000,
  "hookTimeout": 10000,
  "experimental": {
    "importDurations": {
      "print": false,
      "failOnDanger": false,
      "limit": 0,
      "thresholds": {
        "warn": 100,
        "danger": 500
      }
    }
  }
}
15:25:57 (44804) DEBUG ChildProcessProxy Started ChildProcessTestRunnerWorker in worker process 8 with pid 27332 
15:25:58 (44804) DEBUG ChildProcessProxy Disposing of worker process 64408
15:25:58 (44804) DEBUG ChildProcessProxy Kill 64408
15:25:58 (34856) DEBUG PluginLoader Loading plugin @stryker-mutator/vitest-runner
15:25:58 (27332) DEBUG PluginLoader Loading plugin @stryker-mutator/vitest-runner
15:25:59 (44804) DEBUG ChildProcessProxy Started ChildProcessTestRunnerWorker in worker process 9 with pid 50348 
15:26:00 (34856) DEBUG PluginLoader Loading plugin file:///C:/gwinnem/keystone-dashboard-layout/node_modules/.pnpm/@stryker-mutator+instrumenter@9.6.1_supports-color@8.1.1/node_modules/@stryker-mutator/instrumenter/dist/src/frameworks/index.js
15:26:00 (34856) DEBUG PluginLoader Loading plugin file:///C:/gwinnem/keystone-dashboard-layout/node_modules/.pnpm/@stryker-mutator+core@9.6.1_911149adbd3acc9b701e5200d679170d/node_modules/@stryker-mutator/core/dist/src/reporters/index.js
15:26:00 (27332) DEBUG PluginLoader Loading plugin file:///C:/gwinnem/keystone-dashboard-layout/node_modules/.pnpm/@stryker-mutator+instrumenter@9.6.1_supports-color@8.1.1/node_modules/@stryker-mutator/instrumenter/dist/src/frameworks/index.js
15:26:00 (27332) DEBUG PluginLoader Loading plugin file:///C:/gwinnem/keystone-dashboard-layout/node_modules/.pnpm/@stryker-mutator+core@9.6.1_911149adbd3acc9b701e5200d679170d/node_modules/@stryker-mutator/core/dist/src/reporters/index.js
15:26:01 (34856) DEBUG ChildProcessProxyWorker Changing current working directory for this process to C:\gwinnem\keystone-dashboard-layout\packages\vue\.stryker-tmp\sandbox-aPLsfT
15:26:01 (50348) DEBUG PluginLoader Loading plugin @stryker-mutator/vitest-runner
15:26:01 (44804) TRACE ChildProcessProxy  DEPRECATED  `test.poolOptions` was removed in Vitest 4. All previous `poolOptions` are now top-level options. Please, refer to the migration guide: https://vitest.dev/guide/migration#pool-rework

15:26:02 (27332) DEBUG ChildProcessProxyWorker Changing current working directory for this process to C:\gwinnem\keystone-dashboard-layout\packages\vue\.stryker-tmp\sandbox-aPLsfT
15:26:02 (34856) DEBUG VitestTestRunner vitest final config: {
  "allowOnly": true,
  "isolate": true,
  "watch": false,
  "globals": true,
  "environment": "jsdom",
  "clearMocks": false,
  "restoreMocks": false,
  "mockReset": false,
  "unstubGlobals": false,
  "unstubEnvs": false,
  "include": [
    "tests/*.spec.ts",
    "tests/unit/*.spec.ts"
  ],
  "exclude": [
    "**/node_modules/**",
    "**/.git/**"
  ],
  "teardownTimeout": 10000,
  "forceRerunTriggers": [
    "**/package.json/**",
    "**/{vitest,vite}.config.*/**",
    "C:/gwinnem/keystone-dashboard-layout/packages/vue/.stryker-tmp/sandbox-aPLsfT/tests/setup.ts"
  ],
  "update": false,
  "reporters": [
    [
      "default",
      {}
    ]
  ],
  "silent": false,
  "hideSkippedTests": false,
  "api": {
    "middlewareMode": true,
    "allowWrite": true,
    "allowExec": true,
    "token": "851e9ec7-fbc7-4466-bdb5-99d054b9c869"
  },
  "ui": false,
  "uiBase": "/__vitest__/",
  "open": true,
  "css": {
    "include": [],
    "modules": {
      "classNameStrategy": "stable"
    }
  },
  "coverage": {
    "provider": "v8",
    "enabled": false,
    "clean": true,
    "cleanOnRerun": true,
    "reportsDirectory": "./tests/coverage",
    "exclude": [
      "src/vite-env.d.ts",
      "src/components/Grid/grid-layout-props.interface.ts",
      "src/components/Grid/grid-item-props.interface.ts",
      "src/components/Grid/composables/grid-item-composable-context.ts",
      "src/components/index.ts",
      "tests/setup.ts",
      "tests/*.spec.ts",
      "tests/unit/*.spec.ts",
      "C:/gwinnem/keystone-dashboard-layout/packages/vue/.stryker-tmp/sandbox-aPLsfT/vitest.config.js",
      "vitest.config.ts",
      "vitest.config.mts",
      "vitest.config.cts",
      "vitest.config.js",
      "vitest.config.mjs",
      "vitest.config.cjs",
      "vite.config.ts",
      "vite.config.mts",
      "vite.config.cts",
      "vite.config.js",
      "vite.config.mjs",
      "vite.config.cjs",
      "**/virtual:*",
      "**/__x00__*",
      "**/node_modules/**"
    ],
    "reportOnFailure": false,
    "reporter": [
      [
        "text",
        {}
      ],
      [
        "json",
        {}
      ],
      [
        "html",
        {}
      ]
    ],
    "allowExternal": false,
    "excludeAfterRemap": false,
    "processingConcurrency": 16,
    "ignoreClassMethods": [],
    "skipFull": false,
    "watermarks": {
      "statements": [
        50,
        80
      ],
      "functions": [
        50,
        80
      ],
      "branches": [
        50,
        80
      ],
      "lines": [
        50,
        80
      ]
    },
    "include": [
      "src/**/*.{ts,vue}"
    ],
    "thresholds": {
      "lines": 90,
      "functions": 90,
      "branches": 90,
      "statements": 90
    }
  },
  "fakeTimers": {
    "loopLimit": 10000,
    "shouldClearNativeTimers": true
  },
  "maxConcurrency": 1,
  "dangerouslyIgnoreUnhandledErrors": false,
  "typecheck": {
    "checker": "tsc",
    "include": [
      "**/*.{test,spec}-d.?(c|m)[jt]s?(x)"
    ],
    "exclude": [
      "**/node_modules/**",
      "**/.git/**"
    ],
    "enabled": false
  },
  "slowTestThreshold": 300,
  "disableConsoleIntercept": false,
  "detectAsyncLeaks": false,
  "setupFiles": [
    "C:\\gwinnem\\keystone-dashboard-layout\\packages\\vue\\.stryker-tmp\\sandbox-aPLsfT\\stryker-setup-7.js",
    "C:/gwinnem/keystone-dashboard-layout/packages/vue/.stryker-tmp/sandbox-aPLsfT/tests/setup.ts"
  ],
  "deps": {
    "moduleDirectories": [
      "/node_modules/"
    ],
    "optimizer": {
      "ssr": {
        "enabled": false
      },
      "client": {
        "enabled": false
      }
    },
    "web": {
      "transformAssets": true,
      "transformCss": true,
      "transformGlobPattern": []
    }
  },
  "server": {
    "deps": {}
  },
  "config": "C:\\gwinnem\\keystone-dashboard-layout\\packages\\vue\\.stryker-tmp\\sandbox-aPLsfT\\vitest.config.js",
  "threads": true,
  "pool": "threads",
  "poolOptions": {
    "threads": {
      "maxThreads": 1,
      "minThreads": 1
    }
  },
  "maxWorkers": 1,
  "singleThread": false,
  "bail": 1,
  "defines": {},
  "viteDefine": {},
  "root": "C:/gwinnem/keystone-dashboard-layout/packages/vue/.stryker-tmp/sandbox-aPLsfT",
  "mode": "test",
  "project": [],
  "provide": {},
  "tags": [],
  "name": "",
  "inspector": {
    "enabled": false,
    "waitForDebugger": false
  },
  "clearScreen": true,
  "browser": {
    "enabled": false,
    "headless": false,
    "isolate": true,
    "fileParallelism": true,
    "ui": true,
    "commands": {},
    "detailsPanelPosition": "right",
    "viewport": {
      "width": 414,
      "height": 896
    },
    "locators": {
      "testIdAttribute": "data-testid",
      "exact": false
    },
    "screenshotFailures": false,
    "api": {
      "port": 63315,
      "allowWrite": true,
      "allowExec": true
    },
    "trace": {
      "mode": "off"
    }
  },
  "expect": {},
  "globalSetup": [],
  "attachmentsDir": "C:/gwinnem/keystone-dashboard-layout/packages/vue/.stryker-tmp/sandbox-aPLsfT/.vitest-attachments",
  "snapshotOptions": {
    "expand": false,
    "snapshotFormat": {},
    "updateSnapshot": "new",
    "snapshotEnvironment": null
  },
  "snapshotSerializers": [],
  "execArgv": [],
  "cache": {
    "dir": "C:/gwinnem/keystone-dashboard-layout/packages/vue/.stryker-tmp/sandbox-aPLsfT/node_modules/.vite/vitest/da39a3ee5e6b4b0d3255bfef95601890afd80709"
  },
  "sequence": {
    "groupOrder": 0,
    "hooks": "stack"
  },
  "testTimeout": 5000,
  "hookTimeout": 10000,
  "experimental": {
    "importDurations": {
      "print": false,
      "failOnDanger": false,
      "limit": 0,
      "thresholds": {
        "warn": 100,
        "danger": 500
      }
    }
  }
}
15:26:02 (44804) DEBUG ChildProcessProxy Started ChildProcessTestRunnerWorker in worker process 10 with pid 59984 
15:26:02 (50348) DEBUG PluginLoader Loading plugin file:///C:/gwinnem/keystone-dashboard-layout/node_modules/.pnpm/@stryker-mutator+instrumenter@9.6.1_supports-color@8.1.1/node_modules/@stryker-mutator/instrumenter/dist/src/frameworks/index.js
15:26:02 (50348) DEBUG PluginLoader Loading plugin file:///C:/gwinnem/keystone-dashboard-layout/node_modules/.pnpm/@stryker-mutator+core@9.6.1_911149adbd3acc9b701e5200d679170d/node_modules/@stryker-mutator/core/dist/src/reporters/index.js
15:26:02 (44804) TRACE ChildProcessProxy  DEPRECATED  `test.poolOptions` was removed in Vitest 4. All previous `poolOptions` are now top-level options. Please, refer to the migration guide: https://vitest.dev/guide/migration#pool-rework

15:26:02 (27332) DEBUG VitestTestRunner vitest final config: {
  "allowOnly": true,
  "isolate": true,
  "watch": false,
  "globals": true,
  "environment": "jsdom",
  "clearMocks": false,
  "restoreMocks": false,
  "mockReset": false,
  "unstubGlobals": false,
  "unstubEnvs": false,
  "include": [
    "tests/*.spec.ts",
    "tests/unit/*.spec.ts"
  ],
  "exclude": [
    "**/node_modules/**",
    "**/.git/**"
  ],
  "teardownTimeout": 10000,
  "forceRerunTriggers": [
    "**/package.json/**",
    "**/{vitest,vite}.config.*/**",
    "C:/gwinnem/keystone-dashboard-layout/packages/vue/.stryker-tmp/sandbox-aPLsfT/tests/setup.ts"
  ],
  "update": false,
  "reporters": [
    [
      "default",
      {}
    ]
  ],
  "silent": false,
  "hideSkippedTests": false,
  "api": {
    "middlewareMode": true,
    "allowWrite": true,
    "allowExec": true,
    "token": "c184c1f4-24ed-4fe3-8beb-234d3f097387"
  },
  "ui": false,
  "uiBase": "/__vitest__/",
  "open": true,
  "css": {
    "include": [],
    "modules": {
      "classNameStrategy": "stable"
    }
  },
  "coverage": {
    "provider": "v8",
    "enabled": false,
    "clean": true,
    "cleanOnRerun": true,
    "reportsDirectory": "./tests/coverage",
    "exclude": [
      "src/vite-env.d.ts",
      "src/components/Grid/grid-layout-props.interface.ts",
      "src/components/Grid/grid-item-props.interface.ts",
      "src/components/Grid/composables/grid-item-composable-context.ts",
      "src/components/index.ts",
      "tests/setup.ts",
      "tests/*.spec.ts",
      "tests/unit/*.spec.ts",
      "C:/gwinnem/keystone-dashboard-layout/packages/vue/.stryker-tmp/sandbox-aPLsfT/vitest.config.js",
      "vitest.config.ts",
      "vitest.config.mts",
      "vitest.config.cts",
      "vitest.config.js",
      "vitest.config.mjs",
      "vitest.config.cjs",
      "vite.config.ts",
      "vite.config.mts",
      "vite.config.cts",
      "vite.config.js",
      "vite.config.mjs",
      "vite.config.cjs",
      "**/virtual:*",
      "**/__x00__*",
      "**/node_modules/**"
    ],
    "reportOnFailure": false,
    "reporter": [
      [
        "text",
        {}
      ],
      [
        "json",
        {}
      ],
      [
        "html",
        {}
      ]
    ],
    "allowExternal": false,
    "excludeAfterRemap": false,
    "processingConcurrency": 16,
    "ignoreClassMethods": [],
    "skipFull": false,
    "watermarks": {
      "statements": [
        50,
        80
      ],
      "functions": [
        50,
        80
      ],
      "branches": [
        50,
        80
      ],
      "lines": [
        50,
        80
      ]
    },
    "include": [
      "src/**/*.{ts,vue}"
    ],
    "thresholds": {
      "lines": 90,
      "functions": 90,
      "branches": 90,
      "statements": 90
    }
  },
  "fakeTimers": {
    "loopLimit": 10000,
    "shouldClearNativeTimers": true
  },
  "maxConcurrency": 1,
  "dangerouslyIgnoreUnhandledErrors": false,
  "typecheck": {
    "checker": "tsc",
    "include": [
      "**/*.{test,spec}-d.?(c|m)[jt]s?(x)"
    ],
    "exclude": [
      "**/node_modules/**",
      "**/.git/**"
    ],
    "enabled": false
  },
  "slowTestThreshold": 300,
  "disableConsoleIntercept": false,
  "detectAsyncLeaks": false,
  "setupFiles": [
    "C:\\gwinnem\\keystone-dashboard-layout\\packages\\vue\\.stryker-tmp\\sandbox-aPLsfT\\stryker-setup-8.js",
    "C:/gwinnem/keystone-dashboard-layout/packages/vue/.stryker-tmp/sandbox-aPLsfT/tests/setup.ts"
  ],
  "deps": {
    "moduleDirectories": [
      "/node_modules/"
    ],
    "optimizer": {
      "ssr": {
        "enabled": false
      },
      "client": {
        "enabled": false
      }
    },
    "web": {
      "transformAssets": true,
      "transformCss": true,
      "transformGlobPattern": []
    }
  },
  "server": {
    "deps": {}
  },
  "config": "C:\\gwinnem\\keystone-dashboard-layout\\packages\\vue\\.stryker-tmp\\sandbox-aPLsfT\\vitest.config.js",
  "threads": true,
  "pool": "threads",
  "poolOptions": {
    "threads": {
      "maxThreads": 1,
      "minThreads": 1
    }
  },
  "maxWorkers": 1,
  "singleThread": false,
  "bail": 1,
  "defines": {},
  "viteDefine": {},
  "root": "C:/gwinnem/keystone-dashboard-layout/packages/vue/.stryker-tmp/sandbox-aPLsfT",
  "mode": "test",
  "project": [],
  "provide": {},
  "tags": [],
  "name": "",
  "inspector": {
    "enabled": false,
    "waitForDebugger": false
  },
  "clearScreen": true,
  "browser": {
    "enabled": false,
    "headless": false,
    "isolate": true,
    "fileParallelism": true,
    "ui": true,
    "commands": {},
    "detailsPanelPosition": "right",
    "viewport": {
      "width": 414,
      "height": 896
    },
    "locators": {
      "testIdAttribute": "data-testid",
      "exact": false
    },
    "screenshotFailures": false,
    "api": {
      "port": 63315,
      "allowWrite": true,
      "allowExec": true
    },
    "trace": {
      "mode": "off"
    }
  },
  "expect": {},
  "globalSetup": [],
  "attachmentsDir": "C:/gwinnem/keystone-dashboard-layout/packages/vue/.stryker-tmp/sandbox-aPLsfT/.vitest-attachments",
  "snapshotOptions": {
    "expand": false,
    "snapshotFormat": {},
    "updateSnapshot": "new",
    "snapshotEnvironment": null
  },
  "snapshotSerializers": [],
  "execArgv": [],
  "cache": {
    "dir": "C:/gwinnem/keystone-dashboard-layout/packages/vue/.stryker-tmp/sandbox-aPLsfT/node_modules/.vite/vitest/da39a3ee5e6b4b0d3255bfef95601890afd80709"
  },
  "sequence": {
    "groupOrder": 0,
    "hooks": "stack"
  },
  "testTimeout": 5000,
  "hookTimeout": 10000,
  "experimental": {
    "importDurations": {
      "print": false,
      "failOnDanger": false,
      "limit": 0,
      "thresholds": {
        "warn": 100,
        "danger": 500
      }
    }
  }
}
15:26:02 (44804) DEBUG ChildProcessProxy Started ChildProcessTestRunnerWorker in worker process 11 with pid 38124 
15:26:03 (50348) DEBUG ChildProcessProxyWorker Changing current working directory for this process to C:\gwinnem\keystone-dashboard-layout\packages\vue\.stryker-tmp\sandbox-aPLsfT
15:26:03 (59984) DEBUG PluginLoader Loading plugin @stryker-mutator/vitest-runner
15:26:03 (44804) TRACE ChildProcessProxy  DEPRECATED  `test.poolOptions` was removed in Vitest 4. All previous `poolOptions` are now top-level options. Please, refer to the migration guide: https://vitest.dev/guide/migration#pool-rework

15:26:03 (50348) DEBUG VitestTestRunner vitest final config: {
  "allowOnly": true,
  "isolate": true,
  "watch": false,
  "globals": true,
  "environment": "jsdom",
  "clearMocks": false,
  "restoreMocks": false,
  "mockReset": false,
  "unstubGlobals": false,
  "unstubEnvs": false,
  "include": [
    "tests/*.spec.ts",
    "tests/unit/*.spec.ts"
  ],
  "exclude": [
    "**/node_modules/**",
    "**/.git/**"
  ],
  "teardownTimeout": 10000,
  "forceRerunTriggers": [
    "**/package.json/**",
    "**/{vitest,vite}.config.*/**",
    "C:/gwinnem/keystone-dashboard-layout/packages/vue/.stryker-tmp/sandbox-aPLsfT/tests/setup.ts"
  ],
  "update": false,
  "reporters": [
    [
      "default",
      {}
    ]
  ],
  "silent": false,
  "hideSkippedTests": false,
  "api": {
    "middlewareMode": true,
    "allowWrite": true,
    "allowExec": true,
    "token": "644a45b9-542c-43fb-9ecb-277ac38e5e25"
  },
  "ui": false,
  "uiBase": "/__vitest__/",
  "open": true,
  "css": {
    "include": [],
    "modules": {
      "classNameStrategy": "stable"
    }
  },
  "coverage": {
    "provider": "v8",
    "enabled": false,
    "clean": true,
    "cleanOnRerun": true,
    "reportsDirectory": "./tests/coverage",
    "exclude": [
      "src/vite-env.d.ts",
      "src/components/Grid/grid-layout-props.interface.ts",
      "src/components/Grid/grid-item-props.interface.ts",
      "src/components/Grid/composables/grid-item-composable-context.ts",
      "src/components/index.ts",
      "tests/setup.ts",
      "tests/*.spec.ts",
      "tests/unit/*.spec.ts",
      "C:/gwinnem/keystone-dashboard-layout/packages/vue/.stryker-tmp/sandbox-aPLsfT/vitest.config.js",
      "vitest.config.ts",
      "vitest.config.mts",
      "vitest.config.cts",
      "vitest.config.js",
      "vitest.config.mjs",
      "vitest.config.cjs",
      "vite.config.ts",
      "vite.config.mts",
      "vite.config.cts",
      "vite.config.js",
      "vite.config.mjs",
      "vite.config.cjs",
      "**/virtual:*",
      "**/__x00__*",
      "**/node_modules/**"
    ],
    "reportOnFailure": false,
    "reporter": [
      [
        "text",
        {}
      ],
      [
        "json",
        {}
      ],
      [
        "html",
        {}
      ]
    ],
    "allowExternal": false,
    "excludeAfterRemap": false,
    "processingConcurrency": 16,
    "ignoreClassMethods": [],
    "skipFull": false,
    "watermarks": {
      "statements": [
        50,
        80
      ],
      "functions": [
        50,
        80
      ],
      "branches": [
        50,
        80
      ],
      "lines": [
        50,
        80
      ]
    },
    "include": [
      "src/**/*.{ts,vue}"
    ],
    "thresholds": {
      "lines": 90,
      "functions": 90,
      "branches": 90,
      "statements": 90
    }
  },
  "fakeTimers": {
    "loopLimit": 10000,
    "shouldClearNativeTimers": true
  },
  "maxConcurrency": 1,
  "dangerouslyIgnoreUnhandledErrors": false,
  "typecheck": {
    "checker": "tsc",
    "include": [
      "**/*.{test,spec}-d.?(c|m)[jt]s?(x)"
    ],
    "exclude": [
      "**/node_modules/**",
      "**/.git/**"
    ],
    "enabled": false
  },
  "slowTestThreshold": 300,
  "disableConsoleIntercept": false,
  "detectAsyncLeaks": false,
  "setupFiles": [
    "C:\\gwinnem\\keystone-dashboard-layout\\packages\\vue\\.stryker-tmp\\sandbox-aPLsfT\\stryker-setup-9.js",
    "C:/gwinnem/keystone-dashboard-layout/packages/vue/.stryker-tmp/sandbox-aPLsfT/tests/setup.ts"
  ],
  "deps": {
    "moduleDirectories": [
      "/node_modules/"
    ],
    "optimizer": {
      "ssr": {
        "enabled": false
      },
      "client": {
        "enabled": false
      }
    },
    "web": {
      "transformAssets": true,
      "transformCss": true,
      "transformGlobPattern": []
    }
  },
  "server": {
    "deps": {}
  },
  "config": "C:\\gwinnem\\keystone-dashboard-layout\\packages\\vue\\.stryker-tmp\\sandbox-aPLsfT\\vitest.config.js",
  "threads": true,
  "pool": "threads",
  "poolOptions": {
    "threads": {
      "maxThreads": 1,
      "minThreads": 1
    }
  },
  "maxWorkers": 1,
  "singleThread": false,
  "bail": 1,
  "defines": {},
  "viteDefine": {},
  "root": "C:/gwinnem/keystone-dashboard-layout/packages/vue/.stryker-tmp/sandbox-aPLsfT",
  "mode": "test",
  "project": [],
  "provide": {},
  "tags": [],
  "name": "",
  "inspector": {
    "enabled": false,
    "waitForDebugger": false
  },
  "clearScreen": true,
  "browser": {
    "enabled": false,
    "headless": false,
    "isolate": true,
    "fileParallelism": true,
    "ui": true,
    "commands": {},
    "detailsPanelPosition": "right",
    "viewport": {
      "width": 414,
      "height": 896
    },
    "locators": {
      "testIdAttribute": "data-testid",
      "exact": false
    },
    "screenshotFailures": false,
    "api": {
      "port": 63315,
      "allowWrite": true,
      "allowExec": true
    },
    "trace": {
      "mode": "off"
    }
  },
  "expect": {},
  "globalSetup": [],
  "attachmentsDir": "C:/gwinnem/keystone-dashboard-layout/packages/vue/.stryker-tmp/sandbox-aPLsfT/.vitest-attachments",
  "snapshotOptions": {
    "expand": false,
    "snapshotFormat": {},
    "updateSnapshot": "new",
    "snapshotEnvironment": null
  },
  "snapshotSerializers": [],
  "execArgv": [],
  "cache": {
    "dir": "C:/gwinnem/keystone-dashboard-layout/packages/vue/.stryker-tmp/sandbox-aPLsfT/node_modules/.vite/vitest/da39a3ee5e6b4b0d3255bfef95601890afd80709"
  },
  "sequence": {
    "groupOrder": 0,
    "hooks": "stack"
  },
  "testTimeout": 5000,
  "hookTimeout": 10000,
  "experimental": {
    "importDurations": {
      "print": false,
      "failOnDanger": false,
      "limit": 0,
      "thresholds": {
        "warn": 100,
        "danger": 500
      }
    }
  }
}
15:26:03 (44804) DEBUG ChildProcessProxy Disposing of worker process 50348
15:26:03 (44804) DEBUG ChildProcessProxy Kill 50348
15:26:03 (59984) DEBUG PluginLoader Loading plugin file:///C:/gwinnem/keystone-dashboard-layout/node_modules/.pnpm/@stryker-mutator+instrumenter@9.6.1_supports-color@8.1.1/node_modules/@stryker-mutator/instrumenter/dist/src/frameworks/index.js
15:26:03 (59984) DEBUG PluginLoader Loading plugin file:///C:/gwinnem/keystone-dashboard-layout/node_modules/.pnpm/@stryker-mutator+core@9.6.1_911149adbd3acc9b701e5200d679170d/node_modules/@stryker-mutator/core/dist/src/reporters/index.js
15:26:03 (38124) DEBUG PluginLoader Loading plugin @stryker-mutator/vitest-runner
15:26:04 (44804) DEBUG ChildProcessProxy Started ChildProcessTestRunnerWorker in worker process 12 with pid 32156 
15:26:04 (59984) DEBUG ChildProcessProxyWorker Changing current working directory for this process to C:\gwinnem\keystone-dashboard-layout\packages\vue\.stryker-tmp\sandbox-aPLsfT
15:26:04 (38124) DEBUG PluginLoader Loading plugin file:///C:/gwinnem/keystone-dashboard-layout/node_modules/.pnpm/@stryker-mutator+instrumenter@9.6.1_supports-color@8.1.1/node_modules/@stryker-mutator/instrumenter/dist/src/frameworks/index.js
15:26:04 (38124) DEBUG PluginLoader Loading plugin file:///C:/gwinnem/keystone-dashboard-layout/node_modules/.pnpm/@stryker-mutator+core@9.6.1_911149adbd3acc9b701e5200d679170d/node_modules/@stryker-mutator/core/dist/src/reporters/index.js
15:26:05 (44804) TRACE ChildProcessProxy  DEPRECATED  `test.poolOptions` was removed in Vitest 4. All previous `poolOptions` are now top-level options. Please, refer to the migration guide: https://vitest.dev/guide/migration#pool-rework

15:26:05 (38124) DEBUG ChildProcessProxyWorker Changing current working directory for this process to C:\gwinnem\keystone-dashboard-layout\packages\vue\.stryker-tmp\sandbox-aPLsfT
15:26:05 (59984) DEBUG VitestTestRunner vitest final config: {
  "allowOnly": true,
  "isolate": true,
  "watch": false,
  "globals": true,
  "environment": "jsdom",
  "clearMocks": false,
  "restoreMocks": false,
  "mockReset": false,
  "unstubGlobals": false,
  "unstubEnvs": false,
  "include": [
    "tests/*.spec.ts",
    "tests/unit/*.spec.ts"
  ],
  "exclude": [
    "**/node_modules/**",
    "**/.git/**"
  ],
  "teardownTimeout": 10000,
  "forceRerunTriggers": [
    "**/package.json/**",
    "**/{vitest,vite}.config.*/**",
    "C:/gwinnem/keystone-dashboard-layout/packages/vue/.stryker-tmp/sandbox-aPLsfT/tests/setup.ts"
  ],
  "update": false,
  "reporters": [
    [
      "default",
      {}
    ]
  ],
  "silent": false,
  "hideSkippedTests": false,
  "api": {
    "middlewareMode": true,
    "allowWrite": true,
    "allowExec": true,
    "token": "6702dd78-9ea9-419f-a3e3-658fcf9b93e4"
  },
  "ui": false,
  "uiBase": "/__vitest__/",
  "open": true,
  "css": {
    "include": [],
    "modules": {
      "classNameStrategy": "stable"
    }
  },
  "coverage": {
    "provider": "v8",
    "enabled": false,
    "clean": true,
    "cleanOnRerun": true,
    "reportsDirectory": "./tests/coverage",
    "exclude": [
      "src/vite-env.d.ts",
      "src/components/Grid/grid-layout-props.interface.ts",
      "src/components/Grid/grid-item-props.interface.ts",
      "src/components/Grid/composables/grid-item-composable-context.ts",
      "src/components/index.ts",
      "tests/setup.ts",
      "tests/*.spec.ts",
      "tests/unit/*.spec.ts",
      "C:/gwinnem/keystone-dashboard-layout/packages/vue/.stryker-tmp/sandbox-aPLsfT/vitest.config.js",
      "vitest.config.ts",
      "vitest.config.mts",
      "vitest.config.cts",
      "vitest.config.js",
      "vitest.config.mjs",
      "vitest.config.cjs",
      "vite.config.ts",
      "vite.config.mts",
      "vite.config.cts",
      "vite.config.js",
      "vite.config.mjs",
      "vite.config.cjs",
      "**/virtual:*",
      "**/__x00__*",
      "**/node_modules/**"
    ],
    "reportOnFailure": false,
    "reporter": [
      [
        "text",
        {}
      ],
      [
        "json",
        {}
      ],
      [
        "html",
        {}
      ]
    ],
    "allowExternal": false,
    "excludeAfterRemap": false,
    "processingConcurrency": 16,
    "ignoreClassMethods": [],
    "skipFull": false,
    "watermarks": {
      "statements": [
        50,
        80
      ],
      "functions": [
        50,
        80
      ],
      "branches": [
        50,
        80
      ],
      "lines": [
        50,
        80
      ]
    },
    "include": [
      "src/**/*.{ts,vue}"
    ],
    "thresholds": {
      "lines": 90,
      "functions": 90,
      "branches": 90,
      "statements": 90
    }
  },
  "fakeTimers": {
    "loopLimit": 10000,
    "shouldClearNativeTimers": true
  },
  "maxConcurrency": 1,
  "dangerouslyIgnoreUnhandledErrors": false,
  "typecheck": {
    "checker": "tsc",
    "include": [
      "**/*.{test,spec}-d.?(c|m)[jt]s?(x)"
    ],
    "exclude": [
      "**/node_modules/**",
      "**/.git/**"
    ],
    "enabled": false
  },
  "slowTestThreshold": 300,
  "disableConsoleIntercept": false,
  "detectAsyncLeaks": false,
  "setupFiles": [
    "C:\\gwinnem\\keystone-dashboard-layout\\packages\\vue\\.stryker-tmp\\sandbox-aPLsfT\\stryker-setup-10.js",
    "C:/gwinnem/keystone-dashboard-layout/packages/vue/.stryker-tmp/sandbox-aPLsfT/tests/setup.ts"
  ],
  "deps": {
    "moduleDirectories": [
      "/node_modules/"
    ],
    "optimizer": {
      "ssr": {
        "enabled": false
      },
      "client": {
        "enabled": false
      }
    },
    "web": {
      "transformAssets": true,
      "transformCss": true,
      "transformGlobPattern": []
    }
  },
  "server": {
    "deps": {}
  },
  "config": "C:\\gwinnem\\keystone-dashboard-layout\\packages\\vue\\.stryker-tmp\\sandbox-aPLsfT\\vitest.config.js",
  "threads": true,
  "pool": "threads",
  "poolOptions": {
    "threads": {
      "maxThreads": 1,
      "minThreads": 1
    }
  },
  "maxWorkers": 1,
  "singleThread": false,
  "bail": 1,
  "defines": {},
  "viteDefine": {},
  "root": "C:/gwinnem/keystone-dashboard-layout/packages/vue/.stryker-tmp/sandbox-aPLsfT",
  "mode": "test",
  "project": [],
  "provide": {},
  "tags": [],
  "name": "",
  "inspector": {
    "enabled": false,
    "waitForDebugger": false
  },
  "clearScreen": true,
  "browser": {
    "enabled": false,
    "headless": false,
    "isolate": true,
    "fileParallelism": true,
    "ui": true,
    "commands": {},
    "detailsPanelPosition": "right",
    "viewport": {
      "width": 414,
      "height": 896
    },
    "locators": {
      "testIdAttribute": "data-testid",
      "exact": false
    },
    "screenshotFailures": false,
    "api": {
      "port": 63315,
      "allowWrite": true,
      "allowExec": true
    },
    "trace": {
      "mode": "off"
    }
  },
  "expect": {},
  "globalSetup": [],
  "attachmentsDir": "C:/gwinnem/keystone-dashboard-layout/packages/vue/.stryker-tmp/sandbox-aPLsfT/.vitest-attachments",
  "snapshotOptions": {
    "expand": false,
    "snapshotFormat": {},
    "updateSnapshot": "new",
    "snapshotEnvironment": null
  },
  "snapshotSerializers": [],
  "execArgv": [],
  "cache": {
    "dir": "C:/gwinnem/keystone-dashboard-layout/packages/vue/.stryker-tmp/sandbox-aPLsfT/node_modules/.vite/vitest/da39a3ee5e6b4b0d3255bfef95601890afd80709"
  },
  "sequence": {
    "groupOrder": 0,
    "hooks": "stack"
  },
  "testTimeout": 5000,
  "hookTimeout": 10000,
  "experimental": {
    "importDurations": {
      "print": false,
      "failOnDanger": false,
      "limit": 0,
      "thresholds": {
        "warn": 100,
        "danger": 500
      }
    }
  }
}
15:26:05 (44804) DEBUG ChildProcessProxy Started ChildProcessTestRunnerWorker in worker process 13 with pid 53196 
15:26:05 (32156) DEBUG PluginLoader Loading plugin @stryker-mutator/vitest-runner
15:26:05 (44804) TRACE ChildProcessProxy  DEPRECATED  `test.poolOptions` was removed in Vitest 4. All previous `poolOptions` are now top-level options. Please, refer to the migration guide: https://vitest.dev/guide/migration#pool-rework

15:26:05 (38124) DEBUG VitestTestRunner vitest final config: {
  "allowOnly": true,
  "isolate": true,
  "watch": false,
  "globals": true,
  "environment": "jsdom",
  "clearMocks": false,
  "restoreMocks": false,
  "mockReset": false,
  "unstubGlobals": false,
  "unstubEnvs": false,
  "include": [
    "tests/*.spec.ts",
    "tests/unit/*.spec.ts"
  ],
  "exclude": [
    "**/node_modules/**",
    "**/.git/**"
  ],
  "teardownTimeout": 10000,
  "forceRerunTriggers": [
    "**/package.json/**",
    "**/{vitest,vite}.config.*/**",
    "C:/gwinnem/keystone-dashboard-layout/packages/vue/.stryker-tmp/sandbox-aPLsfT/tests/setup.ts"
  ],
  "update": false,
  "reporters": [
    [
      "default",
      {}
    ]
  ],
  "silent": false,
  "hideSkippedTests": false,
  "api": {
    "middlewareMode": true,
    "allowWrite": true,
    "allowExec": true,
    "token": "d01e2f24-e8f1-45f8-8ae1-5ed019eebd52"
  },
  "ui": false,
  "uiBase": "/__vitest__/",
  "open": true,
  "css": {
    "include": [],
    "modules": {
      "classNameStrategy": "stable"
    }
  },
  "coverage": {
    "provider": "v8",
    "enabled": false,
    "clean": true,
    "cleanOnRerun": true,
    "reportsDirectory": "./tests/coverage",
    "exclude": [
      "src/vite-env.d.ts",
      "src/components/Grid/grid-layout-props.interface.ts",
      "src/components/Grid/grid-item-props.interface.ts",
      "src/components/Grid/composables/grid-item-composable-context.ts",
      "src/components/index.ts",
      "tests/setup.ts",
      "tests/*.spec.ts",
      "tests/unit/*.spec.ts",
      "C:/gwinnem/keystone-dashboard-layout/packages/vue/.stryker-tmp/sandbox-aPLsfT/vitest.config.js",
      "vitest.config.ts",
      "vitest.config.mts",
      "vitest.config.cts",
      "vitest.config.js",
      "vitest.config.mjs",
      "vitest.config.cjs",
      "vite.config.ts",
      "vite.config.mts",
      "vite.config.cts",
      "vite.config.js",
      "vite.config.mjs",
      "vite.config.cjs",
      "**/virtual:*",
      "**/__x00__*",
      "**/node_modules/**"
    ],
    "reportOnFailure": false,
    "reporter": [
      [
        "text",
        {}
      ],
      [
        "json",
        {}
      ],
      [
        "html",
        {}
      ]
    ],
    "allowExternal": false,
    "excludeAfterRemap": false,
    "processingConcurrency": 16,
    "ignoreClassMethods": [],
    "skipFull": false,
    "watermarks": {
      "statements": [
        50,
        80
      ],
      "functions": [
        50,
        80
      ],
      "branches": [
        50,
        80
      ],
      "lines": [
        50,
        80
      ]
    },
    "include": [
      "src/**/*.{ts,vue}"
    ],
    "thresholds": {
      "lines": 90,
      "functions": 90,
      "branches": 90,
      "statements": 90
    }
  },
  "fakeTimers": {
    "loopLimit": 10000,
    "shouldClearNativeTimers": true
  },
  "maxConcurrency": 1,
  "dangerouslyIgnoreUnhandledErrors": false,
  "typecheck": {
    "checker": "tsc",
    "include": [
      "**/*.{test,spec}-d.?(c|m)[jt]s?(x)"
    ],
    "exclude": [
      "**/node_modules/**",
      "**/.git/**"
    ],
    "enabled": false
  },
  "slowTestThreshold": 300,
  "disableConsoleIntercept": false,
  "detectAsyncLeaks": false,
  "setupFiles": [
    "C:\\gwinnem\\keystone-dashboard-layout\\packages\\vue\\.stryker-tmp\\sandbox-aPLsfT\\stryker-setup-11.js",
    "C:/gwinnem/keystone-dashboard-layout/packages/vue/.stryker-tmp/sandbox-aPLsfT/tests/setup.ts"
  ],
  "deps": {
    "moduleDirectories": [
      "/node_modules/"
    ],
    "optimizer": {
      "ssr": {
        "enabled": false
      },
      "client": {
        "enabled": false
      }
    },
    "web": {
      "transformAssets": true,
      "transformCss": true,
      "transformGlobPattern": []
    }
  },
  "server": {
    "deps": {}
  },
  "config": "C:\\gwinnem\\keystone-dashboard-layout\\packages\\vue\\.stryker-tmp\\sandbox-aPLsfT\\vitest.config.js",
  "threads": true,
  "pool": "threads",
  "poolOptions": {
    "threads": {
      "maxThreads": 1,
      "minThreads": 1
    }
  },
  "maxWorkers": 1,
  "singleThread": false,
  "bail": 1,
  "defines": {},
  "viteDefine": {},
  "root": "C:/gwinnem/keystone-dashboard-layout/packages/vue/.stryker-tmp/sandbox-aPLsfT",
  "mode": "test",
  "project": [],
  "provide": {},
  "tags": [],
  "name": "",
  "inspector": {
    "enabled": false,
    "waitForDebugger": false
  },
  "clearScreen": true,
  "browser": {
    "enabled": false,
    "headless": false,
    "isolate": true,
    "fileParallelism": true,
    "ui": true,
    "commands": {},
    "detailsPanelPosition": "right",
    "viewport": {
      "width": 414,
      "height": 896
    },
    "locators": {
      "testIdAttribute": "data-testid",
      "exact": false
    },
    "screenshotFailures": false,
    "api": {
      "port": 63315,
      "allowWrite": true,
      "allowExec": true
    },
    "trace": {
      "mode": "off"
    }
  },
  "expect": {},
  "globalSetup": [],
  "attachmentsDir": "C:/gwinnem/keystone-dashboard-layout/packages/vue/.stryker-tmp/sandbox-aPLsfT/.vitest-attachments",
  "snapshotOptions": {
    "expand": false,
    "snapshotFormat": {},
    "updateSnapshot": "new",
    "snapshotEnvironment": null
  },
  "snapshotSerializers": [],
  "execArgv": [],
  "cache": {
    "dir": "C:/gwinnem/keystone-dashboard-layout/packages/vue/.stryker-tmp/sandbox-aPLsfT/node_modules/.vite/vitest/da39a3ee5e6b4b0d3255bfef95601890afd80709"
  },
  "sequence": {
    "groupOrder": 0,
    "hooks": "stack"
  },
  "testTimeout": 5000,
  "hookTimeout": 10000,
  "experimental": {
    "importDurations": {
      "print": false,
      "failOnDanger": false,
      "limit": 0,
      "thresholds": {
        "warn": 100,
        "danger": 500
      }
    }
  }
}
15:26:05 (44804) DEBUG ChildProcessProxy Started ChildProcessTestRunnerWorker in worker process 14 with pid 19676 
15:26:06 (32156) DEBUG PluginLoader Loading plugin file:///C:/gwinnem/keystone-dashboard-layout/node_modules/.pnpm/@stryker-mutator+instrumenter@9.6.1_supports-color@8.1.1/node_modules/@stryker-mutator/instrumenter/dist/src/frameworks/index.js
15:26:06 (32156) DEBUG PluginLoader Loading plugin file:///C:/gwinnem/keystone-dashboard-layout/node_modules/.pnpm/@stryker-mutator+core@9.6.1_911149adbd3acc9b701e5200d679170d/node_modules/@stryker-mutator/core/dist/src/reporters/index.js
15:26:06 (53196) DEBUG PluginLoader Loading plugin @stryker-mutator/vitest-runner
15:26:06 (32156) DEBUG ChildProcessProxyWorker Changing current working directory for this process to C:\gwinnem\keystone-dashboard-layout\packages\vue\.stryker-tmp\sandbox-aPLsfT
15:26:07 (19676) DEBUG PluginLoader Loading plugin @stryker-mutator/vitest-runner
15:26:07 (53196) DEBUG PluginLoader Loading plugin file:///C:/gwinnem/keystone-dashboard-layout/node_modules/.pnpm/@stryker-mutator+instrumenter@9.6.1_supports-color@8.1.1/node_modules/@stryker-mutator/instrumenter/dist/src/frameworks/index.js
15:26:07 (53196) DEBUG PluginLoader Loading plugin file:///C:/gwinnem/keystone-dashboard-layout/node_modules/.pnpm/@stryker-mutator+core@9.6.1_911149adbd3acc9b701e5200d679170d/node_modules/@stryker-mutator/core/dist/src/reporters/index.js
15:26:07 (44804) TRACE ChildProcessProxy  DEPRECATED  `test.poolOptions` was removed in Vitest 4. All previous `poolOptions` are now top-level options. Please, refer to the migration guide: https://vitest.dev/guide/migration#pool-rework

15:26:07 (19676) DEBUG PluginLoader Loading plugin file:///C:/gwinnem/keystone-dashboard-layout/node_modules/.pnpm/@stryker-mutator+instrumenter@9.6.1_supports-color@8.1.1/node_modules/@stryker-mutator/instrumenter/dist/src/frameworks/index.js
15:26:07 (19676) DEBUG PluginLoader Loading plugin file:///C:/gwinnem/keystone-dashboard-layout/node_modules/.pnpm/@stryker-mutator+core@9.6.1_911149adbd3acc9b701e5200d679170d/node_modules/@stryker-mutator/core/dist/src/reporters/index.js
15:26:07 (32156) DEBUG VitestTestRunner vitest final config: {
  "allowOnly": true,
  "isolate": true,
  "watch": false,
  "globals": true,
  "environment": "jsdom",
  "clearMocks": false,
  "restoreMocks": false,
  "mockReset": false,
  "unstubGlobals": false,
  "unstubEnvs": false,
  "include": [
    "tests/*.spec.ts",
    "tests/unit/*.spec.ts"
  ],
  "exclude": [
    "**/node_modules/**",
    "**/.git/**"
  ],
  "teardownTimeout": 10000,
  "forceRerunTriggers": [
    "**/package.json/**",
    "**/{vitest,vite}.config.*/**",
    "C:/gwinnem/keystone-dashboard-layout/packages/vue/.stryker-tmp/sandbox-aPLsfT/tests/setup.ts"
  ],
  "update": false,
  "reporters": [
    [
      "default",
      {}
    ]
  ],
  "silent": false,
  "hideSkippedTests": false,
  "api": {
    "middlewareMode": true,
    "allowWrite": true,
    "allowExec": true,
    "token": "ccec7066-9a55-4dda-87c0-31762a7d2cac"
  },
  "ui": false,
  "uiBase": "/__vitest__/",
  "open": true,
  "css": {
    "include": [],
    "modules": {
      "classNameStrategy": "stable"
    }
  },
  "coverage": {
    "provider": "v8",
    "enabled": false,
    "clean": true,
    "cleanOnRerun": true,
    "reportsDirectory": "./tests/coverage",
    "exclude": [
      "src/vite-env.d.ts",
      "src/components/Grid/grid-layout-props.interface.ts",
      "src/components/Grid/grid-item-props.interface.ts",
      "src/components/Grid/composables/grid-item-composable-context.ts",
      "src/components/index.ts",
      "tests/setup.ts",
      "tests/*.spec.ts",
      "tests/unit/*.spec.ts",
      "C:/gwinnem/keystone-dashboard-layout/packages/vue/.stryker-tmp/sandbox-aPLsfT/vitest.config.js",
      "vitest.config.ts",
      "vitest.config.mts",
      "vitest.config.cts",
      "vitest.config.js",
      "vitest.config.mjs",
      "vitest.config.cjs",
      "vite.config.ts",
      "vite.config.mts",
      "vite.config.cts",
      "vite.config.js",
      "vite.config.mjs",
      "vite.config.cjs",
      "**/virtual:*",
      "**/__x00__*",
      "**/node_modules/**"
    ],
    "reportOnFailure": false,
    "reporter": [
      [
        "text",
        {}
      ],
      [
        "json",
        {}
      ],
      [
        "html",
        {}
      ]
    ],
    "allowExternal": false,
    "excludeAfterRemap": false,
    "processingConcurrency": 16,
    "ignoreClassMethods": [],
    "skipFull": false,
    "watermarks": {
      "statements": [
        50,
        80
      ],
      "functions": [
        50,
        80
      ],
      "branches": [
        50,
        80
      ],
      "lines": [
        50,
        80
      ]
    },
    "include": [
      "src/**/*.{ts,vue}"
    ],
    "thresholds": {
      "lines": 90,
      "functions": 90,
      "branches": 90,
      "statements": 90
    }
  },
  "fakeTimers": {
    "loopLimit": 10000,
    "shouldClearNativeTimers": true
  },
  "maxConcurrency": 1,
  "dangerouslyIgnoreUnhandledErrors": false,
  "typecheck": {
    "checker": "tsc",
    "include": [
      "**/*.{test,spec}-d.?(c|m)[jt]s?(x)"
    ],
    "exclude": [
      "**/node_modules/**",
      "**/.git/**"
    ],
    "enabled": false
  },
  "slowTestThreshold": 300,
  "disableConsoleIntercept": false,
  "detectAsyncLeaks": false,
  "setupFiles": [
    "C:\\gwinnem\\keystone-dashboard-layout\\packages\\vue\\.stryker-tmp\\sandbox-aPLsfT\\stryker-setup-12.js",
    "C:/gwinnem/keystone-dashboard-layout/packages/vue/.stryker-tmp/sandbox-aPLsfT/tests/setup.ts"
  ],
  "deps": {
    "moduleDirectories": [
      "/node_modules/"
    ],
    "optimizer": {
      "ssr": {
        "enabled": false
      },
      "client": {
        "enabled": false
      }
    },
    "web": {
      "transformAssets": true,
      "transformCss": true,
      "transformGlobPattern": []
    }
  },
  "server": {
    "deps": {}
  },
  "config": "C:\\gwinnem\\keystone-dashboard-layout\\packages\\vue\\.stryker-tmp\\sandbox-aPLsfT\\vitest.config.js",
  "threads": true,
  "pool": "threads",
  "poolOptions": {
    "threads": {
      "maxThreads": 1,
      "minThreads": 1
    }
  },
  "maxWorkers": 1,
  "singleThread": false,
  "bail": 1,
  "defines": {},
  "viteDefine": {},
  "root": "C:/gwinnem/keystone-dashboard-layout/packages/vue/.stryker-tmp/sandbox-aPLsfT",
  "mode": "test",
  "project": [],
  "provide": {},
  "tags": [],
  "name": "",
  "inspector": {
    "enabled": false,
    "waitForDebugger": false
  },
  "clearScreen": true,
  "browser": {
    "enabled": false,
    "headless": false,
    "isolate": true,
    "fileParallelism": true,
    "ui": true,
    "commands": {},
    "detailsPanelPosition": "right",
    "viewport": {
      "width": 414,
      "height": 896
    },
    "locators": {
      "testIdAttribute": "data-testid",
      "exact": false
    },
    "screenshotFailures": false,
    "api": {
      "port": 63315,
      "allowWrite": true,
      "allowExec": true
    },
    "trace": {
      "mode": "off"
    }
  },
  "expect": {},
  "globalSetup": [],
  "attachmentsDir": "C:/gwinnem/keystone-dashboard-layout/packages/vue/.stryker-tmp/sandbox-aPLsfT/.vitest-attachments",
  "snapshotOptions": {
    "expand": false,
    "snapshotFormat": {},
    "updateSnapshot": "new",
    "snapshotEnvironment": null
  },
  "snapshotSerializers": [],
  "execArgv": [],
  "cache": {
    "dir": "C:/gwinnem/keystone-dashboard-layout/packages/vue/.stryker-tmp/sandbox-aPLsfT/node_modules/.vite/vitest/da39a3ee5e6b4b0d3255bfef95601890afd80709"
  },
  "sequence": {
    "groupOrder": 0,
    "hooks": "stack"
  },
  "testTimeout": 5000,
  "hookTimeout": 10000,
  "experimental": {
    "importDurations": {
      "print": false,
      "failOnDanger": false,
      "limit": 0,
      "thresholds": {
        "warn": 100,
        "danger": 500
      }
    }
  }
}
15:26:07 (44804) ERROR DryRunExecutor One or more tests resulted in an error:
	Test runner crashed. Tried twice to restart it without any luck. Last time the error message was: Error: Error: [@vue/compiler-sfc] Failed to resolve import source "@/core/griditem/enums/EGridItemEvents".

C:/gwinnem/keystone-dashboard-layout/packages/vue/.stryker-tmp/sandbox-aPLsfT/src/components/common/CustomCloseButton.vue
33 |  
34 |    const emit = defineEmits<{
35 |      (e: EGridItemEvent.REMOVE_ITEM, value: string | number): void;
   |          ^^^^^^^^^^^^^^^^^^^^^^^^^^
36 |    }>();
37 |  
Error: [@vue/compiler-sfc] Failed to resolve import source "@/core/griditem/enums/EGridItemEvents".

C:/gwinnem/keystone-dashboard-layout/packages/vue/.stryker-tmp/sandbox-aPLsfT/src/components/common/CustomCloseButton.vue
33 |  
34 |    const emit = defineEmits<{
35 |      (e: EGridItemEvent.REMOVE_ITEM, value: string | number): void;
   |          ^^^^^^^^^^^^^^^^^^^^^^^^^^
36 |    }>();
37 |  
    at ScriptCompileContext.error (C:\gwinnem\keystone-dashboard-layout\node_modules\.pnpm\@vue+compiler-sfc@3.5.41\node_modules\@vue\compiler-sfc\dist\compiler-sfc.cjs.js:20270:11)
    at importSourceToScope (C:\gwinnem\keystone-dashboard-layout\node_modules\.pnpm\@vue+compiler-sfc@3.5.41\node_modules\@vue\compiler-sfc\dist\compiler-sfc.cjs.js:23643:16)
    at resolveTypeFromImport (C:\gwinnem\keystone-dashboard-layout\node_modules\.pnpm\@vue+compiler-sfc@3.5.41\node_modules\@vue\compiler-sfc\dist\compiler-sfc.cjs.js:23586:23)
    at innerResolveTypeReference (C:\gwinnem\keystone-dashboard-layout\node_modules\.pnpm\@vue+compiler-sfc@3.5.41\node_modules\@vue\compiler-sfc\dist\compiler-sfc.cjs.js:23469:14)
    at innerResolveTypeReference (C:\gwinnem\keystone-dashboard-layout\node_modules\.pnpm\@vue+compiler-sfc@3.5.41\node_modules\@vue\compiler-sfc\dist\compiler-sfc.cjs.js:23492:14)
    at resolveTypeReference (C:\gwinnem\keystone-dashboard-layout\node_modules\.pnpm\@vue+compiler-sfc@3.5.41\node_modules\@vue\compiler-sfc\dist\compiler-sfc.cjs.js:23457:20)
    at resolveUnionType (C:\gwinnem\keystone-dashboard-layout\node_modules\.pnpm\@vue+compiler-sfc@3.5.41\node_modules\@vue\compiler-sfc\dist\compiler-sfc.cjs.js:24571:22)
    at extractEventNames (C:\gwinnem\keystone-dashboard-layout\node_modules\.pnpm\@vue+compiler-sfc@3.5.41\node_modules\@vue\compiler-sfc\dist\compiler-sfc.cjs.js:25242:19)
    at extractRuntimeEmits (C:\gwinnem\keystone-dashboard-layout\node_modules\.pnpm\@vue+compiler-sfc@3.5.41\node_modules\@vue\compiler-sfc\dist\compiler-sfc.cjs.js:25235:7)
    at genRuntimeEmits (C:\gwinnem\keystone-dashboard-layout\node_modules\.pnpm\@vue+compiler-sfc@3.5.41\node_modules\@vue\compiler-sfc\dist\compiler-sfc.cjs.js:25203:31)
Error: Error: [@vue/compiler-sfc] Failed to resolve import source "@/core/griditem/enums/EGridItemEvents".

C:/gwinnem/keystone-dashboard-layout/packages/vue/.stryker-tmp/sandbox-aPLsfT/src/components/common/CustomCloseButton.vue
33 |  
34 |    const emit = defineEmits<{
35 |      (e: EGridItemEvent.REMOVE_ITEM, value: string | number): void;
   |          ^^^^^^^^^^^^^^^^^^^^^^^^^^
36 |    }>();
37 |  
Error: [@vue/compiler-sfc] Failed to resolve import source "@/core/griditem/enums/EGridItemEvents".

C:/gwinnem/keystone-dashboard-layout/packages/vue/.stryker-tmp/sandbox-aPLsfT/src/components/common/CustomCloseButton.vue
33 |  
34 |    const emit = defineEmits<{
35 |      (e: EGridItemEvent.REMOVE_ITEM, value: string | number): void;
   |          ^^^^^^^^^^^^^^^^^^^^^^^^^^
36 |    }>();
37 |  
    at ScriptCompileContext.error (C:\gwinnem\keystone-dashboard-layout\node_modules\.pnpm\@vue+compiler-sfc@3.5.41\node_modules\@vue\compiler-sfc\dist\compiler-sfc.cjs.js:20270:11)
    at importSourceToScope (C:\gwinnem\keystone-dashboard-layout\node_modules\.pnpm\@vue+compiler-sfc@3.5.41\node_modules\@vue\compiler-sfc\dist\compiler-sfc.cjs.js:23643:16)
    at resolveTypeFromImport (C:\gwinnem\keystone-dashboard-layout\node_modules\.pnpm\@vue+compiler-sfc@3.5.41\node_modules\@vue\compiler-sfc\dist\compiler-sfc.cjs.js:23586:23)
    at innerResolveTypeReference (C:\gwinnem\keystone-dashboard-layout\node_modules\.pnpm\@vue+compiler-sfc@3.5.41\node_modules\@vue\compiler-sfc\dist\compiler-sfc.cjs.js:23469:14)
    at innerResolveTypeReference (C:\gwinnem\keystone-dashboard-layout\node_modules\.pnpm\@vue+compiler-sfc@3.5.41\node_modules\@vue\compiler-sfc\dist\compiler-sfc.cjs.js:23492:14)
    at resolveTypeReference (C:\gwinnem\keystone-dashboard-layout\node_modules\.pnpm\@vue+compiler-sfc@3.5.41\node_modules\@vue\compiler-sfc\dist\compiler-sfc.cjs.js:23457:20)
    at resolveUnionType (C:\gwinnem\keystone-dashboard-layout\node_modules\.pnpm\@vue+compiler-sfc@3.5.41\node_modules\@vue\compiler-sfc\dist\compiler-sfc.cjs.js:24571:22)
    at extractEventNames (C:\gwinnem\keystone-dashboard-layout\node_modules\.pnpm\@vue+compiler-sfc@3.5.41\node_modules\@vue\compiler-sfc\dist\compiler-sfc.cjs.js:25242:19)
    at extractRuntimeEmits (C:\gwinnem\keystone-dashboard-layout\node_modules\.pnpm\@vue+compiler-sfc@3.5.41\node_modules\@vue\compiler-sfc\dist\compiler-sfc.cjs.js:25235:7)
    at genRuntimeEmits (C:\gwinnem\keystone-dashboard-layout\node_modules\.pnpm\@vue+compiler-sfc@3.5.41\node_modules\@vue\compiler-sfc\dist\compiler-sfc.cjs.js:25203:31)
    at ChildProcess.<anonymous> (file:///C:/gwinnem/keystone-dashboard-layout/node_modules/.pnpm/@stryker-mutator+core@9.6.1_911149adbd3acc9b701e5200d679170d/node_modules/@stryker-mutator/core/dist/src/child-proxy/child-process-proxy.js:123:33)
    at ChildProcess.emit (node:events:509:28)
    at emit (node:internal/child_process:989:14)
    at process.processTicksAndRejections (node:internal/process/task_queues:91:21)
15:26:07 (44804) DEBUG Stryker Not removing the temp dir because an error occurred
15:26:07 (44804) ERROR Stryker Unexpected error occurred while running Stryker Error: Something went wrong in the initial test run
    at DryRunExecutor.validateResultCompleted (file:///C:/gwinnem/keystone-dashboard-layout/node_modules/.pnpm/@stryker-mutator+core@9.6.1_911149adbd3acc9b701e5200d679170d/node_modules/@stryker-mutator/core/dist/src/process/3-dry-run-executor.js:76:15)
    at DryRunExecutor.executeDryRun (file:///C:/gwinnem/keystone-dashboard-layout/node_modules/.pnpm/@stryker-mutator+core@9.6.1_911149adbd3acc9b701e5200d679170d/node_modules/@stryker-mutator/core/dist/src/process/3-dry-run-executor.js:100:14)
    at process.processTicksAndRejections (node:internal/process/task_queues:104:5)
    at async WorkItem.execute (file:///C:/gwinnem/keystone-dashboard-layout/node_modules/.pnpm/@stryker-mutator+core@9.6.1_911149adbd3acc9b701e5200d679170d/node_modules/@stryker-mutator/core/dist/src/concurrent/pool.js:32:28)
    at async file:///C:/gwinnem/keystone-dashboard-layout/node_modules/.pnpm/@stryker-mutator+core@9.6.1_911149adbd3acc9b701e5200d679170d/node_modules/@stryker-mutator/core/dist/src/concurrent/pool.js:69:13
15:26:07 (44804) INFO Stryker This might be a known problem with a solution documented in our troubleshooting guide.
15:26:07 (44804) INFO Stryker You can find it at https://stryker-mutator.io/docs/stryker-js/troubleshooting/
15:26:07 (44804) DEBUG ChildProcessProxy Disposing of worker process 64264
15:26:07 (44804) DEBUG ChildProcessProxy Disposing of worker process 64968
15:26:07 (44804) DEBUG ChildProcessProxy Disposing of worker process 37340
15:26:07 (44804) DEBUG ChildProcessProxy Disposing of worker process 15104
15:26:07 (44804) DEBUG ChildProcessProxy Disposing of worker process 38124
15:26:07 (44804) DEBUG ChildProcessProxy Disposing of worker process 27332
15:26:07 (44804) DEBUG ChildProcessProxy Disposing of worker process 38360
15:26:07 (44804) DEBUG ChildProcessProxy Disposing of worker process 59984
15:26:07 (44804) DEBUG ChildProcessProxy Disposing of worker process 34856
15:26:07 (44804) DEBUG ChildProcessProxy Kill 64264
15:26:07 (44804) DEBUG ChildProcessProxy Kill 64968
15:26:07 (44804) DEBUG ChildProcessProxy Kill 37340
15:26:07 (44804) DEBUG ChildProcessProxy Kill 15104
15:26:07 (44804) DEBUG ChildProcessProxy Kill 38124
15:26:07 (44804) DEBUG ChildProcessProxy Kill 27332
15:26:07 (44804) DEBUG ChildProcessProxy Kill 38360
15:26:08 (44804) DEBUG ChildProcessProxy Kill 59984
15:26:08 (44804) DEBUG ChildProcessProxy Kill 34856
15:26:08 (44804) DEBUG ChildProcessProxy Disposing of worker process 32156
15:26:07 (53196) DEBUG ChildProcessProxyWorker Changing current working directory for this process to C:\gwinnem\keystone-dashboard-layout\packages\vue\.stryker-tmp\sandbox-aPLsfT
15:26:08 (44804) DEBUG ChildProcessProxy Disposing of worker process 53196
15:26:08 (44804) DEBUG ChildProcessProxy Kill 53196
15:26:08 (44804) DEBUG ChildProcessProxy Kill 32156
15:26:08 (19676) DEBUG ChildProcessProxyWorker Changing current working directory for this process to C:\gwinnem\keystone-dashboard-layout\packages\vue\.stryker-tmp\sandbox-aPLsfT
15:26:08 (44804) DEBUG ChildProcessProxy Disposing of worker process 19676
15:26:08 (44804) DEBUG ChildProcessProxy Kill 19676
15:26:08 (44804) TRACE ChildProcessProxy  DEPRECATED  `test.poolOptions` was removed in Vitest 4. All previous `poolOptions` are now top-level options. Please, refer to the migration guide: https://vitest.dev/guide/migration#pool-rework

15:26:09 (44804) TRACE ChildProcessProxy  DEPRECATED  `test.poolOptions` was removed in Vitest 4. All previous `poolOptions` are now top-level options. Please, refer to the migration guide: https://vitest.dev/guide/migration#pool-rework

15:26:09 (44804) DEBUG ChildProcessProxy Disposing of worker process 15772
15:26:09 (44804) DEBUG ChildProcessProxy Kill 15772
16:40:35 (52444) DEBUG ConfigReader Loading config from stryker.conf.json
16:40:35 (52444) DEBUG ConfigReader Loaded config: {
  "$schema": "https://raw.githubusercontent.com/stryker-mutator/stryker-js/master/packages/api/schema/stryker-schema.json",
  "_comment_plugins": "Explicit, not Stryker's own default '@stryker-mutator/*' glob — a real, confirmed bug under this monorepo's pnpm workspace structure, not a stylistic preference: that glob resolves relative to wherever @stryker-mutator/core itself is physically installed, then looks for sibling '@stryker-mutator/*' packages inside *its own* node_modules. Under pnpm's strict, non-hoisting structure, that folder only ever contains core's own direct dependencies (confirmed via a real debug trace against this exact class of failure in the Angular package's own stryker.conf.json: '@stryker-mutator/instrumenter' loaded fine this way, since it *is* one) — never a sibling devDependency of *this* package, like vitest-runner, which lives in a completely separate, isolated part of the pnpm store the glob has no way to see. Naming the plugin explicitly instead makes Stryker resolve it via normal Node module resolution (walking up from this config file's own directory), which correctly finds it.",
  "_comment_known_limitation": "PAUSED, not resolved — a real run against this config still fails with '[@vue/compiler-sfc] Failed to resolve import source \"@/core/griditem/enums/EGridItemEvents\"' (confirmed via --logLevel debug, not assumed). Root cause: this package's own '@/core' alias reaches into the sibling packages/core workspace package, but Stryker's default sandboxing only copies the current project directory (packages/vue) into its temp sandbox — it has no awareness of a path alias reaching outside that directory, so packages/core is simply absent from the sandbox, even though the import is completely valid in the real project. A `files`-style option to include the sibling directory may exist in principle, but doesn't appear to be a currently-supported option in this Stryker version (not present in v9.6.1's own full config dump); the more structurally reliable fix would be invoking Stryker from the monorepo root instead of this package's own directory, so both packages/vue and packages/core fall inside the sandboxed working tree — not attempted yet. Angular and React almost certainly hit the identical issue, since both also depend on the sibling core package. Deliberately left un-fixed for now rather than guessed at further; revisit this comment before re-attempting.",
  "packageManager": "npm",
  "plugins": [
    "@stryker-mutator/vitest-runner"
  ],
  "testRunner": "vitest",
  "reporters": [
    "clear-text",
    "progress",
    "html"
  ],
  "htmlReporter": {
    "fileName": "reports/mutation/index.html"
  },
  "coverageAnalysis": "perTest",
  "timeoutMS": 15000,
  "_comment_mutate": "'src/core/**/*.ts' removed (a real, confirmed bug, not a stylistic cleanup): this package's own src/ has no core directory at all — @keystone-dashboard-layout/core is a separate workspace package reached via the '@/core' path alias, not a local folder. The glob matched zero files (confirmed via a real stryker run: 'Glob pattern src/core/**/*.ts did not result in any files'), silently excluding those 0 files rather than erroring, which is why this went unnoticed until now.",
  "mutate": [
    "src/components/Grid/composables/*.ts",
    "src/composables/*.ts",
    "src/hooks/*.ts",
    "!src/**/*.d.ts"
  ],
  "ignorePatterns": [
    "demo",
    "sandbox",
    "vitepress-docs",
    "docs",
    "dist",
    "dist-demo"
  ],
  "fileLogLevel": "trace",
  "logLevel": "debug",
  "allowConsoleColors": true,
  "checkers": [],
  "checkerNodeArgs": [],
  "commandRunner": {
    "command": "npm test"
  },
  "clearTextReporter": {
    "allowColor": true,
    "allowEmojis": false,
    "logTests": true,
    "maxTestsToLog": 3,
    "reportTests": true,
    "reportMutants": true,
    "reportScoreTable": true,
    "skipFull": false
  },
  "dashboard": {
    "baseUrl": "https://dashboard.stryker-mutator.io/api/reports",
    "reportType": "full"
  },
  "dryRunOnly": false,
  "eventReporter": {
    "baseDir": "reports/mutation/events"
  },
  "ignoreStatic": false,
  "incremental": false,
  "incrementalFile": "reports/stryker-incremental.json",
  "force": false,
  "inPlace": false,
  "maxConcurrentTestRunners": 9007199254740991,
  "maxTestRunnerReuse": 0,
  "mutator": {
    "plugins": null,
    "excludedMutations": []
  },
  "appendPlugins": [],
  "jsonReporter": {
    "fileName": "reports/mutation/mutation.json"
  },
  "disableTypeChecks": true,
  "symlinkNodeModules": true,
  "tempDirName": ".stryker-tmp",
  "cleanTempDir": true,
  "testRunnerNodeArgs": [],
  "thresholds": {
    "high": 80,
    "low": 60,
    "break": null
  },
  "timeoutFactor": 1.5,
  "dryRunTimeoutMinutes": 5,
  "tsconfigFile": "tsconfig.json",
  "warnings": true,
  "disableBail": false,
  "allowEmpty": false,
  "ignorers": [],
  "testFiles": []
}
16:40:35 (52444) DEBUG PluginLoader Loading plugin @stryker-mutator/vitest-runner
16:40:40 (52444) DEBUG PluginLoader Loading plugin file:///C:/gwinnem/keystone-dashboard-layout/node_modules/.pnpm/@stryker-mutator+instrumenter@9.6.1_supports-color@8.1.1/node_modules/@stryker-mutator/instrumenter/dist/src/frameworks/index.js
16:40:40 (52444) DEBUG PluginLoader Loading plugin file:///C:/gwinnem/keystone-dashboard-layout/node_modules/.pnpm/@stryker-mutator+core@9.6.1_911149adbd3acc9b701e5200d679170d/node_modules/@stryker-mutator/core/dist/src/reporters/index.js
16:40:40 (52444) DEBUG MetaSchemaBuilder Contributing 1 schemas from plugins to options validation.
16:40:40 (52444) WARN OptionsValidator Unknown stryker config option "_comment_plugins".
16:40:40 (52444) WARN OptionsValidator Unknown stryker config option "_comment_known_limitation".
16:40:40 (52444) WARN OptionsValidator Unknown stryker config option "_comment_mutate".
16:40:40 (52444) WARN OptionsValidator Possible causes:
     * Is it a typo on your end?
     * Did you only write this property as a comment? If so, please postfix it with "_comment".
     * You might be missing a plugin that is supposed to use it. Stryker loaded plugins from: ["@stryker-mutator/vitest-runner"]
     * The plugin that is using it did not contribute explicit validation. 
     (disable "warnings.unknownOptions" to ignore this warning)
16:40:40 (52444) INFO ProjectReader Found 12 of 114 file(s) to be mutated.
16:40:40 (52444) DEBUG ProjectReader All input files: [
  "C:\\gwinnem\\keystone-dashboard-layout\\packages\\vue\\.releaserc.json",
  "C:\\gwinnem\\keystone-dashboard-layout\\packages\\vue\\CHANGELOG.md",
  "C:\\gwinnem\\keystone-dashboard-layout\\packages\\vue\\COMPARISON_ALTERNATIVES.md",
  "C:\\gwinnem\\keystone-dashboard-layout\\packages\\vue\\COMPARISON_COMMERCIAL.md",
  "C:\\gwinnem\\keystone-dashboard-layout\\packages\\vue\\COMPETITIVE_ROADMAP.md",
  "C:\\gwinnem\\keystone-dashboard-layout\\packages\\vue\\dev-shared\\tokens.css",
  "C:\\gwinnem\\keystone-dashboard-layout\\packages\\vue\\e2e\\advanced-features.spec.ts",
  "C:\\gwinnem\\keystone-dashboard-layout\\packages\\vue\\e2e\\basic-grid.spec.ts",
  "C:\\gwinnem\\keystone-dashboard-layout\\packages\\vue\\e2e\\drag-and-resize.spec.ts",
  "C:\\gwinnem\\keystone-dashboard-layout\\packages\\vue\\e2e\\dynamic-items.spec.ts",
  "C:\\gwinnem\\keystone-dashboard-layout\\packages\\vue\\e2e\\external-drop.spec.ts",
  "C:\\gwinnem\\keystone-dashboard-layout\\packages\\vue\\e2e\\helpers.ts",
  "C:\\gwinnem\\keystone-dashboard-layout\\packages\\vue\\e2e\\item-overrides.spec.ts",
  "C:\\gwinnem\\keystone-dashboard-layout\\packages\\vue\\e2e\\keyboard-accessibility.spec.ts",
  "C:\\gwinnem\\keystone-dashboard-layout\\packages\\vue\\e2e\\responsive.spec.ts",
  "C:\\gwinnem\\keystone-dashboard-layout\\packages\\vue\\e2e\\touch-input.spec.ts",
  "C:\\gwinnem\\keystone-dashboard-layout\\packages\\vue\\e2e\\visual-regression.spec.ts",
  "C:\\gwinnem\\keystone-dashboard-layout\\packages\\vue\\env.d.ts",
  "C:\\gwinnem\\keystone-dashboard-layout\\packages\\vue\\eslint.config.js",
  "C:\\gwinnem\\keystone-dashboard-layout\\packages\\vue\\FEATURES.md",
  "C:\\gwinnem\\keystone-dashboard-layout\\packages\\vue\\index.html",
  "C:\\gwinnem\\keystone-dashboard-layout\\packages\\vue\\INSTALL.md",
  "C:\\gwinnem\\keystone-dashboard-layout\\packages\\vue\\MANUAL_TEST_CHECKLIST.md",
  "C:\\gwinnem\\keystone-dashboard-layout\\packages\\vue\\MIGRATION.md",
  "C:\\gwinnem\\keystone-dashboard-layout\\packages\\vue\\package-lock.json.bak",
  "C:\\gwinnem\\keystone-dashboard-layout\\packages\\vue\\package.json",
  "C:\\gwinnem\\keystone-dashboard-layout\\packages\\vue\\playwright.config.ts",
  "C:\\gwinnem\\keystone-dashboard-layout\\packages\\vue\\PRODUCTION_READINESS.md",
  "C:\\gwinnem\\keystone-dashboard-layout\\packages\\vue\\README.md",
  "C:\\gwinnem\\keystone-dashboard-layout\\packages\\vue\\ROADMAP.md",
  "C:\\gwinnem\\keystone-dashboard-layout\\packages\\vue\\scripts\\check-bundle-size.js",
  "C:\\gwinnem\\keystone-dashboard-layout\\packages\\vue\\scripts\\check-package-install.js",
  "C:\\gwinnem\\keystone-dashboard-layout\\packages\\vue\\scripts\\generate-package.js",
  "C:\\gwinnem\\keystone-dashboard-layout\\packages\\vue\\src\\assets\\close.svg",
  "C:\\gwinnem\\keystone-dashboard-layout\\packages\\vue\\src\\assets\\resize.svg",
  "C:\\gwinnem\\keystone-dashboard-layout\\packages\\vue\\src\\components\\common\\CustomCloseButton.vue",
  "C:\\gwinnem\\keystone-dashboard-layout\\packages\\vue\\src\\components\\common\\CustomDragElement.vue",
  "C:\\gwinnem\\keystone-dashboard-layout\\packages\\vue\\src\\components\\Grid\\composables\\grid-item-composable-context.ts",
  "C:\\gwinnem\\keystone-dashboard-layout\\packages\\vue\\src\\components\\Grid\\composables\\useCrossGridDrag.ts",
  "C:\\gwinnem\\keystone-dashboard-layout\\packages\\vue\\src\\components\\Grid\\composables\\useGridItemDrag.ts",
  "C:\\gwinnem\\keystone-dashboard-layout\\packages\\vue\\src\\components\\Grid\\composables\\useGridItemKeyboard.ts",
  "C:\\gwinnem\\keystone-dashboard-layout\\packages\\vue\\src\\components\\Grid\\composables\\useGridItemResize.ts",
  "C:\\gwinnem\\keystone-dashboard-layout\\packages\\vue\\src\\components\\Grid\\composables\\useMultiSelect.ts",
  "C:\\gwinnem\\keystone-dashboard-layout\\packages\\vue\\src\\components\\Grid\\composables\\useOutsideDrop.ts",
  "C:\\gwinnem\\keystone-dashboard-layout\\packages\\vue\\src\\components\\Grid\\composables\\useResponsiveLayout.ts",
  "C:\\gwinnem\\keystone-dashboard-layout\\packages\\vue\\src\\components\\Grid\\composables\\useUndoRedo.ts",
  "C:\\gwinnem\\keystone-dashboard-layout\\packages\\vue\\src\\components\\Grid\\grid-item-props.interface.ts",
  "C:\\gwinnem\\keystone-dashboard-layout\\packages\\vue\\src\\components\\Grid\\grid-layout-props.interface.ts",
  "C:\\gwinnem\\keystone-dashboard-layout\\packages\\vue\\src\\components\\Grid\\GridItem.vue",
  "C:\\gwinnem\\keystone-dashboard-layout\\packages\\vue\\src\\components\\Grid\\GridLayout.vue",
  "C:\\gwinnem\\keystone-dashboard-layout\\packages\\vue\\src\\components\\index.ts",
  "C:\\gwinnem\\keystone-dashboard-layout\\packages\\vue\\src\\composables\\useLayoutPresets.ts",
  "C:\\gwinnem\\keystone-dashboard-layout\\packages\\vue\\src\\composables\\useLayoutStorage.ts",
  "C:\\gwinnem\\keystone-dashboard-layout\\packages\\vue\\src\\hooks\\useInstance.ts",
  "C:\\gwinnem\\keystone-dashboard-layout\\packages\\vue\\src\\styles\\index.scss",
  "C:\\gwinnem\\keystone-dashboard-layout\\packages\\vue\\src\\styles\\variables.scss",
  "C:\\gwinnem\\keystone-dashboard-layout\\packages\\vue\\src\\vite-env.d.ts",
  "C:\\gwinnem\\keystone-dashboard-layout\\packages\\vue\\stryker.conf.json",
  "C:\\gwinnem\\keystone-dashboard-layout\\packages\\vue\\SUPPORT.md",
  "C:\\gwinnem\\keystone-dashboard-layout\\packages\\vue\\test-results\\.last-run.json",
  "C:\\gwinnem\\keystone-dashboard-layout\\packages\\vue\\test-results\\item-overrides-Per-item-ov-2e319-ed-to-the-unbounded-default-chromium\\error-context.md",
  "C:\\gwinnem\\keystone-dashboard-layout\\packages\\vue\\test-results\\item-overrides-Per-item-ov-2e319-ed-to-the-unbounded-default-chromium\\test-failed-1.png",
  "C:\\gwinnem\\keystone-dashboard-layout\\packages\\vue\\test-results\\item-overrides-Per-item-ov-2e319-ed-to-the-unbounded-default-firefox\\error-context.md",
  "C:\\gwinnem\\keystone-dashboard-layout\\packages\\vue\\test-results\\item-overrides-Per-item-ov-2e319-ed-to-the-unbounded-default-firefox\\test-failed-1.png",
  "C:\\gwinnem\\keystone-dashboard-layout\\packages\\vue\\test-results\\item-overrides-Per-item-ov-2e319-ed-to-the-unbounded-default-webkit\\error-context.md",
  "C:\\gwinnem\\keystone-dashboard-layout\\packages\\vue\\test-results\\item-overrides-Per-item-ov-2e319-ed-to-the-unbounded-default-webkit\\test-failed-1.png",
  "C:\\gwinnem\\keystone-dashboard-layout\\packages\\vue\\tests\\coverage\\base.css",
  "C:\\gwinnem\\keystone-dashboard-layout\\packages\\vue\\tests\\coverage\\block-navigation.js",
  "C:\\gwinnem\\keystone-dashboard-layout\\packages\\vue\\tests\\coverage\\components\\common\\CustomCloseButton.vue.html",
  "C:\\gwinnem\\keystone-dashboard-layout\\packages\\vue\\tests\\coverage\\components\\common\\CustomDragElement.vue.html",
  "C:\\gwinnem\\keystone-dashboard-layout\\packages\\vue\\tests\\coverage\\components\\common\\index.html",
  "C:\\gwinnem\\keystone-dashboard-layout\\packages\\vue\\tests\\coverage\\components\\Grid\\composables\\index.html",
  "C:\\gwinnem\\keystone-dashboard-layout\\packages\\vue\\tests\\coverage\\components\\Grid\\composables\\useCrossGridDrag.ts.html",
  "C:\\gwinnem\\keystone-dashboard-layout\\packages\\vue\\tests\\coverage\\components\\Grid\\composables\\useGridItemDrag.ts.html",
  "C:\\gwinnem\\keystone-dashboard-layout\\packages\\vue\\tests\\coverage\\components\\Grid\\composables\\useGridItemKeyboard.ts.html",
  "C:\\gwinnem\\keystone-dashboard-layout\\packages\\vue\\tests\\coverage\\components\\Grid\\composables\\useGridItemResize.ts.html",
  "C:\\gwinnem\\keystone-dashboard-layout\\packages\\vue\\tests\\coverage\\components\\Grid\\composables\\useMultiSelect.ts.html",
  "C:\\gwinnem\\keystone-dashboard-layout\\packages\\vue\\tests\\coverage\\components\\Grid\\composables\\useOutsideDrop.ts.html",
  "C:\\gwinnem\\keystone-dashboard-layout\\packages\\vue\\tests\\coverage\\components\\Grid\\composables\\useResponsiveLayout.ts.html",
  "C:\\gwinnem\\keystone-dashboard-layout\\packages\\vue\\tests\\coverage\\components\\Grid\\composables\\useUndoRedo.ts.html",
  "C:\\gwinnem\\keystone-dashboard-layout\\packages\\vue\\tests\\coverage\\components\\Grid\\GridItem.vue.html",
  "C:\\gwinnem\\keystone-dashboard-layout\\packages\\vue\\tests\\coverage\\components\\Grid\\GridLayout.vue.html",
  "C:\\gwinnem\\keystone-dashboard-layout\\packages\\vue\\tests\\coverage\\components\\Grid\\index.html",
  "C:\\gwinnem\\keystone-dashboard-layout\\packages\\vue\\tests\\coverage\\composables\\index.html",
  "C:\\gwinnem\\keystone-dashboard-layout\\packages\\vue\\tests\\coverage\\composables\\useLayoutPresets.ts.html",
  "C:\\gwinnem\\keystone-dashboard-layout\\packages\\vue\\tests\\coverage\\composables\\useLayoutStorage.ts.html",
  "C:\\gwinnem\\keystone-dashboard-layout\\packages\\vue\\tests\\coverage\\coverage-final.json",
  "C:\\gwinnem\\keystone-dashboard-layout\\packages\\vue\\tests\\coverage\\favicon.png",
  "C:\\gwinnem\\keystone-dashboard-layout\\packages\\vue\\tests\\coverage\\hooks\\index.html",
  "C:\\gwinnem\\keystone-dashboard-layout\\packages\\vue\\tests\\coverage\\hooks\\useInstance.ts.html",
  "C:\\gwinnem\\keystone-dashboard-layout\\packages\\vue\\tests\\coverage\\index.html",
  "C:\\gwinnem\\keystone-dashboard-layout\\packages\\vue\\tests\\coverage\\prettify.css",
  "C:\\gwinnem\\keystone-dashboard-layout\\packages\\vue\\tests\\coverage\\prettify.js",
  "C:\\gwinnem\\keystone-dashboard-layout\\packages\\vue\\tests\\coverage\\sort-arrow-sprite.png",
  "C:\\gwinnem\\keystone-dashboard-layout\\packages\\vue\\tests\\coverage\\sorter.js",
  "C:\\gwinnem\\keystone-dashboard-layout\\packages\\vue\\tests\\CustomCloseButton.spec.ts",
  "C:\\gwinnem\\keystone-dashboard-layout\\packages\\vue\\tests\\CustomDragElement.spec.ts",
  "C:\\gwinnem\\keystone-dashboard-layout\\packages\\vue\\tests\\GridItem.autoSize.spec.ts",
  "C:\\gwinnem\\keystone-dashboard-layout\\packages\\vue\\tests\\GridItem.spec.ts",
  "C:\\gwinnem\\keystone-dashboard-layout\\packages\\vue\\tests\\GridLayout.crossGrid.spec.ts",
  "C:\\gwinnem\\keystone-dashboard-layout\\packages\\vue\\tests\\GridLayout.spec.ts",
  "C:\\gwinnem\\keystone-dashboard-layout\\packages\\vue\\tests\\helpers\\mountGrid.ts",
  "C:\\gwinnem\\keystone-dashboard-layout\\packages\\vue\\tests\\setup.ts",
  "C:\\gwinnem\\keystone-dashboard-layout\\packages\\vue\\tests\\testLayout.ts",
  "C:\\gwinnem\\keystone-dashboard-layout\\packages\\vue\\tests\\useLayoutPresets.spec.ts",
  "C:\\gwinnem\\keystone-dashboard-layout\\packages\\vue\\tests\\useLayoutStorage.spec.ts",
  "C:\\gwinnem\\keystone-dashboard-layout\\packages\\vue\\tsconfig.build-types-core.json",
  "C:\\gwinnem\\keystone-dashboard-layout\\packages\\vue\\tsconfig.build-types.json",
  "C:\\gwinnem\\keystone-dashboard-layout\\packages\\vue\\tsconfig.config.json",
  "C:\\gwinnem\\keystone-dashboard-layout\\packages\\vue\\tsconfig.json",
  "C:\\gwinnem\\keystone-dashboard-layout\\packages\\vue\\vite.analyze.config.js",
  "C:\\gwinnem\\keystone-dashboard-layout\\packages\\vue\\vite.config.js",
  "C:\\gwinnem\\keystone-dashboard-layout\\packages\\vue\\vite.core.config.js",
  "C:\\gwinnem\\keystone-dashboard-layout\\packages\\vue\\vitest.config.js"
]
16:40:40 (52444) DEBUG ProjectReader Files to mutate: [
  "C:\\gwinnem\\keystone-dashboard-layout\\packages\\vue\\src\\components\\Grid\\composables\\grid-item-composable-context.ts",
  "C:\\gwinnem\\keystone-dashboard-layout\\packages\\vue\\src\\components\\Grid\\composables\\useCrossGridDrag.ts",
  "C:\\gwinnem\\keystone-dashboard-layout\\packages\\vue\\src\\components\\Grid\\composables\\useGridItemDrag.ts",
  "C:\\gwinnem\\keystone-dashboard-layout\\packages\\vue\\src\\components\\Grid\\composables\\useGridItemKeyboard.ts",
  "C:\\gwinnem\\keystone-dashboard-layout\\packages\\vue\\src\\components\\Grid\\composables\\useGridItemResize.ts",
  "C:\\gwinnem\\keystone-dashboard-layout\\packages\\vue\\src\\components\\Grid\\composables\\useMultiSelect.ts",
  "C:\\gwinnem\\keystone-dashboard-layout\\packages\\vue\\src\\components\\Grid\\composables\\useOutsideDrop.ts",
  "C:\\gwinnem\\keystone-dashboard-layout\\packages\\vue\\src\\components\\Grid\\composables\\useResponsiveLayout.ts",
  "C:\\gwinnem\\keystone-dashboard-layout\\packages\\vue\\src\\components\\Grid\\composables\\useUndoRedo.ts",
  "C:\\gwinnem\\keystone-dashboard-layout\\packages\\vue\\src\\composables\\useLayoutPresets.ts",
  "C:\\gwinnem\\keystone-dashboard-layout\\packages\\vue\\src\\composables\\useLayoutStorage.ts",
  "C:\\gwinnem\\keystone-dashboard-layout\\packages\\vue\\src\\hooks\\useInstance.ts"
]
16:40:40 (52444) DEBUG TemporaryDirectory Using temp directory "C:\gwinnem\keystone-dashboard-layout\packages\vue\.stryker-tmp\sandbox-pvAhkO"
16:40:40 (52444) DEBUG Instrumenter Instrumenting 12 source files with mutants
16:40:40 (52444) DEBUG Instrumenter Instrumented src\components\Grid\composables\grid-item-composable-context.ts (0 mutant(s))
16:40:40 (52444) DEBUG Instrumenter Instrumented src\components\Grid\composables\useCrossGridDrag.ts (65 mutant(s))
16:40:40 (52444) DEBUG Instrumenter Instrumented src\components\Grid\composables\useGridItemDrag.ts (123 mutant(s))
16:40:40 (52444) DEBUG Instrumenter Instrumented src\components\Grid\composables\useGridItemKeyboard.ts (88 mutant(s))
16:40:40 (52444) DEBUG Instrumenter Instrumented src\components\Grid\composables\useGridItemResize.ts (389 mutant(s))
16:40:41 (52444) DEBUG Instrumenter Instrumented src\components\Grid\composables\useMultiSelect.ts (74 mutant(s))
16:40:41 (52444) DEBUG Instrumenter Instrumented src\components\Grid\composables\useOutsideDrop.ts (70 mutant(s))
16:40:41 (52444) DEBUG Instrumenter Instrumented src\components\Grid\composables\useResponsiveLayout.ts (22 mutant(s))
16:40:41 (52444) DEBUG Instrumenter Instrumented src\components\Grid\composables\useUndoRedo.ts (62 mutant(s))
16:40:41 (52444) DEBUG Instrumenter Instrumented src\composables\useLayoutPresets.ts (58 mutant(s))
16:40:41 (52444) DEBUG Instrumenter Instrumented src\composables\useLayoutStorage.ts (53 mutant(s))
16:40:41 (52444) DEBUG Instrumenter Instrumented src\hooks\useInstance.ts (2 mutant(s))
16:40:41 (52444) INFO Instrumenter Instrumented 12 source file(s) with 1006 mutant(s)
16:40:41 (52444) DEBUG TSConfigPreprocessor Rewriting file ProjectFile {
  fs: [FileSystem],
  name: 'C:\\gwinnem\\keystone-dashboard-layout\\packages\\vue\\tsconfig.json',
  mutate: false
}
16:40:41 (52444) INFO ConcurrencyTokenProvider Creating 15 test runner process(es).
16:40:41 (52444) DEBUG ChildProcessProxy Started CheckerWorker in worker process 0 with pid 45860 
16:40:42 (45860) DEBUG PluginLoader Loading plugin @stryker-mutator/vitest-runner
16:40:42 (45860) DEBUG PluginLoader Loading plugin file:///C:/gwinnem/keystone-dashboard-layout/node_modules/.pnpm/@stryker-mutator+instrumenter@9.6.1_supports-color@8.1.1/node_modules/@stryker-mutator/instrumenter/dist/src/frameworks/index.js
16:40:42 (45860) DEBUG PluginLoader Loading plugin file:///C:/gwinnem/keystone-dashboard-layout/node_modules/.pnpm/@stryker-mutator+core@9.6.1_911149adbd3acc9b701e5200d679170d/node_modules/@stryker-mutator/core/dist/src/reporters/index.js
16:40:42 (52444) DEBUG Sandbox Creating a sandbox for files in C:\gwinnem\keystone-dashboard-layout\packages\vue\.stryker-tmp\sandbox-pvAhkO
16:40:42 (52444) DEBUG Sandbox Start symlink node_modules
16:40:42 (52444) DEBUG Sandbox Create symlink from C:\gwinnem\keystone-dashboard-layout\packages\vue\node_modules to C:\gwinnem\keystone-dashboard-layout\packages\vue\.stryker-tmp\sandbox-pvAhkO\node_modules
16:40:42 (52444) DEBUG BroadcastReporter Broadcasting to reporters ["clear-text","progress","html"]
16:40:42 (52444) DEBUG ChildProcessProxy Started ChildProcessTestRunnerWorker in worker process 0 with pid 2548 
16:40:42 (52444) DEBUG ChildProcessProxy Started ChildProcessTestRunnerWorker in worker process 1 with pid 54420 
16:40:43 (2548) DEBUG PluginLoader Loading plugin @stryker-mutator/vitest-runner
16:40:43 (54420) DEBUG PluginLoader Loading plugin @stryker-mutator/vitest-runner
16:40:43 (2548) DEBUG PluginLoader Loading plugin file:///C:/gwinnem/keystone-dashboard-layout/node_modules/.pnpm/@stryker-mutator+instrumenter@9.6.1_supports-color@8.1.1/node_modules/@stryker-mutator/instrumenter/dist/src/frameworks/index.js
16:40:43 (2548) DEBUG PluginLoader Loading plugin file:///C:/gwinnem/keystone-dashboard-layout/node_modules/.pnpm/@stryker-mutator+core@9.6.1_911149adbd3acc9b701e5200d679170d/node_modules/@stryker-mutator/core/dist/src/reporters/index.js
16:40:43 (54420) DEBUG PluginLoader Loading plugin file:///C:/gwinnem/keystone-dashboard-layout/node_modules/.pnpm/@stryker-mutator+instrumenter@9.6.1_supports-color@8.1.1/node_modules/@stryker-mutator/instrumenter/dist/src/frameworks/index.js
16:40:43 (54420) DEBUG PluginLoader Loading plugin file:///C:/gwinnem/keystone-dashboard-layout/node_modules/.pnpm/@stryker-mutator+core@9.6.1_911149adbd3acc9b701e5200d679170d/node_modules/@stryker-mutator/core/dist/src/reporters/index.js
16:40:43 (2548) DEBUG ChildProcessProxyWorker Changing current working directory for this process to C:\gwinnem\keystone-dashboard-layout\packages\vue\.stryker-tmp\sandbox-pvAhkO
16:40:43 (54420) DEBUG ChildProcessProxyWorker Changing current working directory for this process to C:\gwinnem\keystone-dashboard-layout\packages\vue\.stryker-tmp\sandbox-pvAhkO
16:40:45 (52444) TRACE ChildProcessProxy  DEPRECATED  `test.poolOptions` was removed in Vitest 4. All previous `poolOptions` are now top-level options. Please, refer to the migration guide: https://vitest.dev/guide/migration#pool-rework

16:40:45 (52444) TRACE ChildProcessProxy  DEPRECATED  `test.poolOptions` was removed in Vitest 4. All previous `poolOptions` are now top-level options. Please, refer to the migration guide: https://vitest.dev/guide/migration#pool-rework

16:40:46 (2548) DEBUG VitestTestRunner vitest final config: {
  "allowOnly": true,
  "isolate": true,
  "watch": false,
  "globals": true,
  "environment": "jsdom",
  "clearMocks": false,
  "restoreMocks": false,
  "mockReset": false,
  "unstubGlobals": false,
  "unstubEnvs": false,
  "include": [
    "tests/*.spec.ts",
    "tests/unit/*.spec.ts"
  ],
  "exclude": [
    "**/node_modules/**",
    "**/.git/**"
  ],
  "teardownTimeout": 10000,
  "forceRerunTriggers": [
    "**/package.json/**",
    "**/{vitest,vite}.config.*/**",
    "C:/gwinnem/keystone-dashboard-layout/packages/vue/.stryker-tmp/sandbox-pvAhkO/tests/setup.ts"
  ],
  "update": false,
  "reporters": [
    [
      "default",
      {}
    ]
  ],
  "silent": false,
  "hideSkippedTests": false,
  "api": {
    "middlewareMode": true,
    "allowWrite": true,
    "allowExec": true,
    "token": "a4f42fa3-340f-4617-936f-9953a6d193c7"
  },
  "ui": false,
  "uiBase": "/__vitest__/",
  "open": true,
  "css": {
    "include": [],
    "modules": {
      "classNameStrategy": "stable"
    }
  },
  "coverage": {
    "provider": "v8",
    "enabled": false,
    "clean": true,
    "cleanOnRerun": true,
    "reportsDirectory": "./tests/coverage",
    "exclude": [
      "src/vite-env.d.ts",
      "src/components/Grid/grid-layout-props.interface.ts",
      "src/components/Grid/grid-item-props.interface.ts",
      "src/components/Grid/composables/grid-item-composable-context.ts",
      "src/components/index.ts",
      "tests/setup.ts",
      "tests/*.spec.ts",
      "tests/unit/*.spec.ts",
      "C:/gwinnem/keystone-dashboard-layout/packages/vue/.stryker-tmp/sandbox-pvAhkO/vitest.config.js",
      "vitest.config.ts",
      "vitest.config.mts",
      "vitest.config.cts",
      "vitest.config.js",
      "vitest.config.mjs",
      "vitest.config.cjs",
      "vite.config.ts",
      "vite.config.mts",
      "vite.config.cts",
      "vite.config.js",
      "vite.config.mjs",
      "vite.config.cjs",
      "**/virtual:*",
      "**/__x00__*",
      "**/node_modules/**"
    ],
    "reportOnFailure": false,
    "reporter": [
      [
        "text",
        {}
      ],
      [
        "json",
        {}
      ],
      [
        "html",
        {}
      ]
    ],
    "allowExternal": false,
    "excludeAfterRemap": false,
    "processingConcurrency": 16,
    "ignoreClassMethods": [],
    "skipFull": false,
    "watermarks": {
      "statements": [
        50,
        80
      ],
      "functions": [
        50,
        80
      ],
      "branches": [
        50,
        80
      ],
      "lines": [
        50,
        80
      ]
    },
    "include": [
      "src/**/*.{ts,vue}"
    ],
    "thresholds": {
      "lines": 90,
      "functions": 90,
      "branches": 90,
      "statements": 90
    }
  },
  "fakeTimers": {
    "loopLimit": 10000,
    "shouldClearNativeTimers": true
  },
  "maxConcurrency": 1,
  "dangerouslyIgnoreUnhandledErrors": false,
  "typecheck": {
    "checker": "tsc",
    "include": [
      "**/*.{test,spec}-d.?(c|m)[jt]s?(x)"
    ],
    "exclude": [
      "**/node_modules/**",
      "**/.git/**"
    ],
    "enabled": false
  },
  "slowTestThreshold": 300,
  "disableConsoleIntercept": false,
  "detectAsyncLeaks": false,
  "setupFiles": [
    "C:\\gwinnem\\keystone-dashboard-layout\\packages\\vue\\.stryker-tmp\\sandbox-pvAhkO\\stryker-setup-0.js",
    "C:/gwinnem/keystone-dashboard-layout/packages/vue/.stryker-tmp/sandbox-pvAhkO/tests/setup.ts"
  ],
  "deps": {
    "moduleDirectories": [
      "/node_modules/"
    ],
    "optimizer": {
      "ssr": {
        "enabled": false
      },
      "client": {
        "enabled": false
      }
    },
    "web": {
      "transformAssets": true,
      "transformCss": true,
      "transformGlobPattern": []
    }
  },
  "server": {
    "deps": {}
  },
  "config": "C:\\gwinnem\\keystone-dashboard-layout\\packages\\vue\\.stryker-tmp\\sandbox-pvAhkO\\vitest.config.js",
  "threads": true,
  "pool": "threads",
  "poolOptions": {
    "threads": {
      "maxThreads": 1,
      "minThreads": 1
    }
  },
  "maxWorkers": 1,
  "singleThread": false,
  "bail": 1,
  "defines": {},
  "viteDefine": {},
  "root": "C:/gwinnem/keystone-dashboard-layout/packages/vue/.stryker-tmp/sandbox-pvAhkO",
  "mode": "test",
  "project": [],
  "provide": {},
  "tags": [],
  "name": "",
  "inspector": {
    "enabled": false,
    "waitForDebugger": false
  },
  "clearScreen": true,
  "browser": {
    "enabled": false,
    "headless": false,
    "isolate": true,
    "fileParallelism": true,
    "ui": true,
    "commands": {},
    "detailsPanelPosition": "right",
    "viewport": {
      "width": 414,
      "height": 896
    },
    "locators": {
      "testIdAttribute": "data-testid",
      "exact": false
    },
    "screenshotFailures": false,
    "api": {
      "port": 63315,
      "allowWrite": true,
      "allowExec": true
    },
    "trace": {
      "mode": "off"
    }
  },
  "expect": {},
  "globalSetup": [],
  "attachmentsDir": "C:/gwinnem/keystone-dashboard-layout/packages/vue/.stryker-tmp/sandbox-pvAhkO/.vitest-attachments",
  "snapshotOptions": {
    "expand": false,
    "snapshotFormat": {},
    "updateSnapshot": "new",
    "snapshotEnvironment": null
  },
  "snapshotSerializers": [],
  "execArgv": [],
  "cache": {
    "dir": "C:/gwinnem/keystone-dashboard-layout/packages/vue/.stryker-tmp/sandbox-pvAhkO/node_modules/.vite/vitest/da39a3ee5e6b4b0d3255bfef95601890afd80709"
  },
  "sequence": {
    "groupOrder": 0,
    "hooks": "stack"
  },
  "testTimeout": 5000,
  "hookTimeout": 10000,
  "experimental": {
    "importDurations": {
      "print": false,
      "failOnDanger": false,
      "limit": 0,
      "thresholds": {
        "warn": 100,
        "danger": 500
      }
    }
  }
}
16:40:46 (52444) INFO DryRunExecutor Starting initial test run (vitest test runner with "perTest" coverage analysis). This may take a while.
16:40:46 (52444) DEBUG DryRunExecutor Using timeout of 300000 ms.
16:40:46 (52444) DEBUG TimeoutDecorator Starting timeout timer (300000 ms) for a test run
16:40:46 (52444) DEBUG ChildProcessProxy Started ChildProcessTestRunnerWorker in worker process 2 with pid 59532 
16:40:46 (54420) DEBUG VitestTestRunner vitest final config: {
  "allowOnly": true,
  "isolate": true,
  "watch": false,
  "globals": true,
  "environment": "jsdom",
  "clearMocks": false,
  "restoreMocks": false,
  "mockReset": false,
  "unstubGlobals": false,
  "unstubEnvs": false,
  "include": [
    "tests/*.spec.ts",
    "tests/unit/*.spec.ts"
  ],
  "exclude": [
    "**/node_modules/**",
    "**/.git/**"
  ],
  "teardownTimeout": 10000,
  "forceRerunTriggers": [
    "**/package.json/**",
    "**/{vitest,vite}.config.*/**",
    "C:/gwinnem/keystone-dashboard-layout/packages/vue/.stryker-tmp/sandbox-pvAhkO/tests/setup.ts"
  ],
  "update": false,
  "reporters": [
    [
      "default",
      {}
    ]
  ],
  "silent": false,
  "hideSkippedTests": false,
  "api": {
    "middlewareMode": true,
    "allowWrite": true,
    "allowExec": true,
    "token": "add878fa-1a97-456f-87d5-4b4d3f184118"
  },
  "ui": false,
  "uiBase": "/__vitest__/",
  "open": true,
  "css": {
    "include": [],
    "modules": {
      "classNameStrategy": "stable"
    }
  },
  "coverage": {
    "provider": "v8",
    "enabled": false,
    "clean": true,
    "cleanOnRerun": true,
    "reportsDirectory": "./tests/coverage",
    "exclude": [
      "src/vite-env.d.ts",
      "src/components/Grid/grid-layout-props.interface.ts",
      "src/components/Grid/grid-item-props.interface.ts",
      "src/components/Grid/composables/grid-item-composable-context.ts",
      "src/components/index.ts",
      "tests/setup.ts",
      "tests/*.spec.ts",
      "tests/unit/*.spec.ts",
      "C:/gwinnem/keystone-dashboard-layout/packages/vue/.stryker-tmp/sandbox-pvAhkO/vitest.config.js",
      "vitest.config.ts",
      "vitest.config.mts",
      "vitest.config.cts",
      "vitest.config.js",
      "vitest.config.mjs",
      "vitest.config.cjs",
      "vite.config.ts",
      "vite.config.mts",
      "vite.config.cts",
      "vite.config.js",
      "vite.config.mjs",
      "vite.config.cjs",
      "**/virtual:*",
      "**/__x00__*",
      "**/node_modules/**"
    ],
    "reportOnFailure": false,
    "reporter": [
      [
        "text",
        {}
      ],
      [
        "json",
        {}
      ],
      [
        "html",
        {}
      ]
    ],
    "allowExternal": false,
    "excludeAfterRemap": false,
    "processingConcurrency": 16,
    "ignoreClassMethods": [],
    "skipFull": false,
    "watermarks": {
      "statements": [
        50,
        80
      ],
      "functions": [
        50,
        80
      ],
      "branches": [
        50,
        80
      ],
      "lines": [
        50,
        80
      ]
    },
    "include": [
      "src/**/*.{ts,vue}"
    ],
    "thresholds": {
      "lines": 90,
      "functions": 90,
      "branches": 90,
      "statements": 90
    }
  },
  "fakeTimers": {
    "loopLimit": 10000,
    "shouldClearNativeTimers": true
  },
  "maxConcurrency": 1,
  "dangerouslyIgnoreUnhandledErrors": false,
  "typecheck": {
    "checker": "tsc",
    "include": [
      "**/*.{test,spec}-d.?(c|m)[jt]s?(x)"
    ],
    "exclude": [
      "**/node_modules/**",
      "**/.git/**"
    ],
    "enabled": false
  },
  "slowTestThreshold": 300,
  "disableConsoleIntercept": false,
  "detectAsyncLeaks": false,
  "setupFiles": [
    "C:\\gwinnem\\keystone-dashboard-layout\\packages\\vue\\.stryker-tmp\\sandbox-pvAhkO\\stryker-setup-1.js",
    "C:/gwinnem/keystone-dashboard-layout/packages/vue/.stryker-tmp/sandbox-pvAhkO/tests/setup.ts"
  ],
  "deps": {
    "moduleDirectories": [
      "/node_modules/"
    ],
    "optimizer": {
      "ssr": {
        "enabled": false
      },
      "client": {
        "enabled": false
      }
    },
    "web": {
      "transformAssets": true,
      "transformCss": true,
      "transformGlobPattern": []
    }
  },
  "server": {
    "deps": {}
  },
  "config": "C:\\gwinnem\\keystone-dashboard-layout\\packages\\vue\\.stryker-tmp\\sandbox-pvAhkO\\vitest.config.js",
  "threads": true,
  "pool": "threads",
  "poolOptions": {
    "threads": {
      "maxThreads": 1,
      "minThreads": 1
    }
  },
  "maxWorkers": 1,
  "singleThread": false,
  "bail": 1,
  "defines": {},
  "viteDefine": {},
  "root": "C:/gwinnem/keystone-dashboard-layout/packages/vue/.stryker-tmp/sandbox-pvAhkO",
  "mode": "test",
  "project": [],
  "provide": {},
  "tags": [],
  "name": "",
  "inspector": {
    "enabled": false,
    "waitForDebugger": false
  },
  "clearScreen": true,
  "browser": {
    "enabled": false,
    "headless": false,
    "isolate": true,
    "fileParallelism": true,
    "ui": true,
    "commands": {},
    "detailsPanelPosition": "right",
    "viewport": {
      "width": 414,
      "height": 896
    },
    "locators": {
      "testIdAttribute": "data-testid",
      "exact": false
    },
    "screenshotFailures": false,
    "api": {
      "port": 63315,
      "allowWrite": true,
      "allowExec": true
    },
    "trace": {
      "mode": "off"
    }
  },
  "expect": {},
  "globalSetup": [],
  "attachmentsDir": "C:/gwinnem/keystone-dashboard-layout/packages/vue/.stryker-tmp/sandbox-pvAhkO/.vitest-attachments",
  "snapshotOptions": {
    "expand": false,
    "snapshotFormat": {},
    "updateSnapshot": "new",
    "snapshotEnvironment": null
  },
  "snapshotSerializers": [],
  "execArgv": [],
  "cache": {
    "dir": "C:/gwinnem/keystone-dashboard-layout/packages/vue/.stryker-tmp/sandbox-pvAhkO/node_modules/.vite/vitest/da39a3ee5e6b4b0d3255bfef95601890afd80709"
  },
  "sequence": {
    "groupOrder": 0,
    "hooks": "stack"
  },
  "testTimeout": 5000,
  "hookTimeout": 10000,
  "experimental": {
    "importDurations": {
      "print": false,
      "failOnDanger": false,
      "limit": 0,
      "thresholds": {
        "warn": 100,
        "danger": 500
      }
    }
  }
}
16:40:46 (52444) DEBUG ChildProcessProxy Started ChildProcessTestRunnerWorker in worker process 3 with pid 48600 
16:40:46 (52444) TRACE ChildProcessProxy 
 RUN  v4.1.10 C:/gwinnem/keystone-dashboard-layout/packages/vue/.stryker-tmp/sandbox-pvAhkO


16:40:47 (59532) DEBUG PluginLoader Loading plugin @stryker-mutator/vitest-runner
16:40:47 (48600) DEBUG PluginLoader Loading plugin @stryker-mutator/vitest-runner
16:40:47 (52444) DEBUG ChildProcessProxy Disposing of worker process 2548
16:40:47 (52444) DEBUG ChildProcessProxy Kill 2548
16:40:47 (48600) DEBUG PluginLoader Loading plugin file:///C:/gwinnem/keystone-dashboard-layout/node_modules/.pnpm/@stryker-mutator+instrumenter@9.6.1_supports-color@8.1.1/node_modules/@stryker-mutator/instrumenter/dist/src/frameworks/index.js
16:40:47 (48600) DEBUG PluginLoader Loading plugin file:///C:/gwinnem/keystone-dashboard-layout/node_modules/.pnpm/@stryker-mutator+core@9.6.1_911149adbd3acc9b701e5200d679170d/node_modules/@stryker-mutator/core/dist/src/reporters/index.js
16:40:47 (59532) DEBUG PluginLoader Loading plugin file:///C:/gwinnem/keystone-dashboard-layout/node_modules/.pnpm/@stryker-mutator+instrumenter@9.6.1_supports-color@8.1.1/node_modules/@stryker-mutator/instrumenter/dist/src/frameworks/index.js
16:40:47 (59532) DEBUG PluginLoader Loading plugin file:///C:/gwinnem/keystone-dashboard-layout/node_modules/.pnpm/@stryker-mutator+core@9.6.1_911149adbd3acc9b701e5200d679170d/node_modules/@stryker-mutator/core/dist/src/reporters/index.js
16:40:47 (59532) DEBUG ChildProcessProxyWorker Changing current working directory for this process to C:\gwinnem\keystone-dashboard-layout\packages\vue\.stryker-tmp\sandbox-pvAhkO
16:40:48 (48600) DEBUG ChildProcessProxyWorker Changing current working directory for this process to C:\gwinnem\keystone-dashboard-layout\packages\vue\.stryker-tmp\sandbox-pvAhkO
16:40:48 (52444) DEBUG ChildProcessProxy Started ChildProcessTestRunnerWorker in worker process 4 with pid 62184 
16:40:48 (52444) TRACE ChildProcessProxy  DEPRECATED  `test.poolOptions` was removed in Vitest 4. All previous `poolOptions` are now top-level options. Please, refer to the migration guide: https://vitest.dev/guide/migration#pool-rework

16:40:48 (52444) TRACE ChildProcessProxy  DEPRECATED  `test.poolOptions` was removed in Vitest 4. All previous `poolOptions` are now top-level options. Please, refer to the migration guide: https://vitest.dev/guide/migration#pool-rework

16:40:48 (48600) DEBUG VitestTestRunner vitest final config: {
  "allowOnly": true,
  "isolate": true,
  "watch": false,
  "globals": true,
  "environment": "jsdom",
  "clearMocks": false,
  "restoreMocks": false,
  "mockReset": false,
  "unstubGlobals": false,
  "unstubEnvs": false,
  "include": [
    "tests/*.spec.ts",
    "tests/unit/*.spec.ts"
  ],
  "exclude": [
    "**/node_modules/**",
    "**/.git/**"
  ],
  "teardownTimeout": 10000,
  "forceRerunTriggers": [
    "**/package.json/**",
    "**/{vitest,vite}.config.*/**",
    "C:/gwinnem/keystone-dashboard-layout/packages/vue/.stryker-tmp/sandbox-pvAhkO/tests/setup.ts"
  ],
  "update": false,
  "reporters": [
    [
      "default",
      {}
    ]
  ],
  "silent": false,
  "hideSkippedTests": false,
  "api": {
    "middlewareMode": true,
    "allowWrite": true,
    "allowExec": true,
    "token": "462252c1-155d-4780-98e1-fd3963b661d8"
  },
  "ui": false,
  "uiBase": "/__vitest__/",
  "open": true,
  "css": {
    "include": [],
    "modules": {
      "classNameStrategy": "stable"
    }
  },
  "coverage": {
    "provider": "v8",
    "enabled": false,
    "clean": true,
    "cleanOnRerun": true,
    "reportsDirectory": "./tests/coverage",
    "exclude": [
      "src/vite-env.d.ts",
      "src/components/Grid/grid-layout-props.interface.ts",
      "src/components/Grid/grid-item-props.interface.ts",
      "src/components/Grid/composables/grid-item-composable-context.ts",
      "src/components/index.ts",
      "tests/setup.ts",
      "tests/*.spec.ts",
      "tests/unit/*.spec.ts",
      "C:/gwinnem/keystone-dashboard-layout/packages/vue/.stryker-tmp/sandbox-pvAhkO/vitest.config.js",
      "vitest.config.ts",
      "vitest.config.mts",
      "vitest.config.cts",
      "vitest.config.js",
      "vitest.config.mjs",
      "vitest.config.cjs",
      "vite.config.ts",
      "vite.config.mts",
      "vite.config.cts",
      "vite.config.js",
      "vite.config.mjs",
      "vite.config.cjs",
      "**/virtual:*",
      "**/__x00__*",
      "**/node_modules/**"
    ],
    "reportOnFailure": false,
    "reporter": [
      [
        "text",
        {}
      ],
      [
        "json",
        {}
      ],
      [
        "html",
        {}
      ]
    ],
    "allowExternal": false,
    "excludeAfterRemap": false,
    "processingConcurrency": 16,
    "ignoreClassMethods": [],
    "skipFull": false,
    "watermarks": {
      "statements": [
        50,
        80
      ],
      "functions": [
        50,
        80
      ],
      "branches": [
        50,
        80
      ],
      "lines": [
        50,
        80
      ]
    },
    "include": [
      "src/**/*.{ts,vue}"
    ],
    "thresholds": {
      "lines": 90,
      "functions": 90,
      "branches": 90,
      "statements": 90
    }
  },
  "fakeTimers": {
    "loopLimit": 10000,
    "shouldClearNativeTimers": true
  },
  "maxConcurrency": 1,
  "dangerouslyIgnoreUnhandledErrors": false,
  "typecheck": {
    "checker": "tsc",
    "include": [
      "**/*.{test,spec}-d.?(c|m)[jt]s?(x)"
    ],
    "exclude": [
      "**/node_modules/**",
      "**/.git/**"
    ],
    "enabled": false
  },
  "slowTestThreshold": 300,
  "disableConsoleIntercept": false,
  "detectAsyncLeaks": false,
  "setupFiles": [
    "C:\\gwinnem\\keystone-dashboard-layout\\packages\\vue\\.stryker-tmp\\sandbox-pvAhkO\\stryker-setup-3.js",
    "C:/gwinnem/keystone-dashboard-layout/packages/vue/.stryker-tmp/sandbox-pvAhkO/tests/setup.ts"
  ],
  "deps": {
    "moduleDirectories": [
      "/node_modules/"
    ],
    "optimizer": {
      "ssr": {
        "enabled": false
      },
      "client": {
        "enabled": false
      }
    },
    "web": {
      "transformAssets": true,
      "transformCss": true,
      "transformGlobPattern": []
    }
  },
  "server": {
    "deps": {}
  },
  "config": "C:\\gwinnem\\keystone-dashboard-layout\\packages\\vue\\.stryker-tmp\\sandbox-pvAhkO\\vitest.config.js",
  "threads": true,
  "pool": "threads",
  "poolOptions": {
    "threads": {
      "maxThreads": 1,
      "minThreads": 1
    }
  },
  "maxWorkers": 1,
  "singleThread": false,
  "bail": 1,
  "defines": {},
  "viteDefine": {},
  "root": "C:/gwinnem/keystone-dashboard-layout/packages/vue/.stryker-tmp/sandbox-pvAhkO",
  "mode": "test",
  "project": [],
  "provide": {},
  "tags": [],
  "name": "",
  "inspector": {
    "enabled": false,
    "waitForDebugger": false
  },
  "clearScreen": true,
  "browser": {
    "enabled": false,
    "headless": false,
    "isolate": true,
    "fileParallelism": true,
    "ui": true,
    "commands": {},
    "detailsPanelPosition": "right",
    "viewport": {
      "width": 414,
      "height": 896
    },
    "locators": {
      "testIdAttribute": "data-testid",
      "exact": false
    },
    "screenshotFailures": false,
    "api": {
      "port": 63315,
      "allowWrite": true,
      "allowExec": true
    },
    "trace": {
      "mode": "off"
    }
  },
  "expect": {},
  "globalSetup": [],
  "attachmentsDir": "C:/gwinnem/keystone-dashboard-layout/packages/vue/.stryker-tmp/sandbox-pvAhkO/.vitest-attachments",
  "snapshotOptions": {
    "expand": false,
    "snapshotFormat": {},
    "updateSnapshot": "new",
    "snapshotEnvironment": null
  },
  "snapshotSerializers": [],
  "execArgv": [],
  "cache": {
    "dir": "C:/gwinnem/keystone-dashboard-layout/packages/vue/.stryker-tmp/sandbox-pvAhkO/node_modules/.vite/vitest/da39a3ee5e6b4b0d3255bfef95601890afd80709"
  },
  "sequence": {
    "groupOrder": 0,
    "hooks": "stack"
  },
  "testTimeout": 5000,
  "hookTimeout": 10000,
  "experimental": {
    "importDurations": {
      "print": false,
      "failOnDanger": false,
      "limit": 0,
      "thresholds": {
        "warn": 100,
        "danger": 500
      }
    }
  }
}
16:40:48 (52444) DEBUG ChildProcessProxy Started ChildProcessTestRunnerWorker in worker process 5 with pid 47684 
16:40:48 (59532) DEBUG VitestTestRunner vitest final config: {
  "allowOnly": true,
  "isolate": true,
  "watch": false,
  "globals": true,
  "environment": "jsdom",
  "clearMocks": false,
  "restoreMocks": false,
  "mockReset": false,
  "unstubGlobals": false,
  "unstubEnvs": false,
  "include": [
    "tests/*.spec.ts",
    "tests/unit/*.spec.ts"
  ],
  "exclude": [
    "**/node_modules/**",
    "**/.git/**"
  ],
  "teardownTimeout": 10000,
  "forceRerunTriggers": [
    "**/package.json/**",
    "**/{vitest,vite}.config.*/**",
    "C:/gwinnem/keystone-dashboard-layout/packages/vue/.stryker-tmp/sandbox-pvAhkO/tests/setup.ts"
  ],
  "update": false,
  "reporters": [
    [
      "default",
      {}
    ]
  ],
  "silent": false,
  "hideSkippedTests": false,
  "api": {
    "middlewareMode": true,
    "allowWrite": true,
    "allowExec": true,
    "token": "b78b3391-6240-4d43-9b10-36705c646c48"
  },
  "ui": false,
  "uiBase": "/__vitest__/",
  "open": true,
  "css": {
    "include": [],
    "modules": {
      "classNameStrategy": "stable"
    }
  },
  "coverage": {
    "provider": "v8",
    "enabled": false,
    "clean": true,
    "cleanOnRerun": true,
    "reportsDirectory": "./tests/coverage",
    "exclude": [
      "src/vite-env.d.ts",
      "src/components/Grid/grid-layout-props.interface.ts",
      "src/components/Grid/grid-item-props.interface.ts",
      "src/components/Grid/composables/grid-item-composable-context.ts",
      "src/components/index.ts",
      "tests/setup.ts",
      "tests/*.spec.ts",
      "tests/unit/*.spec.ts",
      "C:/gwinnem/keystone-dashboard-layout/packages/vue/.stryker-tmp/sandbox-pvAhkO/vitest.config.js",
      "vitest.config.ts",
      "vitest.config.mts",
      "vitest.config.cts",
      "vitest.config.js",
      "vitest.config.mjs",
      "vitest.config.cjs",
      "vite.config.ts",
      "vite.config.mts",
      "vite.config.cts",
      "vite.config.js",
      "vite.config.mjs",
      "vite.config.cjs",
      "**/virtual:*",
      "**/__x00__*",
      "**/node_modules/**"
    ],
    "reportOnFailure": false,
    "reporter": [
      [
        "text",
        {}
      ],
      [
        "json",
        {}
      ],
      [
        "html",
        {}
      ]
    ],
    "allowExternal": false,
    "excludeAfterRemap": false,
    "processingConcurrency": 16,
    "ignoreClassMethods": [],
    "skipFull": false,
    "watermarks": {
      "statements": [
        50,
        80
      ],
      "functions": [
        50,
        80
      ],
      "branches": [
        50,
        80
      ],
      "lines": [
        50,
        80
      ]
    },
    "include": [
      "src/**/*.{ts,vue}"
    ],
    "thresholds": {
      "lines": 90,
      "functions": 90,
      "branches": 90,
      "statements": 90
    }
  },
  "fakeTimers": {
    "loopLimit": 10000,
    "shouldClearNativeTimers": true
  },
  "maxConcurrency": 1,
  "dangerouslyIgnoreUnhandledErrors": false,
  "typecheck": {
    "checker": "tsc",
    "include": [
      "**/*.{test,spec}-d.?(c|m)[jt]s?(x)"
    ],
    "exclude": [
      "**/node_modules/**",
      "**/.git/**"
    ],
    "enabled": false
  },
  "slowTestThreshold": 300,
  "disableConsoleIntercept": false,
  "detectAsyncLeaks": false,
  "setupFiles": [
    "C:\\gwinnem\\keystone-dashboard-layout\\packages\\vue\\.stryker-tmp\\sandbox-pvAhkO\\stryker-setup-2.js",
    "C:/gwinnem/keystone-dashboard-layout/packages/vue/.stryker-tmp/sandbox-pvAhkO/tests/setup.ts"
  ],
  "deps": {
    "moduleDirectories": [
      "/node_modules/"
    ],
    "optimizer": {
      "ssr": {
        "enabled": false
      },
      "client": {
        "enabled": false
      }
    },
    "web": {
      "transformAssets": true,
      "transformCss": true,
      "transformGlobPattern": []
    }
  },
  "server": {
    "deps": {}
  },
  "config": "C:\\gwinnem\\keystone-dashboard-layout\\packages\\vue\\.stryker-tmp\\sandbox-pvAhkO\\vitest.config.js",
  "threads": true,
  "pool": "threads",
  "poolOptions": {
    "threads": {
      "maxThreads": 1,
      "minThreads": 1
    }
  },
  "maxWorkers": 1,
  "singleThread": false,
  "bail": 1,
  "defines": {},
  "viteDefine": {},
  "root": "C:/gwinnem/keystone-dashboard-layout/packages/vue/.stryker-tmp/sandbox-pvAhkO",
  "mode": "test",
  "project": [],
  "provide": {},
  "tags": [],
  "name": "",
  "inspector": {
    "enabled": false,
    "waitForDebugger": false
  },
  "clearScreen": true,
  "browser": {
    "enabled": false,
    "headless": false,
    "isolate": true,
    "fileParallelism": true,
    "ui": true,
    "commands": {},
    "detailsPanelPosition": "right",
    "viewport": {
      "width": 414,
      "height": 896
    },
    "locators": {
      "testIdAttribute": "data-testid",
      "exact": false
    },
    "screenshotFailures": false,
    "api": {
      "port": 63315,
      "allowWrite": true,
      "allowExec": true
    },
    "trace": {
      "mode": "off"
    }
  },
  "expect": {},
  "globalSetup": [],
  "attachmentsDir": "C:/gwinnem/keystone-dashboard-layout/packages/vue/.stryker-tmp/sandbox-pvAhkO/.vitest-attachments",
  "snapshotOptions": {
    "expand": false,
    "snapshotFormat": {},
    "updateSnapshot": "new",
    "snapshotEnvironment": null
  },
  "snapshotSerializers": [],
  "execArgv": [],
  "cache": {
    "dir": "C:/gwinnem/keystone-dashboard-layout/packages/vue/.stryker-tmp/sandbox-pvAhkO/node_modules/.vite/vitest/da39a3ee5e6b4b0d3255bfef95601890afd80709"
  },
  "sequence": {
    "groupOrder": 0,
    "hooks": "stack"
  },
  "testTimeout": 5000,
  "hookTimeout": 10000,
  "experimental": {
    "importDurations": {
      "print": false,
      "failOnDanger": false,
      "limit": 0,
      "thresholds": {
        "warn": 100,
        "danger": 500
      }
    }
  }
}
16:40:48 (52444) DEBUG ChildProcessProxy Started ChildProcessTestRunnerWorker in worker process 6 with pid 54432 
16:40:48 (62184) DEBUG PluginLoader Loading plugin @stryker-mutator/vitest-runner
16:40:48 (47684) DEBUG PluginLoader Loading plugin @stryker-mutator/vitest-runner
16:40:49 (54432) DEBUG PluginLoader Loading plugin @stryker-mutator/vitest-runner
16:40:49 (62184) DEBUG PluginLoader Loading plugin file:///C:/gwinnem/keystone-dashboard-layout/node_modules/.pnpm/@stryker-mutator+instrumenter@9.6.1_supports-color@8.1.1/node_modules/@stryker-mutator/instrumenter/dist/src/frameworks/index.js
16:40:49 (62184) DEBUG PluginLoader Loading plugin file:///C:/gwinnem/keystone-dashboard-layout/node_modules/.pnpm/@stryker-mutator+core@9.6.1_911149adbd3acc9b701e5200d679170d/node_modules/@stryker-mutator/core/dist/src/reporters/index.js
16:40:49 (47684) DEBUG PluginLoader Loading plugin file:///C:/gwinnem/keystone-dashboard-layout/node_modules/.pnpm/@stryker-mutator+instrumenter@9.6.1_supports-color@8.1.1/node_modules/@stryker-mutator/instrumenter/dist/src/frameworks/index.js
16:40:49 (47684) DEBUG PluginLoader Loading plugin file:///C:/gwinnem/keystone-dashboard-layout/node_modules/.pnpm/@stryker-mutator+core@9.6.1_911149adbd3acc9b701e5200d679170d/node_modules/@stryker-mutator/core/dist/src/reporters/index.js
16:40:49 (54432) DEBUG PluginLoader Loading plugin file:///C:/gwinnem/keystone-dashboard-layout/node_modules/.pnpm/@stryker-mutator+instrumenter@9.6.1_supports-color@8.1.1/node_modules/@stryker-mutator/instrumenter/dist/src/frameworks/index.js
16:40:49 (54432) DEBUG PluginLoader Loading plugin file:///C:/gwinnem/keystone-dashboard-layout/node_modules/.pnpm/@stryker-mutator+core@9.6.1_911149adbd3acc9b701e5200d679170d/node_modules/@stryker-mutator/core/dist/src/reporters/index.js
16:40:49 (62184) DEBUG ChildProcessProxyWorker Changing current working directory for this process to C:\gwinnem\keystone-dashboard-layout\packages\vue\.stryker-tmp\sandbox-pvAhkO
16:40:49 (47684) DEBUG ChildProcessProxyWorker Changing current working directory for this process to C:\gwinnem\keystone-dashboard-layout\packages\vue\.stryker-tmp\sandbox-pvAhkO
16:40:49 (52444) TRACE ChildProcessProxy  DEPRECATED  `test.poolOptions` was removed in Vitest 4. All previous `poolOptions` are now top-level options. Please, refer to the migration guide: https://vitest.dev/guide/migration#pool-rework

16:40:49 (54432) DEBUG ChildProcessProxyWorker Changing current working directory for this process to C:\gwinnem\keystone-dashboard-layout\packages\vue\.stryker-tmp\sandbox-pvAhkO
16:40:49 (62184) DEBUG VitestTestRunner vitest final config: {
  "allowOnly": true,
  "isolate": true,
  "watch": false,
  "globals": true,
  "environment": "jsdom",
  "clearMocks": false,
  "restoreMocks": false,
  "mockReset": false,
  "unstubGlobals": false,
  "unstubEnvs": false,
  "include": [
    "tests/*.spec.ts",
    "tests/unit/*.spec.ts"
  ],
  "exclude": [
    "**/node_modules/**",
    "**/.git/**"
  ],
  "teardownTimeout": 10000,
  "forceRerunTriggers": [
    "**/package.json/**",
    "**/{vitest,vite}.config.*/**",
    "C:/gwinnem/keystone-dashboard-layout/packages/vue/.stryker-tmp/sandbox-pvAhkO/tests/setup.ts"
  ],
  "update": false,
  "reporters": [
    [
      "default",
      {}
    ]
  ],
  "silent": false,
  "hideSkippedTests": false,
  "api": {
    "middlewareMode": true,
    "allowWrite": true,
    "allowExec": true,
    "token": "3794760a-7a02-4294-a8f8-e1cc1e2a57b1"
  },
  "ui": false,
  "uiBase": "/__vitest__/",
  "open": true,
  "css": {
    "include": [],
    "modules": {
      "classNameStrategy": "stable"
    }
  },
  "coverage": {
    "provider": "v8",
    "enabled": false,
    "clean": true,
    "cleanOnRerun": true,
    "reportsDirectory": "./tests/coverage",
    "exclude": [
      "src/vite-env.d.ts",
      "src/components/Grid/grid-layout-props.interface.ts",
      "src/components/Grid/grid-item-props.interface.ts",
      "src/components/Grid/composables/grid-item-composable-context.ts",
      "src/components/index.ts",
      "tests/setup.ts",
      "tests/*.spec.ts",
      "tests/unit/*.spec.ts",
      "C:/gwinnem/keystone-dashboard-layout/packages/vue/.stryker-tmp/sandbox-pvAhkO/vitest.config.js",
      "vitest.config.ts",
      "vitest.config.mts",
      "vitest.config.cts",
      "vitest.config.js",
      "vitest.config.mjs",
      "vitest.config.cjs",
      "vite.config.ts",
      "vite.config.mts",
      "vite.config.cts",
      "vite.config.js",
      "vite.config.mjs",
      "vite.config.cjs",
      "**/virtual:*",
      "**/__x00__*",
      "**/node_modules/**"
    ],
    "reportOnFailure": false,
    "reporter": [
      [
        "text",
        {}
      ],
      [
        "json",
        {}
      ],
      [
        "html",
        {}
      ]
    ],
    "allowExternal": false,
    "excludeAfterRemap": false,
    "processingConcurrency": 16,
    "ignoreClassMethods": [],
    "skipFull": false,
    "watermarks": {
      "statements": [
        50,
        80
      ],
      "functions": [
        50,
        80
      ],
      "branches": [
        50,
        80
      ],
      "lines": [
        50,
        80
      ]
    },
    "include": [
      "src/**/*.{ts,vue}"
    ],
    "thresholds": {
      "lines": 90,
      "functions": 90,
      "branches": 90,
      "statements": 90
    }
  },
  "fakeTimers": {
    "loopLimit": 10000,
    "shouldClearNativeTimers": true
  },
  "maxConcurrency": 1,
  "dangerouslyIgnoreUnhandledErrors": false,
  "typecheck": {
    "checker": "tsc",
    "include": [
      "**/*.{test,spec}-d.?(c|m)[jt]s?(x)"
    ],
    "exclude": [
      "**/node_modules/**",
      "**/.git/**"
    ],
    "enabled": false
  },
  "slowTestThreshold": 300,
  "disableConsoleIntercept": false,
  "detectAsyncLeaks": false,
  "setupFiles": [
    "C:\\gwinnem\\keystone-dashboard-layout\\packages\\vue\\.stryker-tmp\\sandbox-pvAhkO\\stryker-setup-4.js",
    "C:/gwinnem/keystone-dashboard-layout/packages/vue/.stryker-tmp/sandbox-pvAhkO/tests/setup.ts"
  ],
  "deps": {
    "moduleDirectories": [
      "/node_modules/"
    ],
    "optimizer": {
      "ssr": {
        "enabled": false
      },
      "client": {
        "enabled": false
      }
    },
    "web": {
      "transformAssets": true,
      "transformCss": true,
      "transformGlobPattern": []
    }
  },
  "server": {
    "deps": {}
  },
  "config": "C:\\gwinnem\\keystone-dashboard-layout\\packages\\vue\\.stryker-tmp\\sandbox-pvAhkO\\vitest.config.js",
  "threads": true,
  "pool": "threads",
  "poolOptions": {
    "threads": {
      "maxThreads": 1,
      "minThreads": 1
    }
  },
  "maxWorkers": 1,
  "singleThread": false,
  "bail": 1,
  "defines": {},
  "viteDefine": {},
  "root": "C:/gwinnem/keystone-dashboard-layout/packages/vue/.stryker-tmp/sandbox-pvAhkO",
  "mode": "test",
  "project": [],
  "provide": {},
  "tags": [],
  "name": "",
  "inspector": {
    "enabled": false,
    "waitForDebugger": false
  },
  "clearScreen": true,
  "browser": {
    "enabled": false,
    "headless": false,
    "isolate": true,
    "fileParallelism": true,
    "ui": true,
    "commands": {},
    "detailsPanelPosition": "right",
    "viewport": {
      "width": 414,
      "height": 896
    },
    "locators": {
      "testIdAttribute": "data-testid",
      "exact": false
    },
    "screenshotFailures": false,
    "api": {
      "port": 63315,
      "allowWrite": true,
      "allowExec": true
    },
    "trace": {
      "mode": "off"
    }
  },
  "expect": {},
  "globalSetup": [],
  "attachmentsDir": "C:/gwinnem/keystone-dashboard-layout/packages/vue/.stryker-tmp/sandbox-pvAhkO/.vitest-attachments",
  "snapshotOptions": {
    "expand": false,
    "snapshotFormat": {},
    "updateSnapshot": "new",
    "snapshotEnvironment": null
  },
  "snapshotSerializers": [],
  "execArgv": [],
  "cache": {
    "dir": "C:/gwinnem/keystone-dashboard-layout/packages/vue/.stryker-tmp/sandbox-pvAhkO/node_modules/.vite/vitest/da39a3ee5e6b4b0d3255bfef95601890afd80709"
  },
  "sequence": {
    "groupOrder": 0,
    "hooks": "stack"
  },
  "testTimeout": 5000,
  "hookTimeout": 10000,
  "experimental": {
    "importDurations": {
      "print": false,
      "failOnDanger": false,
      "limit": 0,
      "thresholds": {
        "warn": 100,
        "danger": 500
      }
    }
  }
}
16:40:49 (52444) DEBUG TimeoutDecorator Starting timeout timer (300000 ms) for a test run
16:40:49 (52444) TRACE ChildProcessProxy 

16:40:49 (52444) TRACE ChildProcessProxy  RUN  v4.1.10 C:/gwinnem/keystone-dashboard-layout/packages/vue/.stryker-tmp/sandbox-pvAhkO


16:40:49 (52444) TRACE ChildProcessProxy  DEPRECATED  `test.poolOptions` was removed in Vitest 4. All previous `poolOptions` are now top-level options. Please, refer to the migration guide: https://vitest.dev/guide/migration#pool-rework

16:40:49 (47684) DEBUG VitestTestRunner vitest final config: {
  "allowOnly": true,
  "isolate": true,
  "watch": false,
  "globals": true,
  "environment": "jsdom",
  "clearMocks": false,
  "restoreMocks": false,
  "mockReset": false,
  "unstubGlobals": false,
  "unstubEnvs": false,
  "include": [
    "tests/*.spec.ts",
    "tests/unit/*.spec.ts"
  ],
  "exclude": [
    "**/node_modules/**",
    "**/.git/**"
  ],
  "teardownTimeout": 10000,
  "forceRerunTriggers": [
    "**/package.json/**",
    "**/{vitest,vite}.config.*/**",
    "C:/gwinnem/keystone-dashboard-layout/packages/vue/.stryker-tmp/sandbox-pvAhkO/tests/setup.ts"
  ],
  "update": false,
  "reporters": [
    [
      "default",
      {}
    ]
  ],
  "silent": false,
  "hideSkippedTests": false,
  "api": {
    "middlewareMode": true,
    "allowWrite": true,
    "allowExec": true,
    "token": "95433e5a-371e-4da3-a851-c9e47fa3df95"
  },
  "ui": false,
  "uiBase": "/__vitest__/",
  "open": true,
  "css": {
    "include": [],
    "modules": {
      "classNameStrategy": "stable"
    }
  },
  "coverage": {
    "provider": "v8",
    "enabled": false,
    "clean": true,
    "cleanOnRerun": true,
    "reportsDirectory": "./tests/coverage",
    "exclude": [
      "src/vite-env.d.ts",
      "src/components/Grid/grid-layout-props.interface.ts",
      "src/components/Grid/grid-item-props.interface.ts",
      "src/components/Grid/composables/grid-item-composable-context.ts",
      "src/components/index.ts",
      "tests/setup.ts",
      "tests/*.spec.ts",
      "tests/unit/*.spec.ts",
      "C:/gwinnem/keystone-dashboard-layout/packages/vue/.stryker-tmp/sandbox-pvAhkO/vitest.config.js",
      "vitest.config.ts",
      "vitest.config.mts",
      "vitest.config.cts",
      "vitest.config.js",
      "vitest.config.mjs",
      "vitest.config.cjs",
      "vite.config.ts",
      "vite.config.mts",
      "vite.config.cts",
      "vite.config.js",
      "vite.config.mjs",
      "vite.config.cjs",
      "**/virtual:*",
      "**/__x00__*",
      "**/node_modules/**"
    ],
    "reportOnFailure": false,
    "reporter": [
      [
        "text",
        {}
      ],
      [
        "json",
        {}
      ],
      [
        "html",
        {}
      ]
    ],
    "allowExternal": false,
    "excludeAfterRemap": false,
    "processingConcurrency": 16,
    "ignoreClassMethods": [],
    "skipFull": false,
    "watermarks": {
      "statements": [
        50,
        80
      ],
      "functions": [
        50,
        80
      ],
      "branches": [
        50,
        80
      ],
      "lines": [
        50,
        80
      ]
    },
    "include": [
      "src/**/*.{ts,vue}"
    ],
    "thresholds": {
      "lines": 90,
      "functions": 90,
      "branches": 90,
      "statements": 90
    }
  },
  "fakeTimers": {
    "loopLimit": 10000,
    "shouldClearNativeTimers": true
  },
  "maxConcurrency": 1,
  "dangerouslyIgnoreUnhandledErrors": false,
  "typecheck": {
    "checker": "tsc",
    "include": [
      "**/*.{test,spec}-d.?(c|m)[jt]s?(x)"
    ],
    "exclude": [
      "**/node_modules/**",
      "**/.git/**"
    ],
    "enabled": false
  },
  "slowTestThreshold": 300,
  "disableConsoleIntercept": false,
  "detectAsyncLeaks": false,
  "setupFiles": [
    "C:\\gwinnem\\keystone-dashboard-layout\\packages\\vue\\.stryker-tmp\\sandbox-pvAhkO\\stryker-setup-5.js",
    "C:/gwinnem/keystone-dashboard-layout/packages/vue/.stryker-tmp/sandbox-pvAhkO/tests/setup.ts"
  ],
  "deps": {
    "moduleDirectories": [
      "/node_modules/"
    ],
    "optimizer": {
      "ssr": {
        "enabled": false
      },
      "client": {
        "enabled": false
      }
    },
    "web": {
      "transformAssets": true,
      "transformCss": true,
      "transformGlobPattern": []
    }
  },
  "server": {
    "deps": {}
  },
  "config": "C:\\gwinnem\\keystone-dashboard-layout\\packages\\vue\\.stryker-tmp\\sandbox-pvAhkO\\vitest.config.js",
  "threads": true,
  "pool": "threads",
  "poolOptions": {
    "threads": {
      "maxThreads": 1,
      "minThreads": 1
    }
  },
  "maxWorkers": 1,
  "singleThread": false,
  "bail": 1,
  "defines": {},
  "viteDefine": {},
  "root": "C:/gwinnem/keystone-dashboard-layout/packages/vue/.stryker-tmp/sandbox-pvAhkO",
  "mode": "test",
  "project": [],
  "provide": {},
  "tags": [],
  "name": "",
  "inspector": {
    "enabled": false,
    "waitForDebugger": false
  },
  "clearScreen": true,
  "browser": {
    "enabled": false,
    "headless": false,
    "isolate": true,
    "fileParallelism": true,
    "ui": true,
    "commands": {},
    "detailsPanelPosition": "right",
    "viewport": {
      "width": 414,
      "height": 896
    },
    "locators": {
      "testIdAttribute": "data-testid",
      "exact": false
    },
    "screenshotFailures": false,
    "api": {
      "port": 63315,
      "allowWrite": true,
      "allowExec": true
    },
    "trace": {
      "mode": "off"
    }
  },
  "expect": {},
  "globalSetup": [],
  "attachmentsDir": "C:/gwinnem/keystone-dashboard-layout/packages/vue/.stryker-tmp/sandbox-pvAhkO/.vitest-attachments",
  "snapshotOptions": {
    "expand": false,
    "snapshotFormat": {},
    "updateSnapshot": "new",
    "snapshotEnvironment": null
  },
  "snapshotSerializers": [],
  "execArgv": [],
  "cache": {
    "dir": "C:/gwinnem/keystone-dashboard-layout/packages/vue/.stryker-tmp/sandbox-pvAhkO/node_modules/.vite/vitest/da39a3ee5e6b4b0d3255bfef95601890afd80709"
  },
  "sequence": {
    "groupOrder": 0,
    "hooks": "stack"
  },
  "testTimeout": 5000,
  "hookTimeout": 10000,
  "experimental": {
    "importDurations": {
      "print": false,
      "failOnDanger": false,
      "limit": 0,
      "thresholds": {
        "warn": 100,
        "danger": 500
      }
    }
  }
}
16:40:49 (52444) DEBUG ChildProcessProxy Started ChildProcessTestRunnerWorker in worker process 7 with pid 27328 
16:40:49 (52444) TRACE ChildProcessProxy  DEPRECATED  `test.poolOptions` was removed in Vitest 4. All previous `poolOptions` are now top-level options. Please, refer to the migration guide: https://vitest.dev/guide/migration#pool-rework

16:40:49 (54432) DEBUG VitestTestRunner vitest final config: {
  "allowOnly": true,
  "isolate": true,
  "watch": false,
  "globals": true,
  "environment": "jsdom",
  "clearMocks": false,
  "restoreMocks": false,
  "mockReset": false,
  "unstubGlobals": false,
  "unstubEnvs": false,
  "include": [
    "tests/*.spec.ts",
    "tests/unit/*.spec.ts"
  ],
  "exclude": [
    "**/node_modules/**",
    "**/.git/**"
  ],
  "teardownTimeout": 10000,
  "forceRerunTriggers": [
    "**/package.json/**",
    "**/{vitest,vite}.config.*/**",
    "C:/gwinnem/keystone-dashboard-layout/packages/vue/.stryker-tmp/sandbox-pvAhkO/tests/setup.ts"
  ],
  "update": false,
  "reporters": [
    [
      "default",
      {}
    ]
  ],
  "silent": false,
  "hideSkippedTests": false,
  "api": {
    "middlewareMode": true,
    "allowWrite": true,
    "allowExec": true,
    "token": "1800ed2e-c43d-4cdb-85b4-6701717036d7"
  },
  "ui": false,
  "uiBase": "/__vitest__/",
  "open": true,
  "css": {
    "include": [],
    "modules": {
      "classNameStrategy": "stable"
    }
  },
  "coverage": {
    "provider": "v8",
    "enabled": false,
    "clean": true,
    "cleanOnRerun": true,
    "reportsDirectory": "./tests/coverage",
    "exclude": [
      "src/vite-env.d.ts",
      "src/components/Grid/grid-layout-props.interface.ts",
      "src/components/Grid/grid-item-props.interface.ts",
      "src/components/Grid/composables/grid-item-composable-context.ts",
      "src/components/index.ts",
      "tests/setup.ts",
      "tests/*.spec.ts",
      "tests/unit/*.spec.ts",
      "C:/gwinnem/keystone-dashboard-layout/packages/vue/.stryker-tmp/sandbox-pvAhkO/vitest.config.js",
      "vitest.config.ts",
      "vitest.config.mts",
      "vitest.config.cts",
      "vitest.config.js",
      "vitest.config.mjs",
      "vitest.config.cjs",
      "vite.config.ts",
      "vite.config.mts",
      "vite.config.cts",
      "vite.config.js",
      "vite.config.mjs",
      "vite.config.cjs",
      "**/virtual:*",
      "**/__x00__*",
      "**/node_modules/**"
    ],
    "reportOnFailure": false,
    "reporter": [
      [
        "text",
        {}
      ],
      [
        "json",
        {}
      ],
      [
        "html",
        {}
      ]
    ],
    "allowExternal": false,
    "excludeAfterRemap": false,
    "processingConcurrency": 16,
    "ignoreClassMethods": [],
    "skipFull": false,
    "watermarks": {
      "statements": [
        50,
        80
      ],
      "functions": [
        50,
        80
      ],
      "branches": [
        50,
        80
      ],
      "lines": [
        50,
        80
      ]
    },
    "include": [
      "src/**/*.{ts,vue}"
    ],
    "thresholds": {
      "lines": 90,
      "functions": 90,
      "branches": 90,
      "statements": 90
    }
  },
  "fakeTimers": {
    "loopLimit": 10000,
    "shouldClearNativeTimers": true
  },
  "maxConcurrency": 1,
  "dangerouslyIgnoreUnhandledErrors": false,
  "typecheck": {
    "checker": "tsc",
    "include": [
      "**/*.{test,spec}-d.?(c|m)[jt]s?(x)"
    ],
    "exclude": [
      "**/node_modules/**",
      "**/.git/**"
    ],
    "enabled": false
  },
  "slowTestThreshold": 300,
  "disableConsoleIntercept": false,
  "detectAsyncLeaks": false,
  "setupFiles": [
    "C:\\gwinnem\\keystone-dashboard-layout\\packages\\vue\\.stryker-tmp\\sandbox-pvAhkO\\stryker-setup-6.js",
    "C:/gwinnem/keystone-dashboard-layout/packages/vue/.stryker-tmp/sandbox-pvAhkO/tests/setup.ts"
  ],
  "deps": {
    "moduleDirectories": [
      "/node_modules/"
    ],
    "optimizer": {
      "ssr": {
        "enabled": false
      },
      "client": {
        "enabled": false
      }
    },
    "web": {
      "transformAssets": true,
      "transformCss": true,
      "transformGlobPattern": []
    }
  },
  "server": {
    "deps": {}
  },
  "config": "C:\\gwinnem\\keystone-dashboard-layout\\packages\\vue\\.stryker-tmp\\sandbox-pvAhkO\\vitest.config.js",
  "threads": true,
  "pool": "threads",
  "poolOptions": {
    "threads": {
      "maxThreads": 1,
      "minThreads": 1
    }
  },
  "maxWorkers": 1,
  "singleThread": false,
  "bail": 1,
  "defines": {},
  "viteDefine": {},
  "root": "C:/gwinnem/keystone-dashboard-layout/packages/vue/.stryker-tmp/sandbox-pvAhkO",
  "mode": "test",
  "project": [],
  "provide": {},
  "tags": [],
  "name": "",
  "inspector": {
    "enabled": false,
    "waitForDebugger": false
  },
  "clearScreen": true,
  "browser": {
    "enabled": false,
    "headless": false,
    "isolate": true,
    "fileParallelism": true,
    "ui": true,
    "commands": {},
    "detailsPanelPosition": "right",
    "viewport": {
      "width": 414,
      "height": 896
    },
    "locators": {
      "testIdAttribute": "data-testid",
      "exact": false
    },
    "screenshotFailures": false,
    "api": {
      "port": 63315,
      "allowWrite": true,
      "allowExec": true
    },
    "trace": {
      "mode": "off"
    }
  },
  "expect": {},
  "globalSetup": [],
  "attachmentsDir": "C:/gwinnem/keystone-dashboard-layout/packages/vue/.stryker-tmp/sandbox-pvAhkO/.vitest-attachments",
  "snapshotOptions": {
    "expand": false,
    "snapshotFormat": {},
    "updateSnapshot": "new",
    "snapshotEnvironment": null
  },
  "snapshotSerializers": [],
  "execArgv": [],
  "cache": {
    "dir": "C:/gwinnem/keystone-dashboard-layout/packages/vue/.stryker-tmp/sandbox-pvAhkO/node_modules/.vite/vitest/da39a3ee5e6b4b0d3255bfef95601890afd80709"
  },
  "sequence": {
    "groupOrder": 0,
    "hooks": "stack"
  },
  "testTimeout": 5000,
  "hookTimeout": 10000,
  "experimental": {
    "importDurations": {
      "print": false,
      "failOnDanger": false,
      "limit": 0,
      "thresholds": {
        "warn": 100,
        "danger": 500
      }
    }
  }
}
16:40:49 (52444) DEBUG ChildProcessProxy Started ChildProcessTestRunnerWorker in worker process 8 with pid 31536 
16:40:50 (27328) DEBUG PluginLoader Loading plugin @stryker-mutator/vitest-runner
16:40:50 (52444) DEBUG ChildProcessProxy Disposing of worker process 62184
16:40:50 (52444) DEBUG ChildProcessProxy Kill 62184
16:40:50 (31536) DEBUG PluginLoader Loading plugin @stryker-mutator/vitest-runner
16:40:50 (27328) DEBUG PluginLoader Loading plugin file:///C:/gwinnem/keystone-dashboard-layout/node_modules/.pnpm/@stryker-mutator+instrumenter@9.6.1_supports-color@8.1.1/node_modules/@stryker-mutator/instrumenter/dist/src/frameworks/index.js
16:40:50 (27328) DEBUG PluginLoader Loading plugin file:///C:/gwinnem/keystone-dashboard-layout/node_modules/.pnpm/@stryker-mutator+core@9.6.1_911149adbd3acc9b701e5200d679170d/node_modules/@stryker-mutator/core/dist/src/reporters/index.js
16:40:50 (31536) DEBUG PluginLoader Loading plugin file:///C:/gwinnem/keystone-dashboard-layout/node_modules/.pnpm/@stryker-mutator+instrumenter@9.6.1_supports-color@8.1.1/node_modules/@stryker-mutator/instrumenter/dist/src/frameworks/index.js
16:40:50 (31536) DEBUG PluginLoader Loading plugin file:///C:/gwinnem/keystone-dashboard-layout/node_modules/.pnpm/@stryker-mutator+core@9.6.1_911149adbd3acc9b701e5200d679170d/node_modules/@stryker-mutator/core/dist/src/reporters/index.js
16:40:50 (52444) DEBUG ChildProcessProxy Started ChildProcessTestRunnerWorker in worker process 9 with pid 35224 
16:40:50 (27328) DEBUG ChildProcessProxyWorker Changing current working directory for this process to C:\gwinnem\keystone-dashboard-layout\packages\vue\.stryker-tmp\sandbox-pvAhkO
16:40:51 (31536) DEBUG ChildProcessProxyWorker Changing current working directory for this process to C:\gwinnem\keystone-dashboard-layout\packages\vue\.stryker-tmp\sandbox-pvAhkO
16:40:51 (52444) TRACE ChildProcessProxy  DEPRECATED  `test.poolOptions` was removed in Vitest 4. All previous `poolOptions` are now top-level options. Please, refer to the migration guide: https://vitest.dev/guide/migration#pool-rework

16:40:51 (27328) DEBUG VitestTestRunner vitest final config: {
  "allowOnly": true,
  "isolate": true,
  "watch": false,
  "globals": true,
  "environment": "jsdom",
  "clearMocks": false,
  "restoreMocks": false,
  "mockReset": false,
  "unstubGlobals": false,
  "unstubEnvs": false,
  "include": [
    "tests/*.spec.ts",
    "tests/unit/*.spec.ts"
  ],
  "exclude": [
    "**/node_modules/**",
    "**/.git/**"
  ],
  "teardownTimeout": 10000,
  "forceRerunTriggers": [
    "**/package.json/**",
    "**/{vitest,vite}.config.*/**",
    "C:/gwinnem/keystone-dashboard-layout/packages/vue/.stryker-tmp/sandbox-pvAhkO/tests/setup.ts"
  ],
  "update": false,
  "reporters": [
    [
      "default",
      {}
    ]
  ],
  "silent": false,
  "hideSkippedTests": false,
  "api": {
    "middlewareMode": true,
    "allowWrite": true,
    "allowExec": true,
    "token": "a8e6b2e6-a21c-482b-a39f-90cd5b9ed56a"
  },
  "ui": false,
  "uiBase": "/__vitest__/",
  "open": true,
  "css": {
    "include": [],
    "modules": {
      "classNameStrategy": "stable"
    }
  },
  "coverage": {
    "provider": "v8",
    "enabled": false,
    "clean": true,
    "cleanOnRerun": true,
    "reportsDirectory": "./tests/coverage",
    "exclude": [
      "src/vite-env.d.ts",
      "src/components/Grid/grid-layout-props.interface.ts",
      "src/components/Grid/grid-item-props.interface.ts",
      "src/components/Grid/composables/grid-item-composable-context.ts",
      "src/components/index.ts",
      "tests/setup.ts",
      "tests/*.spec.ts",
      "tests/unit/*.spec.ts",
      "C:/gwinnem/keystone-dashboard-layout/packages/vue/.stryker-tmp/sandbox-pvAhkO/vitest.config.js",
      "vitest.config.ts",
      "vitest.config.mts",
      "vitest.config.cts",
      "vitest.config.js",
      "vitest.config.mjs",
      "vitest.config.cjs",
      "vite.config.ts",
      "vite.config.mts",
      "vite.config.cts",
      "vite.config.js",
      "vite.config.mjs",
      "vite.config.cjs",
      "**/virtual:*",
      "**/__x00__*",
      "**/node_modules/**"
    ],
    "reportOnFailure": false,
    "reporter": [
      [
        "text",
        {}
      ],
      [
        "json",
        {}
      ],
      [
        "html",
        {}
      ]
    ],
    "allowExternal": false,
    "excludeAfterRemap": false,
    "processingConcurrency": 16,
    "ignoreClassMethods": [],
    "skipFull": false,
    "watermarks": {
      "statements": [
        50,
        80
      ],
      "functions": [
        50,
        80
      ],
      "branches": [
        50,
        80
      ],
      "lines": [
        50,
        80
      ]
    },
    "include": [
      "src/**/*.{ts,vue}"
    ],
    "thresholds": {
      "lines": 90,
      "functions": 90,
      "branches": 90,
      "statements": 90
    }
  },
  "fakeTimers": {
    "loopLimit": 10000,
    "shouldClearNativeTimers": true
  },
  "maxConcurrency": 1,
  "dangerouslyIgnoreUnhandledErrors": false,
  "typecheck": {
    "checker": "tsc",
    "include": [
      "**/*.{test,spec}-d.?(c|m)[jt]s?(x)"
    ],
    "exclude": [
      "**/node_modules/**",
      "**/.git/**"
    ],
    "enabled": false
  },
  "slowTestThreshold": 300,
  "disableConsoleIntercept": false,
  "detectAsyncLeaks": false,
  "setupFiles": [
    "C:\\gwinnem\\keystone-dashboard-layout\\packages\\vue\\.stryker-tmp\\sandbox-pvAhkO\\stryker-setup-7.js",
    "C:/gwinnem/keystone-dashboard-layout/packages/vue/.stryker-tmp/sandbox-pvAhkO/tests/setup.ts"
  ],
  "deps": {
    "moduleDirectories": [
      "/node_modules/"
    ],
    "optimizer": {
      "ssr": {
        "enabled": false
      },
      "client": {
        "enabled": false
      }
    },
    "web": {
      "transformAssets": true,
      "transformCss": true,
      "transformGlobPattern": []
    }
  },
  "server": {
    "deps": {}
  },
  "config": "C:\\gwinnem\\keystone-dashboard-layout\\packages\\vue\\.stryker-tmp\\sandbox-pvAhkO\\vitest.config.js",
  "threads": true,
  "pool": "threads",
  "poolOptions": {
    "threads": {
      "maxThreads": 1,
      "minThreads": 1
    }
  },
  "maxWorkers": 1,
  "singleThread": false,
  "bail": 1,
  "defines": {},
  "viteDefine": {},
  "root": "C:/gwinnem/keystone-dashboard-layout/packages/vue/.stryker-tmp/sandbox-pvAhkO",
  "mode": "test",
  "project": [],
  "provide": {},
  "tags": [],
  "name": "",
  "inspector": {
    "enabled": false,
    "waitForDebugger": false
  },
  "clearScreen": true,
  "browser": {
    "enabled": false,
    "headless": false,
    "isolate": true,
    "fileParallelism": true,
    "ui": true,
    "commands": {},
    "detailsPanelPosition": "right",
    "viewport": {
      "width": 414,
      "height": 896
    },
    "locators": {
      "testIdAttribute": "data-testid",
      "exact": false
    },
    "screenshotFailures": false,
    "api": {
      "port": 63315,
      "allowWrite": true,
      "allowExec": true
    },
    "trace": {
      "mode": "off"
    }
  },
  "expect": {},
  "globalSetup": [],
  "attachmentsDir": "C:/gwinnem/keystone-dashboard-layout/packages/vue/.stryker-tmp/sandbox-pvAhkO/.vitest-attachments",
  "snapshotOptions": {
    "expand": false,
    "snapshotFormat": {},
    "updateSnapshot": "new",
    "snapshotEnvironment": null
  },
  "snapshotSerializers": [],
  "execArgv": [],
  "cache": {
    "dir": "C:/gwinnem/keystone-dashboard-layout/packages/vue/.stryker-tmp/sandbox-pvAhkO/node_modules/.vite/vitest/da39a3ee5e6b4b0d3255bfef95601890afd80709"
  },
  "sequence": {
    "groupOrder": 0,
    "hooks": "stack"
  },
  "testTimeout": 5000,
  "hookTimeout": 10000,
  "experimental": {
    "importDurations": {
      "print": false,
      "failOnDanger": false,
      "limit": 0,
      "thresholds": {
        "warn": 100,
        "danger": 500
      }
    }
  }
}
16:40:51 (52444) DEBUG ChildProcessProxy Started ChildProcessTestRunnerWorker in worker process 10 with pid 37032 
16:40:51 (35224) DEBUG PluginLoader Loading plugin @stryker-mutator/vitest-runner
16:40:51 (52444) TRACE ChildProcessProxy  DEPRECATED  `test.poolOptions` was removed in Vitest 4. All previous `poolOptions` are now top-level options. Please, refer to the migration guide: https://vitest.dev/guide/migration#pool-rework

16:40:51 (31536) DEBUG VitestTestRunner vitest final config: {
  "allowOnly": true,
  "isolate": true,
  "watch": false,
  "globals": true,
  "environment": "jsdom",
  "clearMocks": false,
  "restoreMocks": false,
  "mockReset": false,
  "unstubGlobals": false,
  "unstubEnvs": false,
  "include": [
    "tests/*.spec.ts",
    "tests/unit/*.spec.ts"
  ],
  "exclude": [
    "**/node_modules/**",
    "**/.git/**"
  ],
  "teardownTimeout": 10000,
  "forceRerunTriggers": [
    "**/package.json/**",
    "**/{vitest,vite}.config.*/**",
    "C:/gwinnem/keystone-dashboard-layout/packages/vue/.stryker-tmp/sandbox-pvAhkO/tests/setup.ts"
  ],
  "update": false,
  "reporters": [
    [
      "default",
      {}
    ]
  ],
  "silent": false,
  "hideSkippedTests": false,
  "api": {
    "middlewareMode": true,
    "allowWrite": true,
    "allowExec": true,
    "token": "7b8490da-8c6b-4fa8-991e-6d7695bb8aea"
  },
  "ui": false,
  "uiBase": "/__vitest__/",
  "open": true,
  "css": {
    "include": [],
    "modules": {
      "classNameStrategy": "stable"
    }
  },
  "coverage": {
    "provider": "v8",
    "enabled": false,
    "clean": true,
    "cleanOnRerun": true,
    "reportsDirectory": "./tests/coverage",
    "exclude": [
      "src/vite-env.d.ts",
      "src/components/Grid/grid-layout-props.interface.ts",
      "src/components/Grid/grid-item-props.interface.ts",
      "src/components/Grid/composables/grid-item-composable-context.ts",
      "src/components/index.ts",
      "tests/setup.ts",
      "tests/*.spec.ts",
      "tests/unit/*.spec.ts",
      "C:/gwinnem/keystone-dashboard-layout/packages/vue/.stryker-tmp/sandbox-pvAhkO/vitest.config.js",
      "vitest.config.ts",
      "vitest.config.mts",
      "vitest.config.cts",
      "vitest.config.js",
      "vitest.config.mjs",
      "vitest.config.cjs",
      "vite.config.ts",
      "vite.config.mts",
      "vite.config.cts",
      "vite.config.js",
      "vite.config.mjs",
      "vite.config.cjs",
      "**/virtual:*",
      "**/__x00__*",
      "**/node_modules/**"
    ],
    "reportOnFailure": false,
    "reporter": [
      [
        "text",
        {}
      ],
      [
        "json",
        {}
      ],
      [
        "html",
        {}
      ]
    ],
    "allowExternal": false,
    "excludeAfterRemap": false,
    "processingConcurrency": 16,
    "ignoreClassMethods": [],
    "skipFull": false,
    "watermarks": {
      "statements": [
        50,
        80
      ],
      "functions": [
        50,
        80
      ],
      "branches": [
        50,
        80
      ],
      "lines": [
        50,
        80
      ]
    },
    "include": [
      "src/**/*.{ts,vue}"
    ],
    "thresholds": {
      "lines": 90,
      "functions": 90,
      "branches": 90,
      "statements": 90
    }
  },
  "fakeTimers": {
    "loopLimit": 10000,
    "shouldClearNativeTimers": true
  },
  "maxConcurrency": 1,
  "dangerouslyIgnoreUnhandledErrors": false,
  "typecheck": {
    "checker": "tsc",
    "include": [
      "**/*.{test,spec}-d.?(c|m)[jt]s?(x)"
    ],
    "exclude": [
      "**/node_modules/**",
      "**/.git/**"
    ],
    "enabled": false
  },
  "slowTestThreshold": 300,
  "disableConsoleIntercept": false,
  "detectAsyncLeaks": false,
  "setupFiles": [
    "C:\\gwinnem\\keystone-dashboard-layout\\packages\\vue\\.stryker-tmp\\sandbox-pvAhkO\\stryker-setup-8.js",
    "C:/gwinnem/keystone-dashboard-layout/packages/vue/.stryker-tmp/sandbox-pvAhkO/tests/setup.ts"
  ],
  "deps": {
    "moduleDirectories": [
      "/node_modules/"
    ],
    "optimizer": {
      "ssr": {
        "enabled": false
      },
      "client": {
        "enabled": false
      }
    },
    "web": {
      "transformAssets": true,
      "transformCss": true,
      "transformGlobPattern": []
    }
  },
  "server": {
    "deps": {}
  },
  "config": "C:\\gwinnem\\keystone-dashboard-layout\\packages\\vue\\.stryker-tmp\\sandbox-pvAhkO\\vitest.config.js",
  "threads": true,
  "pool": "threads",
  "poolOptions": {
    "threads": {
      "maxThreads": 1,
      "minThreads": 1
    }
  },
  "maxWorkers": 1,
  "singleThread": false,
  "bail": 1,
  "defines": {},
  "viteDefine": {},
  "root": "C:/gwinnem/keystone-dashboard-layout/packages/vue/.stryker-tmp/sandbox-pvAhkO",
  "mode": "test",
  "project": [],
  "provide": {},
  "tags": [],
  "name": "",
  "inspector": {
    "enabled": false,
    "waitForDebugger": false
  },
  "clearScreen": true,
  "browser": {
    "enabled": false,
    "headless": false,
    "isolate": true,
    "fileParallelism": true,
    "ui": true,
    "commands": {},
    "detailsPanelPosition": "right",
    "viewport": {
      "width": 414,
      "height": 896
    },
    "locators": {
      "testIdAttribute": "data-testid",
      "exact": false
    },
    "screenshotFailures": false,
    "api": {
      "port": 63315,
      "allowWrite": true,
      "allowExec": true
    },
    "trace": {
      "mode": "off"
    }
  },
  "expect": {},
  "globalSetup": [],
  "attachmentsDir": "C:/gwinnem/keystone-dashboard-layout/packages/vue/.stryker-tmp/sandbox-pvAhkO/.vitest-attachments",
  "snapshotOptions": {
    "expand": false,
    "snapshotFormat": {},
    "updateSnapshot": "new",
    "snapshotEnvironment": null
  },
  "snapshotSerializers": [],
  "execArgv": [],
  "cache": {
    "dir": "C:/gwinnem/keystone-dashboard-layout/packages/vue/.stryker-tmp/sandbox-pvAhkO/node_modules/.vite/vitest/da39a3ee5e6b4b0d3255bfef95601890afd80709"
  },
  "sequence": {
    "groupOrder": 0,
    "hooks": "stack"
  },
  "testTimeout": 5000,
  "hookTimeout": 10000,
  "experimental": {
    "importDurations": {
      "print": false,
      "failOnDanger": false,
      "limit": 0,
      "thresholds": {
        "warn": 100,
        "danger": 500
      }
    }
  }
}
16:40:51 (52444) DEBUG ChildProcessProxy Started ChildProcessTestRunnerWorker in worker process 11 with pid 4084 
16:40:51 (35224) DEBUG PluginLoader Loading plugin file:///C:/gwinnem/keystone-dashboard-layout/node_modules/.pnpm/@stryker-mutator+instrumenter@9.6.1_supports-color@8.1.1/node_modules/@stryker-mutator/instrumenter/dist/src/frameworks/index.js
16:40:51 (35224) DEBUG PluginLoader Loading plugin file:///C:/gwinnem/keystone-dashboard-layout/node_modules/.pnpm/@stryker-mutator+core@9.6.1_911149adbd3acc9b701e5200d679170d/node_modules/@stryker-mutator/core/dist/src/reporters/index.js
16:40:51 (37032) DEBUG PluginLoader Loading plugin @stryker-mutator/vitest-runner
16:40:51 (35224) DEBUG ChildProcessProxyWorker Changing current working directory for this process to C:\gwinnem\keystone-dashboard-layout\packages\vue\.stryker-tmp\sandbox-pvAhkO
16:40:51 (4084) DEBUG PluginLoader Loading plugin @stryker-mutator/vitest-runner
16:40:52 (37032) DEBUG PluginLoader Loading plugin file:///C:/gwinnem/keystone-dashboard-layout/node_modules/.pnpm/@stryker-mutator+instrumenter@9.6.1_supports-color@8.1.1/node_modules/@stryker-mutator/instrumenter/dist/src/frameworks/index.js
16:40:52 (37032) DEBUG PluginLoader Loading plugin file:///C:/gwinnem/keystone-dashboard-layout/node_modules/.pnpm/@stryker-mutator+core@9.6.1_911149adbd3acc9b701e5200d679170d/node_modules/@stryker-mutator/core/dist/src/reporters/index.js
16:40:52 (52444) TRACE ChildProcessProxy  DEPRECATED  `test.poolOptions` was removed in Vitest 4. All previous `poolOptions` are now top-level options. Please, refer to the migration guide: https://vitest.dev/guide/migration#pool-rework

16:40:52 (35224) DEBUG VitestTestRunner vitest final config: {
  "allowOnly": true,
  "isolate": true,
  "watch": false,
  "globals": true,
  "environment": "jsdom",
  "clearMocks": false,
  "restoreMocks": false,
  "mockReset": false,
  "unstubGlobals": false,
  "unstubEnvs": false,
  "include": [
    "tests/*.spec.ts",
    "tests/unit/*.spec.ts"
  ],
  "exclude": [
    "**/node_modules/**",
    "**/.git/**"
  ],
  "teardownTimeout": 10000,
  "forceRerunTriggers": [
    "**/package.json/**",
    "**/{vitest,vite}.config.*/**",
    "C:/gwinnem/keystone-dashboard-layout/packages/vue/.stryker-tmp/sandbox-pvAhkO/tests/setup.ts"
  ],
  "update": false,
  "reporters": [
    [
      "default",
      {}
    ]
  ],
  "silent": false,
  "hideSkippedTests": false,
  "api": {
    "middlewareMode": true,
    "allowWrite": true,
    "allowExec": true,
    "token": "8eb1b9cc-96ac-47a0-9965-d10273f604fe"
  },
  "ui": false,
  "uiBase": "/__vitest__/",
  "open": true,
  "css": {
    "include": [],
    "modules": {
      "classNameStrategy": "stable"
    }
  },
  "coverage": {
    "provider": "v8",
    "enabled": false,
    "clean": true,
    "cleanOnRerun": true,
    "reportsDirectory": "./tests/coverage",
    "exclude": [
      "src/vite-env.d.ts",
      "src/components/Grid/grid-layout-props.interface.ts",
      "src/components/Grid/grid-item-props.interface.ts",
      "src/components/Grid/composables/grid-item-composable-context.ts",
      "src/components/index.ts",
      "tests/setup.ts",
      "tests/*.spec.ts",
      "tests/unit/*.spec.ts",
      "C:/gwinnem/keystone-dashboard-layout/packages/vue/.stryker-tmp/sandbox-pvAhkO/vitest.config.js",
      "vitest.config.ts",
      "vitest.config.mts",
      "vitest.config.cts",
      "vitest.config.js",
      "vitest.config.mjs",
      "vitest.config.cjs",
      "vite.config.ts",
      "vite.config.mts",
      "vite.config.cts",
      "vite.config.js",
      "vite.config.mjs",
      "vite.config.cjs",
      "**/virtual:*",
      "**/__x00__*",
      "**/node_modules/**"
    ],
    "reportOnFailure": false,
    "reporter": [
      [
        "text",
        {}
      ],
      [
        "json",
        {}
      ],
      [
        "html",
        {}
      ]
    ],
    "allowExternal": false,
    "excludeAfterRemap": false,
    "processingConcurrency": 16,
    "ignoreClassMethods": [],
    "skipFull": false,
    "watermarks": {
      "statements": [
        50,
        80
      ],
      "functions": [
        50,
        80
      ],
      "branches": [
        50,
        80
      ],
      "lines": [
        50,
        80
      ]
    },
    "include": [
      "src/**/*.{ts,vue}"
    ],
    "thresholds": {
      "lines": 90,
      "functions": 90,
      "branches": 90,
      "statements": 90
    }
  },
  "fakeTimers": {
    "loopLimit": 10000,
    "shouldClearNativeTimers": true
  },
  "maxConcurrency": 1,
  "dangerouslyIgnoreUnhandledErrors": false,
  "typecheck": {
    "checker": "tsc",
    "include": [
      "**/*.{test,spec}-d.?(c|m)[jt]s?(x)"
    ],
    "exclude": [
      "**/node_modules/**",
      "**/.git/**"
    ],
    "enabled": false
  },
  "slowTestThreshold": 300,
  "disableConsoleIntercept": false,
  "detectAsyncLeaks": false,
  "setupFiles": [
    "C:\\gwinnem\\keystone-dashboard-layout\\packages\\vue\\.stryker-tmp\\sandbox-pvAhkO\\stryker-setup-9.js",
    "C:/gwinnem/keystone-dashboard-layout/packages/vue/.stryker-tmp/sandbox-pvAhkO/tests/setup.ts"
  ],
  "deps": {
    "moduleDirectories": [
      "/node_modules/"
    ],
    "optimizer": {
      "ssr": {
        "enabled": false
      },
      "client": {
        "enabled": false
      }
    },
    "web": {
      "transformAssets": true,
      "transformCss": true,
      "transformGlobPattern": []
    }
  },
  "server": {
    "deps": {}
  },
  "config": "C:\\gwinnem\\keystone-dashboard-layout\\packages\\vue\\.stryker-tmp\\sandbox-pvAhkO\\vitest.config.js",
  "threads": true,
  "pool": "threads",
  "poolOptions": {
    "threads": {
      "maxThreads": 1,
      "minThreads": 1
    }
  },
  "maxWorkers": 1,
  "singleThread": false,
  "bail": 1,
  "defines": {},
  "viteDefine": {},
  "root": "C:/gwinnem/keystone-dashboard-layout/packages/vue/.stryker-tmp/sandbox-pvAhkO",
  "mode": "test",
  "project": [],
  "provide": {},
  "tags": [],
  "name": "",
  "inspector": {
    "enabled": false,
    "waitForDebugger": false
  },
  "clearScreen": true,
  "browser": {
    "enabled": false,
    "headless": false,
    "isolate": true,
    "fileParallelism": true,
    "ui": true,
    "commands": {},
    "detailsPanelPosition": "right",
    "viewport": {
      "width": 414,
      "height": 896
    },
    "locators": {
      "testIdAttribute": "data-testid",
      "exact": false
    },
    "screenshotFailures": false,
    "api": {
      "port": 63315,
      "allowWrite": true,
      "allowExec": true
    },
    "trace": {
      "mode": "off"
    }
  },
  "expect": {},
  "globalSetup": [],
  "attachmentsDir": "C:/gwinnem/keystone-dashboard-layout/packages/vue/.stryker-tmp/sandbox-pvAhkO/.vitest-attachments",
  "snapshotOptions": {
    "expand": false,
    "snapshotFormat": {},
    "updateSnapshot": "new",
    "snapshotEnvironment": null
  },
  "snapshotSerializers": [],
  "execArgv": [],
  "cache": {
    "dir": "C:/gwinnem/keystone-dashboard-layout/packages/vue/.stryker-tmp/sandbox-pvAhkO/node_modules/.vite/vitest/da39a3ee5e6b4b0d3255bfef95601890afd80709"
  },
  "sequence": {
    "groupOrder": 0,
    "hooks": "stack"
  },
  "testTimeout": 5000,
  "hookTimeout": 10000,
  "experimental": {
    "importDurations": {
      "print": false,
      "failOnDanger": false,
      "limit": 0,
      "thresholds": {
        "warn": 100,
        "danger": 500
      }
    }
  }
}
16:40:52 (52444) DEBUG ChildProcessProxy Disposing of worker process 35224
16:40:52 (52444) DEBUG ChildProcessProxy Kill 35224
16:40:52 (4084) DEBUG PluginLoader Loading plugin file:///C:/gwinnem/keystone-dashboard-layout/node_modules/.pnpm/@stryker-mutator+instrumenter@9.6.1_supports-color@8.1.1/node_modules/@stryker-mutator/instrumenter/dist/src/frameworks/index.js
16:40:52 (4084) DEBUG PluginLoader Loading plugin file:///C:/gwinnem/keystone-dashboard-layout/node_modules/.pnpm/@stryker-mutator+core@9.6.1_911149adbd3acc9b701e5200d679170d/node_modules/@stryker-mutator/core/dist/src/reporters/index.js
16:40:52 (37032) DEBUG ChildProcessProxyWorker Changing current working directory for this process to C:\gwinnem\keystone-dashboard-layout\packages\vue\.stryker-tmp\sandbox-pvAhkO
16:40:52 (4084) DEBUG ChildProcessProxyWorker Changing current working directory for this process to C:\gwinnem\keystone-dashboard-layout\packages\vue\.stryker-tmp\sandbox-pvAhkO
16:40:52 (52444) TRACE ChildProcessProxy  DEPRECATED  `test.poolOptions` was removed in Vitest 4. All previous `poolOptions` are now top-level options. Please, refer to the migration guide: https://vitest.dev/guide/migration#pool-rework

16:40:52 (52444) DEBUG ChildProcessProxy Started ChildProcessTestRunnerWorker in worker process 12 with pid 37696 
16:40:52 (37032) DEBUG VitestTestRunner vitest final config: {
  "allowOnly": true,
  "isolate": true,
  "watch": false,
  "globals": true,
  "environment": "jsdom",
  "clearMocks": false,
  "restoreMocks": false,
  "mockReset": false,
  "unstubGlobals": false,
  "unstubEnvs": false,
  "include": [
    "tests/*.spec.ts",
    "tests/unit/*.spec.ts"
  ],
  "exclude": [
    "**/node_modules/**",
    "**/.git/**"
  ],
  "teardownTimeout": 10000,
  "forceRerunTriggers": [
    "**/package.json/**",
    "**/{vitest,vite}.config.*/**",
    "C:/gwinnem/keystone-dashboard-layout/packages/vue/.stryker-tmp/sandbox-pvAhkO/tests/setup.ts"
  ],
  "update": false,
  "reporters": [
    [
      "default",
      {}
    ]
  ],
  "silent": false,
  "hideSkippedTests": false,
  "api": {
    "middlewareMode": true,
    "allowWrite": true,
    "allowExec": true,
    "token": "8b2c594b-3f7d-4d10-949e-7209c04f882c"
  },
  "ui": false,
  "uiBase": "/__vitest__/",
  "open": true,
  "css": {
    "include": [],
    "modules": {
      "classNameStrategy": "stable"
    }
  },
  "coverage": {
    "provider": "v8",
    "enabled": false,
    "clean": true,
    "cleanOnRerun": true,
    "reportsDirectory": "./tests/coverage",
    "exclude": [
      "src/vite-env.d.ts",
      "src/components/Grid/grid-layout-props.interface.ts",
      "src/components/Grid/grid-item-props.interface.ts",
      "src/components/Grid/composables/grid-item-composable-context.ts",
      "src/components/index.ts",
      "tests/setup.ts",
      "tests/*.spec.ts",
      "tests/unit/*.spec.ts",
      "C:/gwinnem/keystone-dashboard-layout/packages/vue/.stryker-tmp/sandbox-pvAhkO/vitest.config.js",
      "vitest.config.ts",
      "vitest.config.mts",
      "vitest.config.cts",
      "vitest.config.js",
      "vitest.config.mjs",
      "vitest.config.cjs",
      "vite.config.ts",
      "vite.config.mts",
      "vite.config.cts",
      "vite.config.js",
      "vite.config.mjs",
      "vite.config.cjs",
      "**/virtual:*",
      "**/__x00__*",
      "**/node_modules/**"
    ],
    "reportOnFailure": false,
    "reporter": [
      [
        "text",
        {}
      ],
      [
        "json",
        {}
      ],
      [
        "html",
        {}
      ]
    ],
    "allowExternal": false,
    "excludeAfterRemap": false,
    "processingConcurrency": 16,
    "ignoreClassMethods": [],
    "skipFull": false,
    "watermarks": {
      "statements": [
        50,
        80
      ],
      "functions": [
        50,
        80
      ],
      "branches": [
        50,
        80
      ],
      "lines": [
        50,
        80
      ]
    },
    "include": [
      "src/**/*.{ts,vue}"
    ],
    "thresholds": {
      "lines": 90,
      "functions": 90,
      "branches": 90,
      "statements": 90
    }
  },
  "fakeTimers": {
    "loopLimit": 10000,
    "shouldClearNativeTimers": true
  },
  "maxConcurrency": 1,
  "dangerouslyIgnoreUnhandledErrors": false,
  "typecheck": {
    "checker": "tsc",
    "include": [
      "**/*.{test,spec}-d.?(c|m)[jt]s?(x)"
    ],
    "exclude": [
      "**/node_modules/**",
      "**/.git/**"
    ],
    "enabled": false
  },
  "slowTestThreshold": 300,
  "disableConsoleIntercept": false,
  "detectAsyncLeaks": false,
  "setupFiles": [
    "C:\\gwinnem\\keystone-dashboard-layout\\packages\\vue\\.stryker-tmp\\sandbox-pvAhkO\\stryker-setup-10.js",
    "C:/gwinnem/keystone-dashboard-layout/packages/vue/.stryker-tmp/sandbox-pvAhkO/tests/setup.ts"
  ],
  "deps": {
    "moduleDirectories": [
      "/node_modules/"
    ],
    "optimizer": {
      "ssr": {
        "enabled": false
      },
      "client": {
        "enabled": false
      }
    },
    "web": {
      "transformAssets": true,
      "transformCss": true,
      "transformGlobPattern": []
    }
  },
  "server": {
    "deps": {}
  },
  "config": "C:\\gwinnem\\keystone-dashboard-layout\\packages\\vue\\.stryker-tmp\\sandbox-pvAhkO\\vitest.config.js",
  "threads": true,
  "pool": "threads",
  "poolOptions": {
    "threads": {
      "maxThreads": 1,
      "minThreads": 1
    }
  },
  "maxWorkers": 1,
  "singleThread": false,
  "bail": 1,
  "defines": {},
  "viteDefine": {},
  "root": "C:/gwinnem/keystone-dashboard-layout/packages/vue/.stryker-tmp/sandbox-pvAhkO",
  "mode": "test",
  "project": [],
  "provide": {},
  "tags": [],
  "name": "",
  "inspector": {
    "enabled": false,
    "waitForDebugger": false
  },
  "clearScreen": true,
  "browser": {
    "enabled": false,
    "headless": false,
    "isolate": true,
    "fileParallelism": true,
    "ui": true,
    "commands": {},
    "detailsPanelPosition": "right",
    "viewport": {
      "width": 414,
      "height": 896
    },
    "locators": {
      "testIdAttribute": "data-testid",
      "exact": false
    },
    "screenshotFailures": false,
    "api": {
      "port": 63315,
      "allowWrite": true,
      "allowExec": true
    },
    "trace": {
      "mode": "off"
    }
  },
  "expect": {},
  "globalSetup": [],
  "attachmentsDir": "C:/gwinnem/keystone-dashboard-layout/packages/vue/.stryker-tmp/sandbox-pvAhkO/.vitest-attachments",
  "snapshotOptions": {
    "expand": false,
    "snapshotFormat": {},
    "updateSnapshot": "new",
    "snapshotEnvironment": null
  },
  "snapshotSerializers": [],
  "execArgv": [],
  "cache": {
    "dir": "C:/gwinnem/keystone-dashboard-layout/packages/vue/.stryker-tmp/sandbox-pvAhkO/node_modules/.vite/vitest/da39a3ee5e6b4b0d3255bfef95601890afd80709"
  },
  "sequence": {
    "groupOrder": 0,
    "hooks": "stack"
  },
  "testTimeout": 5000,
  "hookTimeout": 10000,
  "experimental": {
    "importDurations": {
      "print": false,
      "failOnDanger": false,
      "limit": 0,
      "thresholds": {
        "warn": 100,
        "danger": 500
      }
    }
  }
}
16:40:52 (52444) DEBUG ChildProcessProxy Started ChildProcessTestRunnerWorker in worker process 13 with pid 38708 
16:40:52 (52444) TRACE ChildProcessProxy  DEPRECATED  `test.poolOptions` was removed in Vitest 4. All previous `poolOptions` are now top-level options. Please, refer to the migration guide: https://vitest.dev/guide/migration#pool-rework

16:40:52 (4084) DEBUG VitestTestRunner vitest final config: {
  "allowOnly": true,
  "isolate": true,
  "watch": false,
  "globals": true,
  "environment": "jsdom",
  "clearMocks": false,
  "restoreMocks": false,
  "mockReset": false,
  "unstubGlobals": false,
  "unstubEnvs": false,
  "include": [
    "tests/*.spec.ts",
    "tests/unit/*.spec.ts"
  ],
  "exclude": [
    "**/node_modules/**",
    "**/.git/**"
  ],
  "teardownTimeout": 10000,
  "forceRerunTriggers": [
    "**/package.json/**",
    "**/{vitest,vite}.config.*/**",
    "C:/gwinnem/keystone-dashboard-layout/packages/vue/.stryker-tmp/sandbox-pvAhkO/tests/setup.ts"
  ],
  "update": false,
  "reporters": [
    [
      "default",
      {}
    ]
  ],
  "silent": false,
  "hideSkippedTests": false,
  "api": {
    "middlewareMode": true,
    "allowWrite": true,
    "allowExec": true,
    "token": "a4cf02f1-a601-4e56-aa99-3256f7e45a36"
  },
  "ui": false,
  "uiBase": "/__vitest__/",
  "open": true,
  "css": {
    "include": [],
    "modules": {
      "classNameStrategy": "stable"
    }
  },
  "coverage": {
    "provider": "v8",
    "enabled": false,
    "clean": true,
    "cleanOnRerun": true,
    "reportsDirectory": "./tests/coverage",
    "exclude": [
      "src/vite-env.d.ts",
      "src/components/Grid/grid-layout-props.interface.ts",
      "src/components/Grid/grid-item-props.interface.ts",
      "src/components/Grid/composables/grid-item-composable-context.ts",
      "src/components/index.ts",
      "tests/setup.ts",
      "tests/*.spec.ts",
      "tests/unit/*.spec.ts",
      "C:/gwinnem/keystone-dashboard-layout/packages/vue/.stryker-tmp/sandbox-pvAhkO/vitest.config.js",
      "vitest.config.ts",
      "vitest.config.mts",
      "vitest.config.cts",
      "vitest.config.js",
      "vitest.config.mjs",
      "vitest.config.cjs",
      "vite.config.ts",
      "vite.config.mts",
      "vite.config.cts",
      "vite.config.js",
      "vite.config.mjs",
      "vite.config.cjs",
      "**/virtual:*",
      "**/__x00__*",
      "**/node_modules/**"
    ],
    "reportOnFailure": false,
    "reporter": [
      [
        "text",
        {}
      ],
      [
        "json",
        {}
      ],
      [
        "html",
        {}
      ]
    ],
    "allowExternal": false,
    "excludeAfterRemap": false,
    "processingConcurrency": 16,
    "ignoreClassMethods": [],
    "skipFull": false,
    "watermarks": {
      "statements": [
        50,
        80
      ],
      "functions": [
        50,
        80
      ],
      "branches": [
        50,
        80
      ],
      "lines": [
        50,
        80
      ]
    },
    "include": [
      "src/**/*.{ts,vue}"
    ],
    "thresholds": {
      "lines": 90,
      "functions": 90,
      "branches": 90,
      "statements": 90
    }
  },
  "fakeTimers": {
    "loopLimit": 10000,
    "shouldClearNativeTimers": true
  },
  "maxConcurrency": 1,
  "dangerouslyIgnoreUnhandledErrors": false,
  "typecheck": {
    "checker": "tsc",
    "include": [
      "**/*.{test,spec}-d.?(c|m)[jt]s?(x)"
    ],
    "exclude": [
      "**/node_modules/**",
      "**/.git/**"
    ],
    "enabled": false
  },
  "slowTestThreshold": 300,
  "disableConsoleIntercept": false,
  "detectAsyncLeaks": false,
  "setupFiles": [
    "C:\\gwinnem\\keystone-dashboard-layout\\packages\\vue\\.stryker-tmp\\sandbox-pvAhkO\\stryker-setup-11.js",
    "C:/gwinnem/keystone-dashboard-layout/packages/vue/.stryker-tmp/sandbox-pvAhkO/tests/setup.ts"
  ],
  "deps": {
    "moduleDirectories": [
      "/node_modules/"
    ],
    "optimizer": {
      "ssr": {
        "enabled": false
      },
      "client": {
        "enabled": false
      }
    },
    "web": {
      "transformAssets": true,
      "transformCss": true,
      "transformGlobPattern": []
    }
  },
  "server": {
    "deps": {}
  },
  "config": "C:\\gwinnem\\keystone-dashboard-layout\\packages\\vue\\.stryker-tmp\\sandbox-pvAhkO\\vitest.config.js",
  "threads": true,
  "pool": "threads",
  "poolOptions": {
    "threads": {
      "maxThreads": 1,
      "minThreads": 1
    }
  },
  "maxWorkers": 1,
  "singleThread": false,
  "bail": 1,
  "defines": {},
  "viteDefine": {},
  "root": "C:/gwinnem/keystone-dashboard-layout/packages/vue/.stryker-tmp/sandbox-pvAhkO",
  "mode": "test",
  "project": [],
  "provide": {},
  "tags": [],
  "name": "",
  "inspector": {
    "enabled": false,
    "waitForDebugger": false
  },
  "clearScreen": true,
  "browser": {
    "enabled": false,
    "headless": false,
    "isolate": true,
    "fileParallelism": true,
    "ui": true,
    "commands": {},
    "detailsPanelPosition": "right",
    "viewport": {
      "width": 414,
      "height": 896
    },
    "locators": {
      "testIdAttribute": "data-testid",
      "exact": false
    },
    "screenshotFailures": false,
    "api": {
      "port": 63315,
      "allowWrite": true,
      "allowExec": true
    },
    "trace": {
      "mode": "off"
    }
  },
  "expect": {},
  "globalSetup": [],
  "attachmentsDir": "C:/gwinnem/keystone-dashboard-layout/packages/vue/.stryker-tmp/sandbox-pvAhkO/.vitest-attachments",
  "snapshotOptions": {
    "expand": false,
    "snapshotFormat": {},
    "updateSnapshot": "new",
    "snapshotEnvironment": null
  },
  "snapshotSerializers": [],
  "execArgv": [],
  "cache": {
    "dir": "C:/gwinnem/keystone-dashboard-layout/packages/vue/.stryker-tmp/sandbox-pvAhkO/node_modules/.vite/vitest/da39a3ee5e6b4b0d3255bfef95601890afd80709"
  },
  "sequence": {
    "groupOrder": 0,
    "hooks": "stack"
  },
  "testTimeout": 5000,
  "hookTimeout": 10000,
  "experimental": {
    "importDurations": {
      "print": false,
      "failOnDanger": false,
      "limit": 0,
      "thresholds": {
        "warn": 100,
        "danger": 500
      }
    }
  }
}
16:40:52 (52444) DEBUG ChildProcessProxy Started ChildProcessTestRunnerWorker in worker process 14 with pid 2344 
16:40:53 (37696) DEBUG PluginLoader Loading plugin @stryker-mutator/vitest-runner
16:40:53 (38708) DEBUG PluginLoader Loading plugin @stryker-mutator/vitest-runner
16:40:53 (2344) DEBUG PluginLoader Loading plugin @stryker-mutator/vitest-runner
16:40:53 (37696) DEBUG PluginLoader Loading plugin file:///C:/gwinnem/keystone-dashboard-layout/node_modules/.pnpm/@stryker-mutator+instrumenter@9.6.1_supports-color@8.1.1/node_modules/@stryker-mutator/instrumenter/dist/src/frameworks/index.js
16:40:53 (37696) DEBUG PluginLoader Loading plugin file:///C:/gwinnem/keystone-dashboard-layout/node_modules/.pnpm/@stryker-mutator+core@9.6.1_911149adbd3acc9b701e5200d679170d/node_modules/@stryker-mutator/core/dist/src/reporters/index.js
16:40:53 (38708) DEBUG PluginLoader Loading plugin file:///C:/gwinnem/keystone-dashboard-layout/node_modules/.pnpm/@stryker-mutator+instrumenter@9.6.1_supports-color@8.1.1/node_modules/@stryker-mutator/instrumenter/dist/src/frameworks/index.js
16:40:53 (38708) DEBUG PluginLoader Loading plugin file:///C:/gwinnem/keystone-dashboard-layout/node_modules/.pnpm/@stryker-mutator+core@9.6.1_911149adbd3acc9b701e5200d679170d/node_modules/@stryker-mutator/core/dist/src/reporters/index.js
16:40:53 (2344) DEBUG PluginLoader Loading plugin file:///C:/gwinnem/keystone-dashboard-layout/node_modules/.pnpm/@stryker-mutator+instrumenter@9.6.1_supports-color@8.1.1/node_modules/@stryker-mutator/instrumenter/dist/src/frameworks/index.js
16:40:53 (2344) DEBUG PluginLoader Loading plugin file:///C:/gwinnem/keystone-dashboard-layout/node_modules/.pnpm/@stryker-mutator+core@9.6.1_911149adbd3acc9b701e5200d679170d/node_modules/@stryker-mutator/core/dist/src/reporters/index.js
16:40:53 (38708) DEBUG ChildProcessProxyWorker Changing current working directory for this process to C:\gwinnem\keystone-dashboard-layout\packages\vue\.stryker-tmp\sandbox-pvAhkO
16:40:53 (37696) DEBUG ChildProcessProxyWorker Changing current working directory for this process to C:\gwinnem\keystone-dashboard-layout\packages\vue\.stryker-tmp\sandbox-pvAhkO
16:40:54 (52444) TRACE ChildProcessProxy  DEPRECATED  `test.poolOptions` was removed in Vitest 4. All previous `poolOptions` are now top-level options. Please, refer to the migration guide: https://vitest.dev/guide/migration#pool-rework

16:40:54 (52444) TRACE ChildProcessProxy  DEPRECATED  `test.poolOptions` was removed in Vitest 4. All previous `poolOptions` are now top-level options. Please, refer to the migration guide: https://vitest.dev/guide/migration#pool-rework

16:40:54 (2344) DEBUG ChildProcessProxyWorker Changing current working directory for this process to C:\gwinnem\keystone-dashboard-layout\packages\vue\.stryker-tmp\sandbox-pvAhkO
16:40:54 (38708) DEBUG VitestTestRunner vitest final config: {
  "allowOnly": true,
  "isolate": true,
  "watch": false,
  "globals": true,
  "environment": "jsdom",
  "clearMocks": false,
  "restoreMocks": false,
  "mockReset": false,
  "unstubGlobals": false,
  "unstubEnvs": false,
  "include": [
    "tests/*.spec.ts",
    "tests/unit/*.spec.ts"
  ],
  "exclude": [
    "**/node_modules/**",
    "**/.git/**"
  ],
  "teardownTimeout": 10000,
  "forceRerunTriggers": [
    "**/package.json/**",
    "**/{vitest,vite}.config.*/**",
    "C:/gwinnem/keystone-dashboard-layout/packages/vue/.stryker-tmp/sandbox-pvAhkO/tests/setup.ts"
  ],
  "update": false,
  "reporters": [
    [
      "default",
      {}
    ]
  ],
  "silent": false,
  "hideSkippedTests": false,
  "api": {
    "middlewareMode": true,
    "allowWrite": true,
    "allowExec": true,
    "token": "7a1868aa-33e0-472a-a985-af6f5d915f43"
  },
  "ui": false,
  "uiBase": "/__vitest__/",
  "open": true,
  "css": {
    "include": [],
    "modules": {
      "classNameStrategy": "stable"
    }
  },
  "coverage": {
    "provider": "v8",
    "enabled": false,
    "clean": true,
    "cleanOnRerun": true,
    "reportsDirectory": "./tests/coverage",
    "exclude": [
      "src/vite-env.d.ts",
      "src/components/Grid/grid-layout-props.interface.ts",
      "src/components/Grid/grid-item-props.interface.ts",
      "src/components/Grid/composables/grid-item-composable-context.ts",
      "src/components/index.ts",
      "tests/setup.ts",
      "tests/*.spec.ts",
      "tests/unit/*.spec.ts",
      "C:/gwinnem/keystone-dashboard-layout/packages/vue/.stryker-tmp/sandbox-pvAhkO/vitest.config.js",
      "vitest.config.ts",
      "vitest.config.mts",
      "vitest.config.cts",
      "vitest.config.js",
      "vitest.config.mjs",
      "vitest.config.cjs",
      "vite.config.ts",
      "vite.config.mts",
      "vite.config.cts",
      "vite.config.js",
      "vite.config.mjs",
      "vite.config.cjs",
      "**/virtual:*",
      "**/__x00__*",
      "**/node_modules/**"
    ],
    "reportOnFailure": false,
    "reporter": [
      [
        "text",
        {}
      ],
      [
        "json",
        {}
      ],
      [
        "html",
        {}
      ]
    ],
    "allowExternal": false,
    "excludeAfterRemap": false,
    "processingConcurrency": 16,
    "ignoreClassMethods": [],
    "skipFull": false,
    "watermarks": {
      "statements": [
        50,
        80
      ],
      "functions": [
        50,
        80
      ],
      "branches": [
        50,
        80
      ],
      "lines": [
        50,
        80
      ]
    },
    "include": [
      "src/**/*.{ts,vue}"
    ],
    "thresholds": {
      "lines": 90,
      "functions": 90,
      "branches": 90,
      "statements": 90
    }
  },
  "fakeTimers": {
    "loopLimit": 10000,
    "shouldClearNativeTimers": true
  },
  "maxConcurrency": 1,
  "dangerouslyIgnoreUnhandledErrors": false,
  "typecheck": {
    "checker": "tsc",
    "include": [
      "**/*.{test,spec}-d.?(c|m)[jt]s?(x)"
    ],
    "exclude": [
      "**/node_modules/**",
      "**/.git/**"
    ],
    "enabled": false
  },
  "slowTestThreshold": 300,
  "disableConsoleIntercept": false,
  "detectAsyncLeaks": false,
  "setupFiles": [
    "C:\\gwinnem\\keystone-dashboard-layout\\packages\\vue\\.stryker-tmp\\sandbox-pvAhkO\\stryker-setup-13.js",
    "C:/gwinnem/keystone-dashboard-layout/packages/vue/.stryker-tmp/sandbox-pvAhkO/tests/setup.ts"
  ],
  "deps": {
    "moduleDirectories": [
      "/node_modules/"
    ],
    "optimizer": {
      "ssr": {
        "enabled": false
      },
      "client": {
        "enabled": false
      }
    },
    "web": {
      "transformAssets": true,
      "transformCss": true,
      "transformGlobPattern": []
    }
  },
  "server": {
    "deps": {}
  },
  "config": "C:\\gwinnem\\keystone-dashboard-layout\\packages\\vue\\.stryker-tmp\\sandbox-pvAhkO\\vitest.config.js",
  "threads": true,
  "pool": "threads",
  "poolOptions": {
    "threads": {
      "maxThreads": 1,
      "minThreads": 1
    }
  },
  "maxWorkers": 1,
  "singleThread": false,
  "bail": 1,
  "defines": {},
  "viteDefine": {},
  "root": "C:/gwinnem/keystone-dashboard-layout/packages/vue/.stryker-tmp/sandbox-pvAhkO",
  "mode": "test",
  "project": [],
  "provide": {},
  "tags": [],
  "name": "",
  "inspector": {
    "enabled": false,
    "waitForDebugger": false
  },
  "clearScreen": true,
  "browser": {
    "enabled": false,
    "headless": false,
    "isolate": true,
    "fileParallelism": true,
    "ui": true,
    "commands": {},
    "detailsPanelPosition": "right",
    "viewport": {
      "width": 414,
      "height": 896
    },
    "locators": {
      "testIdAttribute": "data-testid",
      "exact": false
    },
    "screenshotFailures": false,
    "api": {
      "port": 63315,
      "allowWrite": true,
      "allowExec": true
    },
    "trace": {
      "mode": "off"
    }
  },
  "expect": {},
  "globalSetup": [],
  "attachmentsDir": "C:/gwinnem/keystone-dashboard-layout/packages/vue/.stryker-tmp/sandbox-pvAhkO/.vitest-attachments",
  "snapshotOptions": {
    "expand": false,
    "snapshotFormat": {},
    "updateSnapshot": "new",
    "snapshotEnvironment": null
  },
  "snapshotSerializers": [],
  "execArgv": [],
  "cache": {
    "dir": "C:/gwinnem/keystone-dashboard-layout/packages/vue/.stryker-tmp/sandbox-pvAhkO/node_modules/.vite/vitest/da39a3ee5e6b4b0d3255bfef95601890afd80709"
  },
  "sequence": {
    "groupOrder": 0,
    "hooks": "stack"
  },
  "testTimeout": 5000,
  "hookTimeout": 10000,
  "experimental": {
    "importDurations": {
      "print": false,
      "failOnDanger": false,
      "limit": 0,
      "thresholds": {
        "warn": 100,
        "danger": 500
      }
    }
  }
}
16:40:54 (52444) DEBUG ChildProcessProxy Started ChildProcessTestRunnerWorker in worker process 15 with pid 58292 
16:40:54 (37696) DEBUG VitestTestRunner vitest final config: {
  "allowOnly": true,
  "isolate": true,
  "watch": false,
  "globals": true,
  "environment": "jsdom",
  "clearMocks": false,
  "restoreMocks": false,
  "mockReset": false,
  "unstubGlobals": false,
  "unstubEnvs": false,
  "include": [
    "tests/*.spec.ts",
    "tests/unit/*.spec.ts"
  ],
  "exclude": [
    "**/node_modules/**",
    "**/.git/**"
  ],
  "teardownTimeout": 10000,
  "forceRerunTriggers": [
    "**/package.json/**",
    "**/{vitest,vite}.config.*/**",
    "C:/gwinnem/keystone-dashboard-layout/packages/vue/.stryker-tmp/sandbox-pvAhkO/tests/setup.ts"
  ],
  "update": false,
  "reporters": [
    [
      "default",
      {}
    ]
  ],
  "silent": false,
  "hideSkippedTests": false,
  "api": {
    "middlewareMode": true,
    "allowWrite": true,
    "allowExec": true,
    "token": "0375bcab-f071-40cf-a5a4-ff3252c9e566"
  },
  "ui": false,
  "uiBase": "/__vitest__/",
  "open": true,
  "css": {
    "include": [],
    "modules": {
      "classNameStrategy": "stable"
    }
  },
  "coverage": {
    "provider": "v8",
    "enabled": false,
    "clean": true,
    "cleanOnRerun": true,
    "reportsDirectory": "./tests/coverage",
    "exclude": [
      "src/vite-env.d.ts",
      "src/components/Grid/grid-layout-props.interface.ts",
      "src/components/Grid/grid-item-props.interface.ts",
      "src/components/Grid/composables/grid-item-composable-context.ts",
      "src/components/index.ts",
      "tests/setup.ts",
      "tests/*.spec.ts",
      "tests/unit/*.spec.ts",
      "C:/gwinnem/keystone-dashboard-layout/packages/vue/.stryker-tmp/sandbox-pvAhkO/vitest.config.js",
      "vitest.config.ts",
      "vitest.config.mts",
      "vitest.config.cts",
      "vitest.config.js",
      "vitest.config.mjs",
      "vitest.config.cjs",
      "vite.config.ts",
      "vite.config.mts",
      "vite.config.cts",
      "vite.config.js",
      "vite.config.mjs",
      "vite.config.cjs",
      "**/virtual:*",
      "**/__x00__*",
      "**/node_modules/**"
    ],
    "reportOnFailure": false,
    "reporter": [
      [
        "text",
        {}
      ],
      [
        "json",
        {}
      ],
      [
        "html",
        {}
      ]
    ],
    "allowExternal": false,
    "excludeAfterRemap": false,
    "processingConcurrency": 16,
    "ignoreClassMethods": [],
    "skipFull": false,
    "watermarks": {
      "statements": [
        50,
        80
      ],
      "functions": [
        50,
        80
      ],
      "branches": [
        50,
        80
      ],
      "lines": [
        50,
        80
      ]
    },
    "include": [
      "src/**/*.{ts,vue}"
    ],
    "thresholds": {
      "lines": 90,
      "functions": 90,
      "branches": 90,
      "statements": 90
    }
  },
  "fakeTimers": {
    "loopLimit": 10000,
    "shouldClearNativeTimers": true
  },
  "maxConcurrency": 1,
  "dangerouslyIgnoreUnhandledErrors": false,
  "typecheck": {
    "checker": "tsc",
    "include": [
      "**/*.{test,spec}-d.?(c|m)[jt]s?(x)"
    ],
    "exclude": [
      "**/node_modules/**",
      "**/.git/**"
    ],
    "enabled": false
  },
  "slowTestThreshold": 300,
  "disableConsoleIntercept": false,
  "detectAsyncLeaks": false,
  "setupFiles": [
    "C:\\gwinnem\\keystone-dashboard-layout\\packages\\vue\\.stryker-tmp\\sandbox-pvAhkO\\stryker-setup-12.js",
    "C:/gwinnem/keystone-dashboard-layout/packages/vue/.stryker-tmp/sandbox-pvAhkO/tests/setup.ts"
  ],
  "deps": {
    "moduleDirectories": [
      "/node_modules/"
    ],
    "optimizer": {
      "ssr": {
        "enabled": false
      },
      "client": {
        "enabled": false
      }
    },
    "web": {
      "transformAssets": true,
      "transformCss": true,
      "transformGlobPattern": []
    }
  },
  "server": {
    "deps": {}
  },
  "config": "C:\\gwinnem\\keystone-dashboard-layout\\packages\\vue\\.stryker-tmp\\sandbox-pvAhkO\\vitest.config.js",
  "threads": true,
  "pool": "threads",
  "poolOptions": {
    "threads": {
      "maxThreads": 1,
      "minThreads": 1
    }
  },
  "maxWorkers": 1,
  "singleThread": false,
  "bail": 1,
  "defines": {},
  "viteDefine": {},
  "root": "C:/gwinnem/keystone-dashboard-layout/packages/vue/.stryker-tmp/sandbox-pvAhkO",
  "mode": "test",
  "project": [],
  "provide": {},
  "tags": [],
  "name": "",
  "inspector": {
    "enabled": false,
    "waitForDebugger": false
  },
  "clearScreen": true,
  "browser": {
    "enabled": false,
    "headless": false,
    "isolate": true,
    "fileParallelism": true,
    "ui": true,
    "commands": {},
    "detailsPanelPosition": "right",
    "viewport": {
      "width": 414,
      "height": 896
    },
    "locators": {
      "testIdAttribute": "data-testid",
      "exact": false
    },
    "screenshotFailures": false,
    "api": {
      "port": 63315,
      "allowWrite": true,
      "allowExec": true
    },
    "trace": {
      "mode": "off"
    }
  },
  "expect": {},
  "globalSetup": [],
  "attachmentsDir": "C:/gwinnem/keystone-dashboard-layout/packages/vue/.stryker-tmp/sandbox-pvAhkO/.vitest-attachments",
  "snapshotOptions": {
    "expand": false,
    "snapshotFormat": {},
    "updateSnapshot": "new",
    "snapshotEnvironment": null
  },
  "snapshotSerializers": [],
  "execArgv": [],
  "cache": {
    "dir": "C:/gwinnem/keystone-dashboard-layout/packages/vue/.stryker-tmp/sandbox-pvAhkO/node_modules/.vite/vitest/da39a3ee5e6b4b0d3255bfef95601890afd80709"
  },
  "sequence": {
    "groupOrder": 0,
    "hooks": "stack"
  },
  "testTimeout": 5000,
  "hookTimeout": 10000,
  "experimental": {
    "importDurations": {
      "print": false,
      "failOnDanger": false,
      "limit": 0,
      "thresholds": {
        "warn": 100,
        "danger": 500
      }
    }
  }
}
16:40:54 (52444) ERROR DryRunExecutor One or more tests resulted in an error:
	Test runner crashed. Tried twice to restart it without any luck. Last time the error message was: Error: Error: [@vue/compiler-sfc] Failed to resolve import source "@/core/griditem/enums/EGridItemEvents".

C:/gwinnem/keystone-dashboard-layout/packages/vue/.stryker-tmp/sandbox-pvAhkO/src/components/common/CustomCloseButton.vue
33 |  
34 |    const emit = defineEmits<{
35 |      (e: EGridItemEvent.REMOVE_ITEM, value: string | number): void;
   |          ^^^^^^^^^^^^^^^^^^^^^^^^^^
36 |    }>();
37 |  
Error: [@vue/compiler-sfc] Failed to resolve import source "@/core/griditem/enums/EGridItemEvents".

C:/gwinnem/keystone-dashboard-layout/packages/vue/.stryker-tmp/sandbox-pvAhkO/src/components/common/CustomCloseButton.vue
33 |  
34 |    const emit = defineEmits<{
35 |      (e: EGridItemEvent.REMOVE_ITEM, value: string | number): void;
   |          ^^^^^^^^^^^^^^^^^^^^^^^^^^
36 |    }>();
37 |  
    at ScriptCompileContext.error (C:\gwinnem\keystone-dashboard-layout\node_modules\.pnpm\@vue+compiler-sfc@3.5.41\node_modules\@vue\compiler-sfc\dist\compiler-sfc.cjs.js:20270:11)
    at importSourceToScope (C:\gwinnem\keystone-dashboard-layout\node_modules\.pnpm\@vue+compiler-sfc@3.5.41\node_modules\@vue\compiler-sfc\dist\compiler-sfc.cjs.js:23643:16)
    at resolveTypeFromImport (C:\gwinnem\keystone-dashboard-layout\node_modules\.pnpm\@vue+compiler-sfc@3.5.41\node_modules\@vue\compiler-sfc\dist\compiler-sfc.cjs.js:23586:23)
    at innerResolveTypeReference (C:\gwinnem\keystone-dashboard-layout\node_modules\.pnpm\@vue+compiler-sfc@3.5.41\node_modules\@vue\compiler-sfc\dist\compiler-sfc.cjs.js:23469:14)
    at innerResolveTypeReference (C:\gwinnem\keystone-dashboard-layout\node_modules\.pnpm\@vue+compiler-sfc@3.5.41\node_modules\@vue\compiler-sfc\dist\compiler-sfc.cjs.js:23492:14)
    at resolveTypeReference (C:\gwinnem\keystone-dashboard-layout\node_modules\.pnpm\@vue+compiler-sfc@3.5.41\node_modules\@vue\compiler-sfc\dist\compiler-sfc.cjs.js:23457:20)
    at resolveUnionType (C:\gwinnem\keystone-dashboard-layout\node_modules\.pnpm\@vue+compiler-sfc@3.5.41\node_modules\@vue\compiler-sfc\dist\compiler-sfc.cjs.js:24571:22)
    at extractEventNames (C:\gwinnem\keystone-dashboard-layout\node_modules\.pnpm\@vue+compiler-sfc@3.5.41\node_modules\@vue\compiler-sfc\dist\compiler-sfc.cjs.js:25242:19)
    at extractRuntimeEmits (C:\gwinnem\keystone-dashboard-layout\node_modules\.pnpm\@vue+compiler-sfc@3.5.41\node_modules\@vue\compiler-sfc\dist\compiler-sfc.cjs.js:25235:7)
    at genRuntimeEmits (C:\gwinnem\keystone-dashboard-layout\node_modules\.pnpm\@vue+compiler-sfc@3.5.41\node_modules\@vue\compiler-sfc\dist\compiler-sfc.cjs.js:25203:31)
Error: Error: [@vue/compiler-sfc] Failed to resolve import source "@/core/griditem/enums/EGridItemEvents".

C:/gwinnem/keystone-dashboard-layout/packages/vue/.stryker-tmp/sandbox-pvAhkO/src/components/common/CustomCloseButton.vue
33 |  
34 |    const emit = defineEmits<{
35 |      (e: EGridItemEvent.REMOVE_ITEM, value: string | number): void;
   |          ^^^^^^^^^^^^^^^^^^^^^^^^^^
36 |    }>();
37 |  
Error: [@vue/compiler-sfc] Failed to resolve import source "@/core/griditem/enums/EGridItemEvents".

C:/gwinnem/keystone-dashboard-layout/packages/vue/.stryker-tmp/sandbox-pvAhkO/src/components/common/CustomCloseButton.vue
33 |  
34 |    const emit = defineEmits<{
35 |      (e: EGridItemEvent.REMOVE_ITEM, value: string | number): void;
   |          ^^^^^^^^^^^^^^^^^^^^^^^^^^
36 |    }>();
37 |  
    at ScriptCompileContext.error (C:\gwinnem\keystone-dashboard-layout\node_modules\.pnpm\@vue+compiler-sfc@3.5.41\node_modules\@vue\compiler-sfc\dist\compiler-sfc.cjs.js:20270:11)
    at importSourceToScope (C:\gwinnem\keystone-dashboard-layout\node_modules\.pnpm\@vue+compiler-sfc@3.5.41\node_modules\@vue\compiler-sfc\dist\compiler-sfc.cjs.js:23643:16)
    at resolveTypeFromImport (C:\gwinnem\keystone-dashboard-layout\node_modules\.pnpm\@vue+compiler-sfc@3.5.41\node_modules\@vue\compiler-sfc\dist\compiler-sfc.cjs.js:23586:23)
    at innerResolveTypeReference (C:\gwinnem\keystone-dashboard-layout\node_modules\.pnpm\@vue+compiler-sfc@3.5.41\node_modules\@vue\compiler-sfc\dist\compiler-sfc.cjs.js:23469:14)
    at innerResolveTypeReference (C:\gwinnem\keystone-dashboard-layout\node_modules\.pnpm\@vue+compiler-sfc@3.5.41\node_modules\@vue\compiler-sfc\dist\compiler-sfc.cjs.js:23492:14)
    at resolveTypeReference (C:\gwinnem\keystone-dashboard-layout\node_modules\.pnpm\@vue+compiler-sfc@3.5.41\node_modules\@vue\compiler-sfc\dist\compiler-sfc.cjs.js:23457:20)
    at resolveUnionType (C:\gwinnem\keystone-dashboard-layout\node_modules\.pnpm\@vue+compiler-sfc@3.5.41\node_modules\@vue\compiler-sfc\dist\compiler-sfc.cjs.js:24571:22)
    at extractEventNames (C:\gwinnem\keystone-dashboard-layout\node_modules\.pnpm\@vue+compiler-sfc@3.5.41\node_modules\@vue\compiler-sfc\dist\compiler-sfc.cjs.js:25242:19)
    at extractRuntimeEmits (C:\gwinnem\keystone-dashboard-layout\node_modules\.pnpm\@vue+compiler-sfc@3.5.41\node_modules\@vue\compiler-sfc\dist\compiler-sfc.cjs.js:25235:7)
    at genRuntimeEmits (C:\gwinnem\keystone-dashboard-layout\node_modules\.pnpm\@vue+compiler-sfc@3.5.41\node_modules\@vue\compiler-sfc\dist\compiler-sfc.cjs.js:25203:31)
    at ChildProcess.<anonymous> (file:///C:/gwinnem/keystone-dashboard-layout/node_modules/.pnpm/@stryker-mutator+core@9.6.1_911149adbd3acc9b701e5200d679170d/node_modules/@stryker-mutator/core/dist/src/child-proxy/child-process-proxy.js:123:33)
    at ChildProcess.emit (node:events:509:28)
    at emit (node:internal/child_process:989:14)
    at process.processTicksAndRejections (node:internal/process/task_queues:91:21)
16:40:54 (52444) DEBUG Stryker Not removing the temp dir because an error occurred
16:40:54 (52444) ERROR Stryker Unexpected error occurred while running Stryker Error: Something went wrong in the initial test run
    at DryRunExecutor.validateResultCompleted (file:///C:/gwinnem/keystone-dashboard-layout/node_modules/.pnpm/@stryker-mutator+core@9.6.1_911149adbd3acc9b701e5200d679170d/node_modules/@stryker-mutator/core/dist/src/process/3-dry-run-executor.js:76:15)
    at DryRunExecutor.executeDryRun (file:///C:/gwinnem/keystone-dashboard-layout/node_modules/.pnpm/@stryker-mutator+core@9.6.1_911149adbd3acc9b701e5200d679170d/node_modules/@stryker-mutator/core/dist/src/process/3-dry-run-executor.js:100:14)
    at process.processTicksAndRejections (node:internal/process/task_queues:104:5)
    at async WorkItem.execute (file:///C:/gwinnem/keystone-dashboard-layout/node_modules/.pnpm/@stryker-mutator+core@9.6.1_911149adbd3acc9b701e5200d679170d/node_modules/@stryker-mutator/core/dist/src/concurrent/pool.js:32:28)
    at async file:///C:/gwinnem/keystone-dashboard-layout/node_modules/.pnpm/@stryker-mutator+core@9.6.1_911149adbd3acc9b701e5200d679170d/node_modules/@stryker-mutator/core/dist/src/concurrent/pool.js:69:13
16:40:54 (52444) INFO Stryker This might be a known problem with a solution documented in our troubleshooting guide.
16:40:54 (52444) INFO Stryker You can find it at https://stryker-mutator.io/docs/stryker-js/troubleshooting/
16:40:54 (52444) DEBUG ChildProcessProxy Disposing of worker process 48600
16:40:54 (52444) DEBUG ChildProcessProxy Disposing of worker process 37696
16:40:54 (52444) DEBUG ChildProcessProxy Disposing of worker process 54420
16:40:54 (52444) DEBUG ChildProcessProxy Kill 48600
16:40:54 (52444) DEBUG ChildProcessProxy Kill 37696
16:40:54 (52444) DEBUG ChildProcessProxy Kill 54420
16:40:54 (52444) DEBUG ChildProcessProxy Disposing of worker process 37032
16:40:54 (52444) DEBUG ChildProcessProxy Disposing of worker process 4084
16:40:54 (52444) DEBUG ChildProcessProxy Disposing of worker process 47684
16:40:54 (52444) DEBUG ChildProcessProxy Disposing of worker process 27328
16:40:54 (52444) DEBUG ChildProcessProxy Disposing of worker process 38708
16:40:54 (52444) DEBUG ChildProcessProxy Disposing of worker process 59532
16:40:54 (52444) DEBUG ChildProcessProxy Disposing of worker process 54432
16:40:54 (52444) DEBUG ChildProcessProxy Disposing of worker process 31536
16:40:54 (52444) DEBUG ChildProcessProxy Kill 4084
16:40:54 (52444) DEBUG ChildProcessProxy Kill 37032
16:40:54 (52444) DEBUG ChildProcessProxy Kill 47684
16:40:54 (52444) DEBUG ChildProcessProxy Kill 27328
16:40:54 (52444) DEBUG ChildProcessProxy Kill 38708
16:40:54 (52444) DEBUG ChildProcessProxy Kill 59532
16:40:54 (52444) DEBUG ChildProcessProxy Kill 54432
16:40:54 (52444) DEBUG ChildProcessProxy Kill 31536
16:40:54 (52444) DEBUG ChildProcessProxy Disposing of worker process 2344
16:40:54 (52444) TRACE ChildProcessProxy  DEPRECATED  `test.poolOptions` was removed in Vitest 4. All previous `poolOptions` are now top-level options. Please, refer to the migration guide: https://vitest.dev/guide/migration#pool-rework

16:40:54 (52444) DEBUG ChildProcessProxy Kill 2344
16:40:55 (58292) DEBUG PluginLoader Loading plugin @stryker-mutator/vitest-runner
16:40:55 (58292) DEBUG PluginLoader Loading plugin file:///C:/gwinnem/keystone-dashboard-layout/node_modules/.pnpm/@stryker-mutator+instrumenter@9.6.1_supports-color@8.1.1/node_modules/@stryker-mutator/instrumenter/dist/src/frameworks/index.js
16:40:55 (58292) DEBUG PluginLoader Loading plugin file:///C:/gwinnem/keystone-dashboard-layout/node_modules/.pnpm/@stryker-mutator+core@9.6.1_911149adbd3acc9b701e5200d679170d/node_modules/@stryker-mutator/core/dist/src/reporters/index.js
16:40:55 (58292) DEBUG ChildProcessProxyWorker Changing current working directory for this process to C:\gwinnem\keystone-dashboard-layout\packages\vue\.stryker-tmp\sandbox-pvAhkO
16:40:55 (52444) DEBUG ChildProcessProxy Disposing of worker process 58292
16:40:55 (52444) DEBUG ChildProcessProxy Kill 58292
16:40:55 (52444) TRACE ChildProcessProxy  DEPRECATED  `test.poolOptions` was removed in Vitest 4. All previous `poolOptions` are now top-level options. Please, refer to the migration guide: https://vitest.dev/guide/migration#pool-rework

16:40:56 (52444) DEBUG ChildProcessProxy Disposing of worker process 45860
16:40:56 (52444) DEBUG ChildProcessProxy Kill 45860
14:33:48 (8800) DEBUG ConfigReader Loading config from stryker.conf.json
14:33:48 (8800) DEBUG ConfigReader Loaded config: {
  "$schema": "https://raw.githubusercontent.com/stryker-mutator/stryker-js/master/packages/api/schema/stryker-schema.json",
  "_comment_plugins": "Explicit, not Stryker's own default '@stryker-mutator/*' glob — a real, confirmed bug under this monorepo's pnpm workspace structure, not a stylistic preference: that glob resolves relative to wherever @stryker-mutator/core itself is physically installed, then looks for sibling '@stryker-mutator/*' packages inside *its own* node_modules. Under pnpm's strict, non-hoisting structure, that folder only ever contains core's own direct dependencies (confirmed via a real debug trace against this exact class of failure in the Angular package's own stryker.conf.json: '@stryker-mutator/instrumenter' loaded fine this way, since it *is* one) — never a sibling devDependency of *this* package, like vitest-runner, which lives in a completely separate, isolated part of the pnpm store the glob has no way to see. Naming the plugin explicitly instead makes Stryker resolve it via normal Node module resolution (walking up from this config file's own directory), which correctly finds it.",
  "_comment_known_limitation": "PAUSED, not resolved — a real run against this config still fails with '[@vue/compiler-sfc] Failed to resolve import source \"@/core/griditem/enums/EGridItemEvents\"' (confirmed via --logLevel debug, not assumed). Root cause: this package's own '@/core' alias reaches into the sibling packages/core workspace package, but Stryker's default sandboxing only copies the current project directory (packages/vue) into its temp sandbox — it has no awareness of a path alias reaching outside that directory, so packages/core is simply absent from the sandbox, even though the import is completely valid in the real project. A `files`-style option to include the sibling directory may exist in principle, but doesn't appear to be a currently-supported option in this Stryker version (not present in v9.6.1's own full config dump); the more structurally reliable fix would be invoking Stryker from the monorepo root instead of this package's own directory, so both packages/vue and packages/core fall inside the sandboxed working tree — not attempted yet. Angular and React almost certainly hit the identical issue, since both also depend on the sibling core package. Deliberately left un-fixed for now rather than guessed at further; revisit this comment before re-attempting.",
  "packageManager": "npm",
  "plugins": [
    "@stryker-mutator/vitest-runner"
  ],
  "testRunner": "vitest",
  "reporters": [
    "clear-text",
    "progress",
    "html"
  ],
  "htmlReporter": {
    "fileName": "reports/mutation/index.html"
  },
  "coverageAnalysis": "perTest",
  "timeoutMS": 15000,
  "_comment_mutate": "'src/core/**/*.ts' removed (a real, confirmed bug, not a stylistic cleanup): this package's own src/ has no core directory at all — @keystone-dashboard-layout/core is a separate workspace package reached via the '@/core' path alias, not a local folder. The glob matched zero files (confirmed via a real stryker run: 'Glob pattern src/core/**/*.ts did not result in any files'), silently excluding those 0 files rather than erroring, which is why this went unnoticed until now.",
  "mutate": [
    "src/components/Grid/composables/*.ts",
    "src/composables/*.ts",
    "src/hooks/*.ts",
    "!src/**/*.d.ts"
  ],
  "ignorePatterns": [
    "demo",
    "sandbox",
    "vitepress-docs",
    "docs",
    "dist",
    "dist-demo"
  ],
  "fileLogLevel": "trace",
  "logLevel": "debug",
  "allowConsoleColors": true,
  "checkers": [],
  "checkerNodeArgs": [],
  "commandRunner": {
    "command": "npm test"
  },
  "clearTextReporter": {
    "allowColor": true,
    "allowEmojis": false,
    "logTests": true,
    "maxTestsToLog": 3,
    "reportTests": true,
    "reportMutants": true,
    "reportScoreTable": true,
    "skipFull": false
  },
  "dashboard": {
    "baseUrl": "https://dashboard.stryker-mutator.io/api/reports",
    "reportType": "full"
  },
  "dryRunOnly": false,
  "eventReporter": {
    "baseDir": "reports/mutation/events"
  },
  "ignoreStatic": false,
  "incremental": false,
  "incrementalFile": "reports/stryker-incremental.json",
  "force": false,
  "inPlace": false,
  "maxConcurrentTestRunners": 9007199254740991,
  "maxTestRunnerReuse": 0,
  "mutator": {
    "plugins": null,
    "excludedMutations": []
  },
  "appendPlugins": [],
  "jsonReporter": {
    "fileName": "reports/mutation/mutation.json"
  },
  "disableTypeChecks": true,
  "symlinkNodeModules": true,
  "tempDirName": ".stryker-tmp",
  "cleanTempDir": true,
  "testRunnerNodeArgs": [],
  "thresholds": {
    "high": 80,
    "low": 60,
    "break": null
  },
  "timeoutFactor": 1.5,
  "dryRunTimeoutMinutes": 5,
  "tsconfigFile": "tsconfig.json",
  "warnings": true,
  "disableBail": false,
  "allowEmpty": false,
  "ignorers": [],
  "testFiles": []
}
14:33:48 (8800) DEBUG PluginLoader Loading plugin @stryker-mutator/vitest-runner
14:33:51 (8800) DEBUG PluginLoader Loading plugin file:///C:/gwinnem/keystone-dashboard-layout/node_modules/.pnpm/@stryker-mutator+instrumenter@9.6.1_supports-color@8.1.1/node_modules/@stryker-mutator/instrumenter/dist/src/frameworks/index.js
14:33:51 (8800) DEBUG PluginLoader Loading plugin file:///C:/gwinnem/keystone-dashboard-layout/node_modules/.pnpm/@stryker-mutator+core@9.6.1_911149adbd3acc9b701e5200d679170d/node_modules/@stryker-mutator/core/dist/src/reporters/index.js
14:33:52 (8800) DEBUG MetaSchemaBuilder Contributing 1 schemas from plugins to options validation.
14:33:52 (8800) WARN OptionsValidator Unknown stryker config option "_comment_plugins".
14:33:52 (8800) WARN OptionsValidator Unknown stryker config option "_comment_known_limitation".
14:33:52 (8800) WARN OptionsValidator Unknown stryker config option "_comment_mutate".
14:33:52 (8800) WARN OptionsValidator Possible causes:
     * Is it a typo on your end?
     * Did you only write this property as a comment? If so, please postfix it with "_comment".
     * You might be missing a plugin that is supposed to use it. Stryker loaded plugins from: ["@stryker-mutator/vitest-runner"]
     * The plugin that is using it did not contribute explicit validation. 
     (disable "warnings.unknownOptions" to ignore this warning)
14:33:52 (8800) INFO ProjectReader Found 12 of 114 file(s) to be mutated.
14:33:52 (8800) DEBUG ProjectReader All input files: [
  "C:\\gwinnem\\keystone-dashboard-layout\\packages\\vue\\.releaserc.json",
  "C:\\gwinnem\\keystone-dashboard-layout\\packages\\vue\\CHANGELOG.md",
  "C:\\gwinnem\\keystone-dashboard-layout\\packages\\vue\\COMPARISON_ALTERNATIVES.md",
  "C:\\gwinnem\\keystone-dashboard-layout\\packages\\vue\\COMPARISON_COMMERCIAL.md",
  "C:\\gwinnem\\keystone-dashboard-layout\\packages\\vue\\COMPETITIVE_ROADMAP.md",
  "C:\\gwinnem\\keystone-dashboard-layout\\packages\\vue\\dev-shared\\tokens.css",
  "C:\\gwinnem\\keystone-dashboard-layout\\packages\\vue\\e2e\\advanced-features.spec.ts",
  "C:\\gwinnem\\keystone-dashboard-layout\\packages\\vue\\e2e\\basic-grid.spec.ts",
  "C:\\gwinnem\\keystone-dashboard-layout\\packages\\vue\\e2e\\drag-and-resize.spec.ts",
  "C:\\gwinnem\\keystone-dashboard-layout\\packages\\vue\\e2e\\dynamic-items.spec.ts",
  "C:\\gwinnem\\keystone-dashboard-layout\\packages\\vue\\e2e\\external-drop.spec.ts",
  "C:\\gwinnem\\keystone-dashboard-layout\\packages\\vue\\e2e\\helpers.ts",
  "C:\\gwinnem\\keystone-dashboard-layout\\packages\\vue\\e2e\\item-overrides.spec.ts",
  "C:\\gwinnem\\keystone-dashboard-layout\\packages\\vue\\e2e\\keyboard-accessibility.spec.ts",
  "C:\\gwinnem\\keystone-dashboard-layout\\packages\\vue\\e2e\\responsive.spec.ts",
  "C:\\gwinnem\\keystone-dashboard-layout\\packages\\vue\\e2e\\touch-input.spec.ts",
  "C:\\gwinnem\\keystone-dashboard-layout\\packages\\vue\\e2e\\visual-regression.spec.ts",
  "C:\\gwinnem\\keystone-dashboard-layout\\packages\\vue\\env.d.ts",
  "C:\\gwinnem\\keystone-dashboard-layout\\packages\\vue\\eslint.config.js",
  "C:\\gwinnem\\keystone-dashboard-layout\\packages\\vue\\FEATURES.md",
  "C:\\gwinnem\\keystone-dashboard-layout\\packages\\vue\\index.html",
  "C:\\gwinnem\\keystone-dashboard-layout\\packages\\vue\\INSTALL.md",
  "C:\\gwinnem\\keystone-dashboard-layout\\packages\\vue\\MANUAL_TEST_CHECKLIST.md",
  "C:\\gwinnem\\keystone-dashboard-layout\\packages\\vue\\MIGRATION.md",
  "C:\\gwinnem\\keystone-dashboard-layout\\packages\\vue\\package-lock.json.bak",
  "C:\\gwinnem\\keystone-dashboard-layout\\packages\\vue\\package.json",
  "C:\\gwinnem\\keystone-dashboard-layout\\packages\\vue\\playwright.config.ts",
  "C:\\gwinnem\\keystone-dashboard-layout\\packages\\vue\\PRODUCTION_READINESS.md",
  "C:\\gwinnem\\keystone-dashboard-layout\\packages\\vue\\README.md",
  "C:\\gwinnem\\keystone-dashboard-layout\\packages\\vue\\ROADMAP.md",
  "C:\\gwinnem\\keystone-dashboard-layout\\packages\\vue\\scripts\\check-bundle-size.js",
  "C:\\gwinnem\\keystone-dashboard-layout\\packages\\vue\\scripts\\check-package-install.js",
  "C:\\gwinnem\\keystone-dashboard-layout\\packages\\vue\\scripts\\generate-package.js",
  "C:\\gwinnem\\keystone-dashboard-layout\\packages\\vue\\src\\assets\\close.svg",
  "C:\\gwinnem\\keystone-dashboard-layout\\packages\\vue\\src\\assets\\resize.svg",
  "C:\\gwinnem\\keystone-dashboard-layout\\packages\\vue\\src\\components\\common\\CustomCloseButton.vue",
  "C:\\gwinnem\\keystone-dashboard-layout\\packages\\vue\\src\\components\\common\\CustomDragElement.vue",
  "C:\\gwinnem\\keystone-dashboard-layout\\packages\\vue\\src\\components\\Grid\\composables\\grid-item-composable-context.ts",
  "C:\\gwinnem\\keystone-dashboard-layout\\packages\\vue\\src\\components\\Grid\\composables\\useCrossGridDrag.ts",
  "C:\\gwinnem\\keystone-dashboard-layout\\packages\\vue\\src\\components\\Grid\\composables\\useGridItemDrag.ts",
  "C:\\gwinnem\\keystone-dashboard-layout\\packages\\vue\\src\\components\\Grid\\composables\\useGridItemKeyboard.ts",
  "C:\\gwinnem\\keystone-dashboard-layout\\packages\\vue\\src\\components\\Grid\\composables\\useGridItemResize.ts",
  "C:\\gwinnem\\keystone-dashboard-layout\\packages\\vue\\src\\components\\Grid\\composables\\useMultiSelect.ts",
  "C:\\gwinnem\\keystone-dashboard-layout\\packages\\vue\\src\\components\\Grid\\composables\\useOutsideDrop.ts",
  "C:\\gwinnem\\keystone-dashboard-layout\\packages\\vue\\src\\components\\Grid\\composables\\useResponsiveLayout.ts",
  "C:\\gwinnem\\keystone-dashboard-layout\\packages\\vue\\src\\components\\Grid\\composables\\useUndoRedo.ts",
  "C:\\gwinnem\\keystone-dashboard-layout\\packages\\vue\\src\\components\\Grid\\grid-item-props.interface.ts",
  "C:\\gwinnem\\keystone-dashboard-layout\\packages\\vue\\src\\components\\Grid\\grid-layout-props.interface.ts",
  "C:\\gwinnem\\keystone-dashboard-layout\\packages\\vue\\src\\components\\Grid\\GridItem.vue",
  "C:\\gwinnem\\keystone-dashboard-layout\\packages\\vue\\src\\components\\Grid\\GridLayout.vue",
  "C:\\gwinnem\\keystone-dashboard-layout\\packages\\vue\\src\\components\\index.ts",
  "C:\\gwinnem\\keystone-dashboard-layout\\packages\\vue\\src\\composables\\useLayoutPresets.ts",
  "C:\\gwinnem\\keystone-dashboard-layout\\packages\\vue\\src\\composables\\useLayoutStorage.ts",
  "C:\\gwinnem\\keystone-dashboard-layout\\packages\\vue\\src\\hooks\\useInstance.ts",
  "C:\\gwinnem\\keystone-dashboard-layout\\packages\\vue\\src\\styles\\index.scss",
  "C:\\gwinnem\\keystone-dashboard-layout\\packages\\vue\\src\\styles\\variables.scss",
  "C:\\gwinnem\\keystone-dashboard-layout\\packages\\vue\\src\\vite-env.d.ts",
  "C:\\gwinnem\\keystone-dashboard-layout\\packages\\vue\\stryker.conf.json",
  "C:\\gwinnem\\keystone-dashboard-layout\\packages\\vue\\SUPPORT.md",
  "C:\\gwinnem\\keystone-dashboard-layout\\packages\\vue\\test-results\\.last-run.json",
  "C:\\gwinnem\\keystone-dashboard-layout\\packages\\vue\\test-results\\item-overrides-Per-item-ov-2e319-ed-to-the-unbounded-default-chromium\\error-context.md",
  "C:\\gwinnem\\keystone-dashboard-layout\\packages\\vue\\test-results\\item-overrides-Per-item-ov-2e319-ed-to-the-unbounded-default-chromium\\test-failed-1.png",
  "C:\\gwinnem\\keystone-dashboard-layout\\packages\\vue\\test-results\\item-overrides-Per-item-ov-2e319-ed-to-the-unbounded-default-firefox\\error-context.md",
  "C:\\gwinnem\\keystone-dashboard-layout\\packages\\vue\\test-results\\item-overrides-Per-item-ov-2e319-ed-to-the-unbounded-default-firefox\\test-failed-1.png",
  "C:\\gwinnem\\keystone-dashboard-layout\\packages\\vue\\test-results\\item-overrides-Per-item-ov-2e319-ed-to-the-unbounded-default-webkit\\error-context.md",
  "C:\\gwinnem\\keystone-dashboard-layout\\packages\\vue\\test-results\\item-overrides-Per-item-ov-2e319-ed-to-the-unbounded-default-webkit\\test-failed-1.png",
  "C:\\gwinnem\\keystone-dashboard-layout\\packages\\vue\\tests\\coverage\\base.css",
  "C:\\gwinnem\\keystone-dashboard-layout\\packages\\vue\\tests\\coverage\\block-navigation.js",
  "C:\\gwinnem\\keystone-dashboard-layout\\packages\\vue\\tests\\coverage\\components\\common\\CustomCloseButton.vue.html",
  "C:\\gwinnem\\keystone-dashboard-layout\\packages\\vue\\tests\\coverage\\components\\common\\CustomDragElement.vue.html",
  "C:\\gwinnem\\keystone-dashboard-layout\\packages\\vue\\tests\\coverage\\components\\common\\index.html",
  "C:\\gwinnem\\keystone-dashboard-layout\\packages\\vue\\tests\\coverage\\components\\Grid\\composables\\index.html",
  "C:\\gwinnem\\keystone-dashboard-layout\\packages\\vue\\tests\\coverage\\components\\Grid\\composables\\useCrossGridDrag.ts.html",
  "C:\\gwinnem\\keystone-dashboard-layout\\packages\\vue\\tests\\coverage\\components\\Grid\\composables\\useGridItemDrag.ts.html",
  "C:\\gwinnem\\keystone-dashboard-layout\\packages\\vue\\tests\\coverage\\components\\Grid\\composables\\useGridItemKeyboard.ts.html",
  "C:\\gwinnem\\keystone-dashboard-layout\\packages\\vue\\tests\\coverage\\components\\Grid\\composables\\useGridItemResize.ts.html",
  "C:\\gwinnem\\keystone-dashboard-layout\\packages\\vue\\tests\\coverage\\components\\Grid\\composables\\useMultiSelect.ts.html",
  "C:\\gwinnem\\keystone-dashboard-layout\\packages\\vue\\tests\\coverage\\components\\Grid\\composables\\useOutsideDrop.ts.html",
  "C:\\gwinnem\\keystone-dashboard-layout\\packages\\vue\\tests\\coverage\\components\\Grid\\composables\\useResponsiveLayout.ts.html",
  "C:\\gwinnem\\keystone-dashboard-layout\\packages\\vue\\tests\\coverage\\components\\Grid\\composables\\useUndoRedo.ts.html",
  "C:\\gwinnem\\keystone-dashboard-layout\\packages\\vue\\tests\\coverage\\components\\Grid\\GridItem.vue.html",
  "C:\\gwinnem\\keystone-dashboard-layout\\packages\\vue\\tests\\coverage\\components\\Grid\\GridLayout.vue.html",
  "C:\\gwinnem\\keystone-dashboard-layout\\packages\\vue\\tests\\coverage\\components\\Grid\\index.html",
  "C:\\gwinnem\\keystone-dashboard-layout\\packages\\vue\\tests\\coverage\\composables\\index.html",
  "C:\\gwinnem\\keystone-dashboard-layout\\packages\\vue\\tests\\coverage\\composables\\useLayoutPresets.ts.html",
  "C:\\gwinnem\\keystone-dashboard-layout\\packages\\vue\\tests\\coverage\\composables\\useLayoutStorage.ts.html",
  "C:\\gwinnem\\keystone-dashboard-layout\\packages\\vue\\tests\\coverage\\coverage-final.json",
  "C:\\gwinnem\\keystone-dashboard-layout\\packages\\vue\\tests\\coverage\\favicon.png",
  "C:\\gwinnem\\keystone-dashboard-layout\\packages\\vue\\tests\\coverage\\hooks\\index.html",
  "C:\\gwinnem\\keystone-dashboard-layout\\packages\\vue\\tests\\coverage\\hooks\\useInstance.ts.html",
  "C:\\gwinnem\\keystone-dashboard-layout\\packages\\vue\\tests\\coverage\\index.html",
  "C:\\gwinnem\\keystone-dashboard-layout\\packages\\vue\\tests\\coverage\\prettify.css",
  "C:\\gwinnem\\keystone-dashboard-layout\\packages\\vue\\tests\\coverage\\prettify.js",
  "C:\\gwinnem\\keystone-dashboard-layout\\packages\\vue\\tests\\coverage\\sort-arrow-sprite.png",
  "C:\\gwinnem\\keystone-dashboard-layout\\packages\\vue\\tests\\coverage\\sorter.js",
  "C:\\gwinnem\\keystone-dashboard-layout\\packages\\vue\\tests\\CustomCloseButton.spec.ts",
  "C:\\gwinnem\\keystone-dashboard-layout\\packages\\vue\\tests\\CustomDragElement.spec.ts",
  "C:\\gwinnem\\keystone-dashboard-layout\\packages\\vue\\tests\\GridItem.autoSize.spec.ts",
  "C:\\gwinnem\\keystone-dashboard-layout\\packages\\vue\\tests\\GridItem.spec.ts",
  "C:\\gwinnem\\keystone-dashboard-layout\\packages\\vue\\tests\\GridLayout.crossGrid.spec.ts",
  "C:\\gwinnem\\keystone-dashboard-layout\\packages\\vue\\tests\\GridLayout.spec.ts",
  "C:\\gwinnem\\keystone-dashboard-layout\\packages\\vue\\tests\\helpers\\mountGrid.ts",
  "C:\\gwinnem\\keystone-dashboard-layout\\packages\\vue\\tests\\setup.ts",
  "C:\\gwinnem\\keystone-dashboard-layout\\packages\\vue\\tests\\testLayout.ts",
  "C:\\gwinnem\\keystone-dashboard-layout\\packages\\vue\\tests\\useLayoutPresets.spec.ts",
  "C:\\gwinnem\\keystone-dashboard-layout\\packages\\vue\\tests\\useLayoutStorage.spec.ts",
  "C:\\gwinnem\\keystone-dashboard-layout\\packages\\vue\\tsconfig.build-types-core.json",
  "C:\\gwinnem\\keystone-dashboard-layout\\packages\\vue\\tsconfig.build-types.json",
  "C:\\gwinnem\\keystone-dashboard-layout\\packages\\vue\\tsconfig.config.json",
  "C:\\gwinnem\\keystone-dashboard-layout\\packages\\vue\\tsconfig.json",
  "C:\\gwinnem\\keystone-dashboard-layout\\packages\\vue\\vite.analyze.config.js",
  "C:\\gwinnem\\keystone-dashboard-layout\\packages\\vue\\vite.config.js",
  "C:\\gwinnem\\keystone-dashboard-layout\\packages\\vue\\vite.core.config.js",
  "C:\\gwinnem\\keystone-dashboard-layout\\packages\\vue\\vitest.config.js"
]
14:33:52 (8800) DEBUG ProjectReader Files to mutate: [
  "C:\\gwinnem\\keystone-dashboard-layout\\packages\\vue\\src\\components\\Grid\\composables\\grid-item-composable-context.ts",
  "C:\\gwinnem\\keystone-dashboard-layout\\packages\\vue\\src\\components\\Grid\\composables\\useCrossGridDrag.ts",
  "C:\\gwinnem\\keystone-dashboard-layout\\packages\\vue\\src\\components\\Grid\\composables\\useGridItemDrag.ts",
  "C:\\gwinnem\\keystone-dashboard-layout\\packages\\vue\\src\\components\\Grid\\composables\\useGridItemKeyboard.ts",
  "C:\\gwinnem\\keystone-dashboard-layout\\packages\\vue\\src\\components\\Grid\\composables\\useGridItemResize.ts",
  "C:\\gwinnem\\keystone-dashboard-layout\\packages\\vue\\src\\components\\Grid\\composables\\useMultiSelect.ts",
  "C:\\gwinnem\\keystone-dashboard-layout\\packages\\vue\\src\\components\\Grid\\composables\\useOutsideDrop.ts",
  "C:\\gwinnem\\keystone-dashboard-layout\\packages\\vue\\src\\components\\Grid\\composables\\useResponsiveLayout.ts",
  "C:\\gwinnem\\keystone-dashboard-layout\\packages\\vue\\src\\components\\Grid\\composables\\useUndoRedo.ts",
  "C:\\gwinnem\\keystone-dashboard-layout\\packages\\vue\\src\\composables\\useLayoutPresets.ts",
  "C:\\gwinnem\\keystone-dashboard-layout\\packages\\vue\\src\\composables\\useLayoutStorage.ts",
  "C:\\gwinnem\\keystone-dashboard-layout\\packages\\vue\\src\\hooks\\useInstance.ts"
]
14:33:52 (8800) DEBUG TemporaryDirectory Using temp directory "C:\gwinnem\keystone-dashboard-layout\packages\vue\.stryker-tmp\sandbox-eV4a3S"
14:33:52 (8800) DEBUG Instrumenter Instrumenting 12 source files with mutants
14:33:52 (8800) DEBUG Instrumenter Instrumented src\components\Grid\composables\grid-item-composable-context.ts (0 mutant(s))
14:33:52 (8800) DEBUG Instrumenter Instrumented src\components\Grid\composables\useCrossGridDrag.ts (65 mutant(s))
14:33:52 (8800) DEBUG Instrumenter Instrumented src\components\Grid\composables\useGridItemDrag.ts (123 mutant(s))
14:33:52 (8800) DEBUG Instrumenter Instrumented src\components\Grid\composables\useGridItemKeyboard.ts (88 mutant(s))
14:33:52 (8800) DEBUG Instrumenter Instrumented src\components\Grid\composables\useGridItemResize.ts (389 mutant(s))
14:33:52 (8800) DEBUG Instrumenter Instrumented src\components\Grid\composables\useMultiSelect.ts (74 mutant(s))
14:33:52 (8800) DEBUG Instrumenter Instrumented src\components\Grid\composables\useOutsideDrop.ts (70 mutant(s))
14:33:52 (8800) DEBUG Instrumenter Instrumented src\components\Grid\composables\useResponsiveLayout.ts (22 mutant(s))
14:33:52 (8800) DEBUG Instrumenter Instrumented src\components\Grid\composables\useUndoRedo.ts (62 mutant(s))
14:33:52 (8800) DEBUG Instrumenter Instrumented src\composables\useLayoutPresets.ts (58 mutant(s))
14:33:52 (8800) DEBUG Instrumenter Instrumented src\composables\useLayoutStorage.ts (53 mutant(s))
14:33:52 (8800) DEBUG Instrumenter Instrumented src\hooks\useInstance.ts (2 mutant(s))
14:33:52 (8800) INFO Instrumenter Instrumented 12 source file(s) with 1006 mutant(s)
14:33:53 (8800) DEBUG TSConfigPreprocessor Rewriting file ProjectFile {
  fs: [FileSystem],
  name: 'C:\\gwinnem\\keystone-dashboard-layout\\packages\\vue\\tsconfig.json',
  mutate: false
}
14:33:53 (8800) INFO ConcurrencyTokenProvider Creating 15 test runner process(es).
14:33:53 (8800) DEBUG ChildProcessProxy Started CheckerWorker in worker process 0 with pid 20580 
14:33:53 (20580) DEBUG PluginLoader Loading plugin @stryker-mutator/vitest-runner
14:33:54 (20580) DEBUG PluginLoader Loading plugin file:///C:/gwinnem/keystone-dashboard-layout/node_modules/.pnpm/@stryker-mutator+instrumenter@9.6.1_supports-color@8.1.1/node_modules/@stryker-mutator/instrumenter/dist/src/frameworks/index.js
14:33:54 (20580) DEBUG PluginLoader Loading plugin file:///C:/gwinnem/keystone-dashboard-layout/node_modules/.pnpm/@stryker-mutator+core@9.6.1_911149adbd3acc9b701e5200d679170d/node_modules/@stryker-mutator/core/dist/src/reporters/index.js
14:33:54 (8800) DEBUG Sandbox Creating a sandbox for files in C:\gwinnem\keystone-dashboard-layout\packages\vue\.stryker-tmp\sandbox-eV4a3S
14:33:54 (8800) DEBUG Sandbox Start symlink node_modules
14:33:54 (8800) DEBUG Sandbox Create symlink from C:\gwinnem\keystone-dashboard-layout\packages\vue\node_modules to C:\gwinnem\keystone-dashboard-layout\packages\vue\.stryker-tmp\sandbox-eV4a3S\node_modules
14:33:54 (8800) DEBUG BroadcastReporter Broadcasting to reporters ["clear-text","progress","html"]
14:33:54 (8800) DEBUG ChildProcessProxy Started ChildProcessTestRunnerWorker in worker process 0 with pid 30096 
14:33:54 (8800) DEBUG ChildProcessProxy Started ChildProcessTestRunnerWorker in worker process 1 with pid 63436 
14:33:55 (63436) DEBUG PluginLoader Loading plugin @stryker-mutator/vitest-runner
14:33:55 (30096) DEBUG PluginLoader Loading plugin @stryker-mutator/vitest-runner
14:33:55 (63436) DEBUG PluginLoader Loading plugin file:///C:/gwinnem/keystone-dashboard-layout/node_modules/.pnpm/@stryker-mutator+instrumenter@9.6.1_supports-color@8.1.1/node_modules/@stryker-mutator/instrumenter/dist/src/frameworks/index.js
14:33:55 (63436) DEBUG PluginLoader Loading plugin file:///C:/gwinnem/keystone-dashboard-layout/node_modules/.pnpm/@stryker-mutator+core@9.6.1_911149adbd3acc9b701e5200d679170d/node_modules/@stryker-mutator/core/dist/src/reporters/index.js
14:33:55 (30096) DEBUG PluginLoader Loading plugin file:///C:/gwinnem/keystone-dashboard-layout/node_modules/.pnpm/@stryker-mutator+instrumenter@9.6.1_supports-color@8.1.1/node_modules/@stryker-mutator/instrumenter/dist/src/frameworks/index.js
14:33:55 (30096) DEBUG PluginLoader Loading plugin file:///C:/gwinnem/keystone-dashboard-layout/node_modules/.pnpm/@stryker-mutator+core@9.6.1_911149adbd3acc9b701e5200d679170d/node_modules/@stryker-mutator/core/dist/src/reporters/index.js
14:33:55 (63436) DEBUG ChildProcessProxyWorker Changing current working directory for this process to C:\gwinnem\keystone-dashboard-layout\packages\vue\.stryker-tmp\sandbox-eV4a3S
14:33:55 (30096) DEBUG ChildProcessProxyWorker Changing current working directory for this process to C:\gwinnem\keystone-dashboard-layout\packages\vue\.stryker-tmp\sandbox-eV4a3S
14:33:56 (8800) TRACE ChildProcessProxy  DEPRECATED  `test.poolOptions` was removed in Vitest 4. All previous `poolOptions` are now top-level options. Please, refer to the migration guide: https://vitest.dev/guide/migration#pool-rework

14:33:56 (8800) TRACE ChildProcessProxy  DEPRECATED  `test.poolOptions` was removed in Vitest 4. All previous `poolOptions` are now top-level options. Please, refer to the migration guide: https://vitest.dev/guide/migration#pool-rework

14:33:57 (30096) DEBUG VitestTestRunner vitest final config: {
  "allowOnly": true,
  "isolate": true,
  "watch": false,
  "globals": true,
  "environment": "jsdom",
  "clearMocks": false,
  "restoreMocks": false,
  "mockReset": false,
  "unstubGlobals": false,
  "unstubEnvs": false,
  "include": [
    "tests/*.spec.ts",
    "tests/unit/*.spec.ts"
  ],
  "exclude": [
    "**/node_modules/**",
    "**/.git/**"
  ],
  "teardownTimeout": 10000,
  "forceRerunTriggers": [
    "**/package.json/**",
    "**/{vitest,vite}.config.*/**",
    "C:/gwinnem/keystone-dashboard-layout/packages/vue/.stryker-tmp/sandbox-eV4a3S/tests/setup.ts"
  ],
  "update": false,
  "reporters": [
    [
      "default",
      {}
    ]
  ],
  "silent": false,
  "hideSkippedTests": false,
  "api": {
    "middlewareMode": true,
    "allowWrite": true,
    "allowExec": true,
    "token": "7933ab0e-dc36-40a5-8a5d-2e6805f02df0"
  },
  "ui": false,
  "uiBase": "/__vitest__/",
  "open": true,
  "css": {
    "include": [],
    "modules": {
      "classNameStrategy": "stable"
    }
  },
  "coverage": {
    "provider": "v8",
    "enabled": false,
    "clean": true,
    "cleanOnRerun": true,
    "reportsDirectory": "./tests/coverage",
    "exclude": [
      "src/vite-env.d.ts",
      "src/components/Grid/grid-layout-props.interface.ts",
      "src/components/Grid/grid-item-props.interface.ts",
      "src/components/Grid/composables/grid-item-composable-context.ts",
      "src/components/index.ts",
      "tests/setup.ts",
      "tests/*.spec.ts",
      "tests/unit/*.spec.ts",
      "C:/gwinnem/keystone-dashboard-layout/packages/vue/.stryker-tmp/sandbox-eV4a3S/vitest.config.js",
      "vitest.config.ts",
      "vitest.config.mts",
      "vitest.config.cts",
      "vitest.config.js",
      "vitest.config.mjs",
      "vitest.config.cjs",
      "vite.config.ts",
      "vite.config.mts",
      "vite.config.cts",
      "vite.config.js",
      "vite.config.mjs",
      "vite.config.cjs",
      "**/virtual:*",
      "**/__x00__*",
      "**/node_modules/**"
    ],
    "reportOnFailure": false,
    "reporter": [
      [
        "text",
        {}
      ],
      [
        "json",
        {}
      ],
      [
        "html",
        {}
      ]
    ],
    "allowExternal": false,
    "excludeAfterRemap": false,
    "processingConcurrency": 16,
    "ignoreClassMethods": [],
    "skipFull": false,
    "watermarks": {
      "statements": [
        50,
        80
      ],
      "functions": [
        50,
        80
      ],
      "branches": [
        50,
        80
      ],
      "lines": [
        50,
        80
      ]
    },
    "include": [
      "src/**/*.{ts,vue}"
    ],
    "thresholds": {
      "lines": 90,
      "functions": 90,
      "branches": 90,
      "statements": 90
    }
  },
  "fakeTimers": {
    "loopLimit": 10000,
    "shouldClearNativeTimers": true
  },
  "maxConcurrency": 1,
  "dangerouslyIgnoreUnhandledErrors": false,
  "typecheck": {
    "checker": "tsc",
    "include": [
      "**/*.{test,spec}-d.?(c|m)[jt]s?(x)"
    ],
    "exclude": [
      "**/node_modules/**",
      "**/.git/**"
    ],
    "enabled": false
  },
  "slowTestThreshold": 300,
  "disableConsoleIntercept": false,
  "detectAsyncLeaks": false,
  "setupFiles": [
    "C:\\gwinnem\\keystone-dashboard-layout\\packages\\vue\\.stryker-tmp\\sandbox-eV4a3S\\stryker-setup-0.js",
    "C:/gwinnem/keystone-dashboard-layout/packages/vue/.stryker-tmp/sandbox-eV4a3S/tests/setup.ts"
  ],
  "deps": {
    "moduleDirectories": [
      "/node_modules/"
    ],
    "optimizer": {
      "ssr": {
        "enabled": false
      },
      "client": {
        "enabled": false
      }
    },
    "web": {
      "transformAssets": true,
      "transformCss": true,
      "transformGlobPattern": []
    }
  },
  "server": {
    "deps": {}
  },
  "config": "C:\\gwinnem\\keystone-dashboard-layout\\packages\\vue\\.stryker-tmp\\sandbox-eV4a3S\\vitest.config.js",
  "threads": true,
  "pool": "threads",
  "poolOptions": {
    "threads": {
      "maxThreads": 1,
      "minThreads": 1
    }
  },
  "maxWorkers": 1,
  "singleThread": false,
  "bail": 1,
  "defines": {},
  "viteDefine": {},
  "root": "C:/gwinnem/keystone-dashboard-layout/packages/vue/.stryker-tmp/sandbox-eV4a3S",
  "mode": "test",
  "project": [],
  "provide": {},
  "tags": [],
  "name": "",
  "inspector": {
    "enabled": false,
    "waitForDebugger": false
  },
  "clearScreen": true,
  "browser": {
    "enabled": false,
    "headless": false,
    "isolate": true,
    "fileParallelism": true,
    "ui": true,
    "commands": {},
    "detailsPanelPosition": "right",
    "viewport": {
      "width": 414,
      "height": 896
    },
    "locators": {
      "testIdAttribute": "data-testid",
      "exact": false
    },
    "screenshotFailures": false,
    "api": {
      "port": 63315,
      "allowWrite": true,
      "allowExec": true
    },
    "trace": {
      "mode": "off"
    }
  },
  "expect": {},
  "globalSetup": [],
  "attachmentsDir": "C:/gwinnem/keystone-dashboard-layout/packages/vue/.stryker-tmp/sandbox-eV4a3S/.vitest-attachments",
  "snapshotOptions": {
    "expand": false,
    "snapshotFormat": {},
    "updateSnapshot": "new",
    "snapshotEnvironment": null
  },
  "snapshotSerializers": [],
  "execArgv": [],
  "cache": {
    "dir": "C:/gwinnem/keystone-dashboard-layout/packages/vue/.stryker-tmp/sandbox-eV4a3S/node_modules/.vite/vitest/da39a3ee5e6b4b0d3255bfef95601890afd80709"
  },
  "sequence": {
    "groupOrder": 0,
    "hooks": "stack"
  },
  "testTimeout": 5000,
  "hookTimeout": 10000,
  "experimental": {
    "importDurations": {
      "print": false,
      "failOnDanger": false,
      "limit": 0,
      "thresholds": {
        "warn": 100,
        "danger": 500
      }
    }
  }
}
14:33:57 (8800) INFO DryRunExecutor Starting initial test run (vitest test runner with "perTest" coverage analysis). This may take a while.
14:33:57 (8800) DEBUG DryRunExecutor Using timeout of 300000 ms.
14:33:57 (8800) DEBUG TimeoutDecorator Starting timeout timer (300000 ms) for a test run
14:33:57 (8800) DEBUG ChildProcessProxy Started ChildProcessTestRunnerWorker in worker process 2 with pid 64744 
14:33:57 (63436) DEBUG VitestTestRunner vitest final config: {
  "allowOnly": true,
  "isolate": true,
  "watch": false,
  "globals": true,
  "environment": "jsdom",
  "clearMocks": false,
  "restoreMocks": false,
  "mockReset": false,
  "unstubGlobals": false,
  "unstubEnvs": false,
  "include": [
    "tests/*.spec.ts",
    "tests/unit/*.spec.ts"
  ],
  "exclude": [
    "**/node_modules/**",
    "**/.git/**"
  ],
  "teardownTimeout": 10000,
  "forceRerunTriggers": [
    "**/package.json/**",
    "**/{vitest,vite}.config.*/**",
    "C:/gwinnem/keystone-dashboard-layout/packages/vue/.stryker-tmp/sandbox-eV4a3S/tests/setup.ts"
  ],
  "update": false,
  "reporters": [
    [
      "default",
      {}
    ]
  ],
  "silent": false,
  "hideSkippedTests": false,
  "api": {
    "middlewareMode": true,
    "allowWrite": true,
    "allowExec": true,
    "token": "9951ea6a-25f2-46e1-8b34-7da6a1ca7116"
  },
  "ui": false,
  "uiBase": "/__vitest__/",
  "open": true,
  "css": {
    "include": [],
    "modules": {
      "classNameStrategy": "stable"
    }
  },
  "coverage": {
    "provider": "v8",
    "enabled": false,
    "clean": true,
    "cleanOnRerun": true,
    "reportsDirectory": "./tests/coverage",
    "exclude": [
      "src/vite-env.d.ts",
      "src/components/Grid/grid-layout-props.interface.ts",
      "src/components/Grid/grid-item-props.interface.ts",
      "src/components/Grid/composables/grid-item-composable-context.ts",
      "src/components/index.ts",
      "tests/setup.ts",
      "tests/*.spec.ts",
      "tests/unit/*.spec.ts",
      "C:/gwinnem/keystone-dashboard-layout/packages/vue/.stryker-tmp/sandbox-eV4a3S/vitest.config.js",
      "vitest.config.ts",
      "vitest.config.mts",
      "vitest.config.cts",
      "vitest.config.js",
      "vitest.config.mjs",
      "vitest.config.cjs",
      "vite.config.ts",
      "vite.config.mts",
      "vite.config.cts",
      "vite.config.js",
      "vite.config.mjs",
      "vite.config.cjs",
      "**/virtual:*",
      "**/__x00__*",
      "**/node_modules/**"
    ],
    "reportOnFailure": false,
    "reporter": [
      [
        "text",
        {}
      ],
      [
        "json",
        {}
      ],
      [
        "html",
        {}
      ]
    ],
    "allowExternal": false,
    "excludeAfterRemap": false,
    "processingConcurrency": 16,
    "ignoreClassMethods": [],
    "skipFull": false,
    "watermarks": {
      "statements": [
        50,
        80
      ],
      "functions": [
        50,
        80
      ],
      "branches": [
        50,
        80
      ],
      "lines": [
        50,
        80
      ]
    },
    "include": [
      "src/**/*.{ts,vue}"
    ],
    "thresholds": {
      "lines": 90,
      "functions": 90,
      "branches": 90,
      "statements": 90
    }
  },
  "fakeTimers": {
    "loopLimit": 10000,
    "shouldClearNativeTimers": true
  },
  "maxConcurrency": 1,
  "dangerouslyIgnoreUnhandledErrors": false,
  "typecheck": {
    "checker": "tsc",
    "include": [
      "**/*.{test,spec}-d.?(c|m)[jt]s?(x)"
    ],
    "exclude": [
      "**/node_modules/**",
      "**/.git/**"
    ],
    "enabled": false
  },
  "slowTestThreshold": 300,
  "disableConsoleIntercept": false,
  "detectAsyncLeaks": false,
  "setupFiles": [
    "C:\\gwinnem\\keystone-dashboard-layout\\packages\\vue\\.stryker-tmp\\sandbox-eV4a3S\\stryker-setup-1.js",
    "C:/gwinnem/keystone-dashboard-layout/packages/vue/.stryker-tmp/sandbox-eV4a3S/tests/setup.ts"
  ],
  "deps": {
    "moduleDirectories": [
      "/node_modules/"
    ],
    "optimizer": {
      "ssr": {
        "enabled": false
      },
      "client": {
        "enabled": false
      }
    },
    "web": {
      "transformAssets": true,
      "transformCss": true,
      "transformGlobPattern": []
    }
  },
  "server": {
    "deps": {}
  },
  "config": "C:\\gwinnem\\keystone-dashboard-layout\\packages\\vue\\.stryker-tmp\\sandbox-eV4a3S\\vitest.config.js",
  "threads": true,
  "pool": "threads",
  "poolOptions": {
    "threads": {
      "maxThreads": 1,
      "minThreads": 1
    }
  },
  "maxWorkers": 1,
  "singleThread": false,
  "bail": 1,
  "defines": {},
  "viteDefine": {},
  "root": "C:/gwinnem/keystone-dashboard-layout/packages/vue/.stryker-tmp/sandbox-eV4a3S",
  "mode": "test",
  "project": [],
  "provide": {},
  "tags": [],
  "name": "",
  "inspector": {
    "enabled": false,
    "waitForDebugger": false
  },
  "clearScreen": true,
  "browser": {
    "enabled": false,
    "headless": false,
    "isolate": true,
    "fileParallelism": true,
    "ui": true,
    "commands": {},
    "detailsPanelPosition": "right",
    "viewport": {
      "width": 414,
      "height": 896
    },
    "locators": {
      "testIdAttribute": "data-testid",
      "exact": false
    },
    "screenshotFailures": false,
    "api": {
      "port": 63315,
      "allowWrite": true,
      "allowExec": true
    },
    "trace": {
      "mode": "off"
    }
  },
  "expect": {},
  "globalSetup": [],
  "attachmentsDir": "C:/gwinnem/keystone-dashboard-layout/packages/vue/.stryker-tmp/sandbox-eV4a3S/.vitest-attachments",
  "snapshotOptions": {
    "expand": false,
    "snapshotFormat": {},
    "updateSnapshot": "new",
    "snapshotEnvironment": null
  },
  "snapshotSerializers": [],
  "execArgv": [],
  "cache": {
    "dir": "C:/gwinnem/keystone-dashboard-layout/packages/vue/.stryker-tmp/sandbox-eV4a3S/node_modules/.vite/vitest/da39a3ee5e6b4b0d3255bfef95601890afd80709"
  },
  "sequence": {
    "groupOrder": 0,
    "hooks": "stack"
  },
  "testTimeout": 5000,
  "hookTimeout": 10000,
  "experimental": {
    "importDurations": {
      "print": false,
      "failOnDanger": false,
      "limit": 0,
      "thresholds": {
        "warn": 100,
        "danger": 500
      }
    }
  }
}
14:33:58 (8800) DEBUG ChildProcessProxy Started ChildProcessTestRunnerWorker in worker process 3 with pid 39040 
14:33:58 (8800) TRACE ChildProcessProxy 
 RUN  v4.1.10 C:/gwinnem/keystone-dashboard-layout/packages/vue/.stryker-tmp/sandbox-eV4a3S


14:33:58 (64744) DEBUG PluginLoader Loading plugin @stryker-mutator/vitest-runner
14:33:58 (39040) DEBUG PluginLoader Loading plugin @stryker-mutator/vitest-runner
14:33:58 (64744) DEBUG PluginLoader Loading plugin file:///C:/gwinnem/keystone-dashboard-layout/node_modules/.pnpm/@stryker-mutator+instrumenter@9.6.1_supports-color@8.1.1/node_modules/@stryker-mutator/instrumenter/dist/src/frameworks/index.js
14:33:58 (39040) DEBUG PluginLoader Loading plugin file:///C:/gwinnem/keystone-dashboard-layout/node_modules/.pnpm/@stryker-mutator+instrumenter@9.6.1_supports-color@8.1.1/node_modules/@stryker-mutator/instrumenter/dist/src/frameworks/index.js
14:33:58 (39040) DEBUG PluginLoader Loading plugin file:///C:/gwinnem/keystone-dashboard-layout/node_modules/.pnpm/@stryker-mutator+core@9.6.1_911149adbd3acc9b701e5200d679170d/node_modules/@stryker-mutator/core/dist/src/reporters/index.js
14:33:58 (64744) DEBUG PluginLoader Loading plugin file:///C:/gwinnem/keystone-dashboard-layout/node_modules/.pnpm/@stryker-mutator+core@9.6.1_911149adbd3acc9b701e5200d679170d/node_modules/@stryker-mutator/core/dist/src/reporters/index.js
14:33:58 (64744) DEBUG ChildProcessProxyWorker Changing current working directory for this process to C:\gwinnem\keystone-dashboard-layout\packages\vue\.stryker-tmp\sandbox-eV4a3S
14:33:58 (39040) DEBUG ChildProcessProxyWorker Changing current working directory for this process to C:\gwinnem\keystone-dashboard-layout\packages\vue\.stryker-tmp\sandbox-eV4a3S
14:33:59 (8800) TRACE ChildProcessProxy  DEPRECATED  `test.poolOptions` was removed in Vitest 4. All previous `poolOptions` are now top-level options. Please, refer to the migration guide: https://vitest.dev/guide/migration#pool-rework

14:33:59 (8800) TRACE ChildProcessProxy  DEPRECATED  `test.poolOptions` was removed in Vitest 4. All previous `poolOptions` are now top-level options. Please, refer to the migration guide: https://vitest.dev/guide/migration#pool-rework

14:33:59 (64744) DEBUG VitestTestRunner vitest final config: {
  "allowOnly": true,
  "isolate": true,
  "watch": false,
  "globals": true,
  "environment": "jsdom",
  "clearMocks": false,
  "restoreMocks": false,
  "mockReset": false,
  "unstubGlobals": false,
  "unstubEnvs": false,
  "include": [
    "tests/*.spec.ts",
    "tests/unit/*.spec.ts"
  ],
  "exclude": [
    "**/node_modules/**",
    "**/.git/**"
  ],
  "teardownTimeout": 10000,
  "forceRerunTriggers": [
    "**/package.json/**",
    "**/{vitest,vite}.config.*/**",
    "C:/gwinnem/keystone-dashboard-layout/packages/vue/.stryker-tmp/sandbox-eV4a3S/tests/setup.ts"
  ],
  "update": false,
  "reporters": [
    [
      "default",
      {}
    ]
  ],
  "silent": false,
  "hideSkippedTests": false,
  "api": {
    "middlewareMode": true,
    "allowWrite": true,
    "allowExec": true,
    "token": "887f7aed-fc63-42df-bc0c-7e9ccc0bb423"
  },
  "ui": false,
  "uiBase": "/__vitest__/",
  "open": true,
  "css": {
    "include": [],
    "modules": {
      "classNameStrategy": "stable"
    }
  },
  "coverage": {
    "provider": "v8",
    "enabled": false,
    "clean": true,
    "cleanOnRerun": true,
    "reportsDirectory": "./tests/coverage",
    "exclude": [
      "src/vite-env.d.ts",
      "src/components/Grid/grid-layout-props.interface.ts",
      "src/components/Grid/grid-item-props.interface.ts",
      "src/components/Grid/composables/grid-item-composable-context.ts",
      "src/components/index.ts",
      "tests/setup.ts",
      "tests/*.spec.ts",
      "tests/unit/*.spec.ts",
      "C:/gwinnem/keystone-dashboard-layout/packages/vue/.stryker-tmp/sandbox-eV4a3S/vitest.config.js",
      "vitest.config.ts",
      "vitest.config.mts",
      "vitest.config.cts",
      "vitest.config.js",
      "vitest.config.mjs",
      "vitest.config.cjs",
      "vite.config.ts",
      "vite.config.mts",
      "vite.config.cts",
      "vite.config.js",
      "vite.config.mjs",
      "vite.config.cjs",
      "**/virtual:*",
      "**/__x00__*",
      "**/node_modules/**"
    ],
    "reportOnFailure": false,
    "reporter": [
      [
        "text",
        {}
      ],
      [
        "json",
        {}
      ],
      [
        "html",
        {}
      ]
    ],
    "allowExternal": false,
    "excludeAfterRemap": false,
    "processingConcurrency": 16,
    "ignoreClassMethods": [],
    "skipFull": false,
    "watermarks": {
      "statements": [
        50,
        80
      ],
      "functions": [
        50,
        80
      ],
      "branches": [
        50,
        80
      ],
      "lines": [
        50,
        80
      ]
    },
    "include": [
      "src/**/*.{ts,vue}"
    ],
    "thresholds": {
      "lines": 90,
      "functions": 90,
      "branches": 90,
      "statements": 90
    }
  },
  "fakeTimers": {
    "loopLimit": 10000,
    "shouldClearNativeTimers": true
  },
  "maxConcurrency": 1,
  "dangerouslyIgnoreUnhandledErrors": false,
  "typecheck": {
    "checker": "tsc",
    "include": [
      "**/*.{test,spec}-d.?(c|m)[jt]s?(x)"
    ],
    "exclude": [
      "**/node_modules/**",
      "**/.git/**"
    ],
    "enabled": false
  },
  "slowTestThreshold": 300,
  "disableConsoleIntercept": false,
  "detectAsyncLeaks": false,
  "setupFiles": [
    "C:\\gwinnem\\keystone-dashboard-layout\\packages\\vue\\.stryker-tmp\\sandbox-eV4a3S\\stryker-setup-2.js",
    "C:/gwinnem/keystone-dashboard-layout/packages/vue/.stryker-tmp/sandbox-eV4a3S/tests/setup.ts"
  ],
  "deps": {
    "moduleDirectories": [
      "/node_modules/"
    ],
    "optimizer": {
      "ssr": {
        "enabled": false
      },
      "client": {
        "enabled": false
      }
    },
    "web": {
      "transformAssets": true,
      "transformCss": true,
      "transformGlobPattern": []
    }
  },
  "server": {
    "deps": {}
  },
  "config": "C:\\gwinnem\\keystone-dashboard-layout\\packages\\vue\\.stryker-tmp\\sandbox-eV4a3S\\vitest.config.js",
  "threads": true,
  "pool": "threads",
  "poolOptions": {
    "threads": {
      "maxThreads": 1,
      "minThreads": 1
    }
  },
  "maxWorkers": 1,
  "singleThread": false,
  "bail": 1,
  "defines": {},
  "viteDefine": {},
  "root": "C:/gwinnem/keystone-dashboard-layout/packages/vue/.stryker-tmp/sandbox-eV4a3S",
  "mode": "test",
  "project": [],
  "provide": {},
  "tags": [],
  "name": "",
  "inspector": {
    "enabled": false,
    "waitForDebugger": false
  },
  "clearScreen": true,
  "browser": {
    "enabled": false,
    "headless": false,
    "isolate": true,
    "fileParallelism": true,
    "ui": true,
    "commands": {},
    "detailsPanelPosition": "right",
    "viewport": {
      "width": 414,
      "height": 896
    },
    "locators": {
      "testIdAttribute": "data-testid",
      "exact": false
    },
    "screenshotFailures": false,
    "api": {
      "port": 63315,
      "allowWrite": true,
      "allowExec": true
    },
    "trace": {
      "mode": "off"
    }
  },
  "expect": {},
  "globalSetup": [],
  "attachmentsDir": "C:/gwinnem/keystone-dashboard-layout/packages/vue/.stryker-tmp/sandbox-eV4a3S/.vitest-attachments",
  "snapshotOptions": {
    "expand": false,
    "snapshotFormat": {},
    "updateSnapshot": "new",
    "snapshotEnvironment": null
  },
  "snapshotSerializers": [],
  "execArgv": [],
  "cache": {
    "dir": "C:/gwinnem/keystone-dashboard-layout/packages/vue/.stryker-tmp/sandbox-eV4a3S/node_modules/.vite/vitest/da39a3ee5e6b4b0d3255bfef95601890afd80709"
  },
  "sequence": {
    "groupOrder": 0,
    "hooks": "stack"
  },
  "testTimeout": 5000,
  "hookTimeout": 10000,
  "experimental": {
    "importDurations": {
      "print": false,
      "failOnDanger": false,
      "limit": 0,
      "thresholds": {
        "warn": 100,
        "danger": 500
      }
    }
  }
}
14:33:59 (8800) DEBUG ChildProcessProxy Started ChildProcessTestRunnerWorker in worker process 4 with pid 44064 
14:33:59 (39040) DEBUG VitestTestRunner vitest final config: {
  "allowOnly": true,
  "isolate": true,
  "watch": false,
  "globals": true,
  "environment": "jsdom",
  "clearMocks": false,
  "restoreMocks": false,
  "mockReset": false,
  "unstubGlobals": false,
  "unstubEnvs": false,
  "include": [
    "tests/*.spec.ts",
    "tests/unit/*.spec.ts"
  ],
  "exclude": [
    "**/node_modules/**",
    "**/.git/**"
  ],
  "teardownTimeout": 10000,
  "forceRerunTriggers": [
    "**/package.json/**",
    "**/{vitest,vite}.config.*/**",
    "C:/gwinnem/keystone-dashboard-layout/packages/vue/.stryker-tmp/sandbox-eV4a3S/tests/setup.ts"
  ],
  "update": false,
  "reporters": [
    [
      "default",
      {}
    ]
  ],
  "silent": false,
  "hideSkippedTests": false,
  "api": {
    "middlewareMode": true,
    "allowWrite": true,
    "allowExec": true,
    "token": "8ddb4767-4b98-4820-9a2f-223e45914daa"
  },
  "ui": false,
  "uiBase": "/__vitest__/",
  "open": true,
  "css": {
    "include": [],
    "modules": {
      "classNameStrategy": "stable"
    }
  },
  "coverage": {
    "provider": "v8",
    "enabled": false,
    "clean": true,
    "cleanOnRerun": true,
    "reportsDirectory": "./tests/coverage",
    "exclude": [
      "src/vite-env.d.ts",
      "src/components/Grid/grid-layout-props.interface.ts",
      "src/components/Grid/grid-item-props.interface.ts",
      "src/components/Grid/composables/grid-item-composable-context.ts",
      "src/components/index.ts",
      "tests/setup.ts",
      "tests/*.spec.ts",
      "tests/unit/*.spec.ts",
      "C:/gwinnem/keystone-dashboard-layout/packages/vue/.stryker-tmp/sandbox-eV4a3S/vitest.config.js",
      "vitest.config.ts",
      "vitest.config.mts",
      "vitest.config.cts",
      "vitest.config.js",
      "vitest.config.mjs",
      "vitest.config.cjs",
      "vite.config.ts",
      "vite.config.mts",
      "vite.config.cts",
      "vite.config.js",
      "vite.config.mjs",
      "vite.config.cjs",
      "**/virtual:*",
      "**/__x00__*",
      "**/node_modules/**"
    ],
    "reportOnFailure": false,
    "reporter": [
      [
        "text",
        {}
      ],
      [
        "json",
        {}
      ],
      [
        "html",
        {}
      ]
    ],
    "allowExternal": false,
    "excludeAfterRemap": false,
    "processingConcurrency": 16,
    "ignoreClassMethods": [],
    "skipFull": false,
    "watermarks": {
      "statements": [
        50,
        80
      ],
      "functions": [
        50,
        80
      ],
      "branches": [
        50,
        80
      ],
      "lines": [
        50,
        80
      ]
    },
    "include": [
      "src/**/*.{ts,vue}"
    ],
    "thresholds": {
      "lines": 90,
      "functions": 90,
      "branches": 90,
      "statements": 90
    }
  },
  "fakeTimers": {
    "loopLimit": 10000,
    "shouldClearNativeTimers": true
  },
  "maxConcurrency": 1,
  "dangerouslyIgnoreUnhandledErrors": false,
  "typecheck": {
    "checker": "tsc",
    "include": [
      "**/*.{test,spec}-d.?(c|m)[jt]s?(x)"
    ],
    "exclude": [
      "**/node_modules/**",
      "**/.git/**"
    ],
    "enabled": false
  },
  "slowTestThreshold": 300,
  "disableConsoleIntercept": false,
  "detectAsyncLeaks": false,
  "setupFiles": [
    "C:\\gwinnem\\keystone-dashboard-layout\\packages\\vue\\.stryker-tmp\\sandbox-eV4a3S\\stryker-setup-3.js",
    "C:/gwinnem/keystone-dashboard-layout/packages/vue/.stryker-tmp/sandbox-eV4a3S/tests/setup.ts"
  ],
  "deps": {
    "moduleDirectories": [
      "/node_modules/"
    ],
    "optimizer": {
      "ssr": {
        "enabled": false
      },
      "client": {
        "enabled": false
      }
    },
    "web": {
      "transformAssets": true,
      "transformCss": true,
      "transformGlobPattern": []
    }
  },
  "server": {
    "deps": {}
  },
  "config": "C:\\gwinnem\\keystone-dashboard-layout\\packages\\vue\\.stryker-tmp\\sandbox-eV4a3S\\vitest.config.js",
  "threads": true,
  "pool": "threads",
  "poolOptions": {
    "threads": {
      "maxThreads": 1,
      "minThreads": 1
    }
  },
  "maxWorkers": 1,
  "singleThread": false,
  "bail": 1,
  "defines": {},
  "viteDefine": {},
  "root": "C:/gwinnem/keystone-dashboard-layout/packages/vue/.stryker-tmp/sandbox-eV4a3S",
  "mode": "test",
  "project": [],
  "provide": {},
  "tags": [],
  "name": "",
  "inspector": {
    "enabled": false,
    "waitForDebugger": false
  },
  "clearScreen": true,
  "browser": {
    "enabled": false,
    "headless": false,
    "isolate": true,
    "fileParallelism": true,
    "ui": true,
    "commands": {},
    "detailsPanelPosition": "right",
    "viewport": {
      "width": 414,
      "height": 896
    },
    "locators": {
      "testIdAttribute": "data-testid",
      "exact": false
    },
    "screenshotFailures": false,
    "api": {
      "port": 63315,
      "allowWrite": true,
      "allowExec": true
    },
    "trace": {
      "mode": "off"
    }
  },
  "expect": {},
  "globalSetup": [],
  "attachmentsDir": "C:/gwinnem/keystone-dashboard-layout/packages/vue/.stryker-tmp/sandbox-eV4a3S/.vitest-attachments",
  "snapshotOptions": {
    "expand": false,
    "snapshotFormat": {},
    "updateSnapshot": "new",
    "snapshotEnvironment": null
  },
  "snapshotSerializers": [],
  "execArgv": [],
  "cache": {
    "dir": "C:/gwinnem/keystone-dashboard-layout/packages/vue/.stryker-tmp/sandbox-eV4a3S/node_modules/.vite/vitest/da39a3ee5e6b4b0d3255bfef95601890afd80709"
  },
  "sequence": {
    "groupOrder": 0,
    "hooks": "stack"
  },
  "testTimeout": 5000,
  "hookTimeout": 10000,
  "experimental": {
    "importDurations": {
      "print": false,
      "failOnDanger": false,
      "limit": 0,
      "thresholds": {
        "warn": 100,
        "danger": 500
      }
    }
  }
}
14:33:59 (8800) DEBUG ChildProcessProxy Started ChildProcessTestRunnerWorker in worker process 5 with pid 60088 
14:33:59 (44064) DEBUG PluginLoader Loading plugin @stryker-mutator/vitest-runner
14:33:59 (60088) DEBUG PluginLoader Loading plugin @stryker-mutator/vitest-runner
14:33:59 (8800) DEBUG ChildProcessProxy Disposing of worker process 30096
14:33:59 (8800) DEBUG ChildProcessProxy Kill 30096
14:34:00 (44064) DEBUG PluginLoader Loading plugin file:///C:/gwinnem/keystone-dashboard-layout/node_modules/.pnpm/@stryker-mutator+instrumenter@9.6.1_supports-color@8.1.1/node_modules/@stryker-mutator/instrumenter/dist/src/frameworks/index.js
14:34:00 (44064) DEBUG PluginLoader Loading plugin file:///C:/gwinnem/keystone-dashboard-layout/node_modules/.pnpm/@stryker-mutator+core@9.6.1_911149adbd3acc9b701e5200d679170d/node_modules/@stryker-mutator/core/dist/src/reporters/index.js
14:34:00 (60088) DEBUG PluginLoader Loading plugin file:///C:/gwinnem/keystone-dashboard-layout/node_modules/.pnpm/@stryker-mutator+instrumenter@9.6.1_supports-color@8.1.1/node_modules/@stryker-mutator/instrumenter/dist/src/frameworks/index.js
14:34:00 (60088) DEBUG PluginLoader Loading plugin file:///C:/gwinnem/keystone-dashboard-layout/node_modules/.pnpm/@stryker-mutator+core@9.6.1_911149adbd3acc9b701e5200d679170d/node_modules/@stryker-mutator/core/dist/src/reporters/index.js
14:34:00 (44064) DEBUG ChildProcessProxyWorker Changing current working directory for this process to C:\gwinnem\keystone-dashboard-layout\packages\vue\.stryker-tmp\sandbox-eV4a3S
14:34:00 (60088) DEBUG ChildProcessProxyWorker Changing current working directory for this process to C:\gwinnem\keystone-dashboard-layout\packages\vue\.stryker-tmp\sandbox-eV4a3S
14:34:00 (8800) TRACE ChildProcessProxy  DEPRECATED  `test.poolOptions` was removed in Vitest 4. All previous `poolOptions` are now top-level options. Please, refer to the migration guide: https://vitest.dev/guide/migration#pool-rework

14:34:00 (8800) TRACE ChildProcessProxy  DEPRECATED  `test.poolOptions` was removed in Vitest 4. All previous `poolOptions` are now top-level options. Please, refer to the migration guide: https://vitest.dev/guide/migration#pool-rework

14:34:00 (44064) DEBUG VitestTestRunner vitest final config: {
  "allowOnly": true,
  "isolate": true,
  "watch": false,
  "globals": true,
  "environment": "jsdom",
  "clearMocks": false,
  "restoreMocks": false,
  "mockReset": false,
  "unstubGlobals": false,
  "unstubEnvs": false,
  "include": [
    "tests/*.spec.ts",
    "tests/unit/*.spec.ts"
  ],
  "exclude": [
    "**/node_modules/**",
    "**/.git/**"
  ],
  "teardownTimeout": 10000,
  "forceRerunTriggers": [
    "**/package.json/**",
    "**/{vitest,vite}.config.*/**",
    "C:/gwinnem/keystone-dashboard-layout/packages/vue/.stryker-tmp/sandbox-eV4a3S/tests/setup.ts"
  ],
  "update": false,
  "reporters": [
    [
      "default",
      {}
    ]
  ],
  "silent": false,
  "hideSkippedTests": false,
  "api": {
    "middlewareMode": true,
    "allowWrite": true,
    "allowExec": true,
    "token": "1725f2a7-2bf8-47e5-8a03-3e4a6e1b7df5"
  },
  "ui": false,
  "uiBase": "/__vitest__/",
  "open": true,
  "css": {
    "include": [],
    "modules": {
      "classNameStrategy": "stable"
    }
  },
  "coverage": {
    "provider": "v8",
    "enabled": false,
    "clean": true,
    "cleanOnRerun": true,
    "reportsDirectory": "./tests/coverage",
    "exclude": [
      "src/vite-env.d.ts",
      "src/components/Grid/grid-layout-props.interface.ts",
      "src/components/Grid/grid-item-props.interface.ts",
      "src/components/Grid/composables/grid-item-composable-context.ts",
      "src/components/index.ts",
      "tests/setup.ts",
      "tests/*.spec.ts",
      "tests/unit/*.spec.ts",
      "C:/gwinnem/keystone-dashboard-layout/packages/vue/.stryker-tmp/sandbox-eV4a3S/vitest.config.js",
      "vitest.config.ts",
      "vitest.config.mts",
      "vitest.config.cts",
      "vitest.config.js",
      "vitest.config.mjs",
      "vitest.config.cjs",
      "vite.config.ts",
      "vite.config.mts",
      "vite.config.cts",
      "vite.config.js",
      "vite.config.mjs",
      "vite.config.cjs",
      "**/virtual:*",
      "**/__x00__*",
      "**/node_modules/**"
    ],
    "reportOnFailure": false,
    "reporter": [
      [
        "text",
        {}
      ],
      [
        "json",
        {}
      ],
      [
        "html",
        {}
      ]
    ],
    "allowExternal": false,
    "excludeAfterRemap": false,
    "processingConcurrency": 16,
    "ignoreClassMethods": [],
    "skipFull": false,
    "watermarks": {
      "statements": [
        50,
        80
      ],
      "functions": [
        50,
        80
      ],
      "branches": [
        50,
        80
      ],
      "lines": [
        50,
        80
      ]
    },
    "include": [
      "src/**/*.{ts,vue}"
    ],
    "thresholds": {
      "lines": 90,
      "functions": 90,
      "branches": 90,
      "statements": 90
    }
  },
  "fakeTimers": {
    "loopLimit": 10000,
    "shouldClearNativeTimers": true
  },
  "maxConcurrency": 1,
  "dangerouslyIgnoreUnhandledErrors": false,
  "typecheck": {
    "checker": "tsc",
    "include": [
      "**/*.{test,spec}-d.?(c|m)[jt]s?(x)"
    ],
    "exclude": [
      "**/node_modules/**",
      "**/.git/**"
    ],
    "enabled": false
  },
  "slowTestThreshold": 300,
  "disableConsoleIntercept": false,
  "detectAsyncLeaks": false,
  "setupFiles": [
    "C:\\gwinnem\\keystone-dashboard-layout\\packages\\vue\\.stryker-tmp\\sandbox-eV4a3S\\stryker-setup-4.js",
    "C:/gwinnem/keystone-dashboard-layout/packages/vue/.stryker-tmp/sandbox-eV4a3S/tests/setup.ts"
  ],
  "deps": {
    "moduleDirectories": [
      "/node_modules/"
    ],
    "optimizer": {
      "ssr": {
        "enabled": false
      },
      "client": {
        "enabled": false
      }
    },
    "web": {
      "transformAssets": true,
      "transformCss": true,
      "transformGlobPattern": []
    }
  },
  "server": {
    "deps": {}
  },
  "config": "C:\\gwinnem\\keystone-dashboard-layout\\packages\\vue\\.stryker-tmp\\sandbox-eV4a3S\\vitest.config.js",
  "threads": true,
  "pool": "threads",
  "poolOptions": {
    "threads": {
      "maxThreads": 1,
      "minThreads": 1
    }
  },
  "maxWorkers": 1,
  "singleThread": false,
  "bail": 1,
  "defines": {},
  "viteDefine": {},
  "root": "C:/gwinnem/keystone-dashboard-layout/packages/vue/.stryker-tmp/sandbox-eV4a3S",
  "mode": "test",
  "project": [],
  "provide": {},
  "tags": [],
  "name": "",
  "inspector": {
    "enabled": false,
    "waitForDebugger": false
  },
  "clearScreen": true,
  "browser": {
    "enabled": false,
    "headless": false,
    "isolate": true,
    "fileParallelism": true,
    "ui": true,
    "commands": {},
    "detailsPanelPosition": "right",
    "viewport": {
      "width": 414,
      "height": 896
    },
    "locators": {
      "testIdAttribute": "data-testid",
      "exact": false
    },
    "screenshotFailures": false,
    "api": {
      "port": 63315,
      "allowWrite": true,
      "allowExec": true
    },
    "trace": {
      "mode": "off"
    }
  },
  "expect": {},
  "globalSetup": [],
  "attachmentsDir": "C:/gwinnem/keystone-dashboard-layout/packages/vue/.stryker-tmp/sandbox-eV4a3S/.vitest-attachments",
  "snapshotOptions": {
    "expand": false,
    "snapshotFormat": {},
    "updateSnapshot": "new",
    "snapshotEnvironment": null
  },
  "snapshotSerializers": [],
  "execArgv": [],
  "cache": {
    "dir": "C:/gwinnem/keystone-dashboard-layout/packages/vue/.stryker-tmp/sandbox-eV4a3S/node_modules/.vite/vitest/da39a3ee5e6b4b0d3255bfef95601890afd80709"
  },
  "sequence": {
    "groupOrder": 0,
    "hooks": "stack"
  },
  "testTimeout": 5000,
  "hookTimeout": 10000,
  "experimental": {
    "importDurations": {
      "print": false,
      "failOnDanger": false,
      "limit": 0,
      "thresholds": {
        "warn": 100,
        "danger": 500
      }
    }
  }
}
14:34:00 (8800) DEBUG ChildProcessProxy Started ChildProcessTestRunnerWorker in worker process 6 with pid 52924 
14:34:00 (60088) DEBUG VitestTestRunner vitest final config: {
  "allowOnly": true,
  "isolate": true,
  "watch": false,
  "globals": true,
  "environment": "jsdom",
  "clearMocks": false,
  "restoreMocks": false,
  "mockReset": false,
  "unstubGlobals": false,
  "unstubEnvs": false,
  "include": [
    "tests/*.spec.ts",
    "tests/unit/*.spec.ts"
  ],
  "exclude": [
    "**/node_modules/**",
    "**/.git/**"
  ],
  "teardownTimeout": 10000,
  "forceRerunTriggers": [
    "**/package.json/**",
    "**/{vitest,vite}.config.*/**",
    "C:/gwinnem/keystone-dashboard-layout/packages/vue/.stryker-tmp/sandbox-eV4a3S/tests/setup.ts"
  ],
  "update": false,
  "reporters": [
    [
      "default",
      {}
    ]
  ],
  "silent": false,
  "hideSkippedTests": false,
  "api": {
    "middlewareMode": true,
    "allowWrite": true,
    "allowExec": true,
    "token": "b1344972-c483-4094-aa91-b974620dc875"
  },
  "ui": false,
  "uiBase": "/__vitest__/",
  "open": true,
  "css": {
    "include": [],
    "modules": {
      "classNameStrategy": "stable"
    }
  },
  "coverage": {
    "provider": "v8",
    "enabled": false,
    "clean": true,
    "cleanOnRerun": true,
    "reportsDirectory": "./tests/coverage",
    "exclude": [
      "src/vite-env.d.ts",
      "src/components/Grid/grid-layout-props.interface.ts",
      "src/components/Grid/grid-item-props.interface.ts",
      "src/components/Grid/composables/grid-item-composable-context.ts",
      "src/components/index.ts",
      "tests/setup.ts",
      "tests/*.spec.ts",
      "tests/unit/*.spec.ts",
      "C:/gwinnem/keystone-dashboard-layout/packages/vue/.stryker-tmp/sandbox-eV4a3S/vitest.config.js",
      "vitest.config.ts",
      "vitest.config.mts",
      "vitest.config.cts",
      "vitest.config.js",
      "vitest.config.mjs",
      "vitest.config.cjs",
      "vite.config.ts",
      "vite.config.mts",
      "vite.config.cts",
      "vite.config.js",
      "vite.config.mjs",
      "vite.config.cjs",
      "**/virtual:*",
      "**/__x00__*",
      "**/node_modules/**"
    ],
    "reportOnFailure": false,
    "reporter": [
      [
        "text",
        {}
      ],
      [
        "json",
        {}
      ],
      [
        "html",
        {}
      ]
    ],
    "allowExternal": false,
    "excludeAfterRemap": false,
    "processingConcurrency": 16,
    "ignoreClassMethods": [],
    "skipFull": false,
    "watermarks": {
      "statements": [
        50,
        80
      ],
      "functions": [
        50,
        80
      ],
      "branches": [
        50,
        80
      ],
      "lines": [
        50,
        80
      ]
    },
    "include": [
      "src/**/*.{ts,vue}"
    ],
    "thresholds": {
      "lines": 90,
      "functions": 90,
      "branches": 90,
      "statements": 90
    }
  },
  "fakeTimers": {
    "loopLimit": 10000,
    "shouldClearNativeTimers": true
  },
  "maxConcurrency": 1,
  "dangerouslyIgnoreUnhandledErrors": false,
  "typecheck": {
    "checker": "tsc",
    "include": [
      "**/*.{test,spec}-d.?(c|m)[jt]s?(x)"
    ],
    "exclude": [
      "**/node_modules/**",
      "**/.git/**"
    ],
    "enabled": false
  },
  "slowTestThreshold": 300,
  "disableConsoleIntercept": false,
  "detectAsyncLeaks": false,
  "setupFiles": [
    "C:\\gwinnem\\keystone-dashboard-layout\\packages\\vue\\.stryker-tmp\\sandbox-eV4a3S\\stryker-setup-5.js",
    "C:/gwinnem/keystone-dashboard-layout/packages/vue/.stryker-tmp/sandbox-eV4a3S/tests/setup.ts"
  ],
  "deps": {
    "moduleDirectories": [
      "/node_modules/"
    ],
    "optimizer": {
      "ssr": {
        "enabled": false
      },
      "client": {
        "enabled": false
      }
    },
    "web": {
      "transformAssets": true,
      "transformCss": true,
      "transformGlobPattern": []
    }
  },
  "server": {
    "deps": {}
  },
  "config": "C:\\gwinnem\\keystone-dashboard-layout\\packages\\vue\\.stryker-tmp\\sandbox-eV4a3S\\vitest.config.js",
  "threads": true,
  "pool": "threads",
  "poolOptions": {
    "threads": {
      "maxThreads": 1,
      "minThreads": 1
    }
  },
  "maxWorkers": 1,
  "singleThread": false,
  "bail": 1,
  "defines": {},
  "viteDefine": {},
  "root": "C:/gwinnem/keystone-dashboard-layout/packages/vue/.stryker-tmp/sandbox-eV4a3S",
  "mode": "test",
  "project": [],
  "provide": {},
  "tags": [],
  "name": "",
  "inspector": {
    "enabled": false,
    "waitForDebugger": false
  },
  "clearScreen": true,
  "browser": {
    "enabled": false,
    "headless": false,
    "isolate": true,
    "fileParallelism": true,
    "ui": true,
    "commands": {},
    "detailsPanelPosition": "right",
    "viewport": {
      "width": 414,
      "height": 896
    },
    "locators": {
      "testIdAttribute": "data-testid",
      "exact": false
    },
    "screenshotFailures": false,
    "api": {
      "port": 63315,
      "allowWrite": true,
      "allowExec": true
    },
    "trace": {
      "mode": "off"
    }
  },
  "expect": {},
  "globalSetup": [],
  "attachmentsDir": "C:/gwinnem/keystone-dashboard-layout/packages/vue/.stryker-tmp/sandbox-eV4a3S/.vitest-attachments",
  "snapshotOptions": {
    "expand": false,
    "snapshotFormat": {},
    "updateSnapshot": "new",
    "snapshotEnvironment": null
  },
  "snapshotSerializers": [],
  "execArgv": [],
  "cache": {
    "dir": "C:/gwinnem/keystone-dashboard-layout/packages/vue/.stryker-tmp/sandbox-eV4a3S/node_modules/.vite/vitest/da39a3ee5e6b4b0d3255bfef95601890afd80709"
  },
  "sequence": {
    "groupOrder": 0,
    "hooks": "stack"
  },
  "testTimeout": 5000,
  "hookTimeout": 10000,
  "experimental": {
    "importDurations": {
      "print": false,
      "failOnDanger": false,
      "limit": 0,
      "thresholds": {
        "warn": 100,
        "danger": 500
      }
    }
  }
}
14:34:00 (8800) DEBUG ChildProcessProxy Started ChildProcessTestRunnerWorker in worker process 7 with pid 39036 
14:34:00 (8800) DEBUG ChildProcessProxy Started ChildProcessTestRunnerWorker in worker process 8 with pid 25272 
14:34:01 (52924) DEBUG PluginLoader Loading plugin @stryker-mutator/vitest-runner
14:34:01 (39036) DEBUG PluginLoader Loading plugin @stryker-mutator/vitest-runner
14:34:01 (25272) DEBUG PluginLoader Loading plugin @stryker-mutator/vitest-runner
14:34:01 (52924) DEBUG PluginLoader Loading plugin file:///C:/gwinnem/keystone-dashboard-layout/node_modules/.pnpm/@stryker-mutator+instrumenter@9.6.1_supports-color@8.1.1/node_modules/@stryker-mutator/instrumenter/dist/src/frameworks/index.js
14:34:01 (52924) DEBUG PluginLoader Loading plugin file:///C:/gwinnem/keystone-dashboard-layout/node_modules/.pnpm/@stryker-mutator+core@9.6.1_911149adbd3acc9b701e5200d679170d/node_modules/@stryker-mutator/core/dist/src/reporters/index.js
14:34:01 (39036) DEBUG PluginLoader Loading plugin file:///C:/gwinnem/keystone-dashboard-layout/node_modules/.pnpm/@stryker-mutator+instrumenter@9.6.1_supports-color@8.1.1/node_modules/@stryker-mutator/instrumenter/dist/src/frameworks/index.js
14:34:01 (39036) DEBUG PluginLoader Loading plugin file:///C:/gwinnem/keystone-dashboard-layout/node_modules/.pnpm/@stryker-mutator+core@9.6.1_911149adbd3acc9b701e5200d679170d/node_modules/@stryker-mutator/core/dist/src/reporters/index.js
14:34:01 (25272) DEBUG PluginLoader Loading plugin file:///C:/gwinnem/keystone-dashboard-layout/node_modules/.pnpm/@stryker-mutator+instrumenter@9.6.1_supports-color@8.1.1/node_modules/@stryker-mutator/instrumenter/dist/src/frameworks/index.js
14:34:01 (25272) DEBUG PluginLoader Loading plugin file:///C:/gwinnem/keystone-dashboard-layout/node_modules/.pnpm/@stryker-mutator+core@9.6.1_911149adbd3acc9b701e5200d679170d/node_modules/@stryker-mutator/core/dist/src/reporters/index.js
14:34:01 (25272) DEBUG ChildProcessProxyWorker Changing current working directory for this process to C:\gwinnem\keystone-dashboard-layout\packages\vue\.stryker-tmp\sandbox-eV4a3S
14:34:01 (52924) DEBUG ChildProcessProxyWorker Changing current working directory for this process to C:\gwinnem\keystone-dashboard-layout\packages\vue\.stryker-tmp\sandbox-eV4a3S
14:34:01 (39036) DEBUG ChildProcessProxyWorker Changing current working directory for this process to C:\gwinnem\keystone-dashboard-layout\packages\vue\.stryker-tmp\sandbox-eV4a3S
14:34:02 (8800) TRACE ChildProcessProxy  DEPRECATED  `test.poolOptions` was removed in Vitest 4. All previous `poolOptions` are now top-level options. Please, refer to the migration guide: https://vitest.dev/guide/migration#pool-rework

14:34:02 (8800) TRACE ChildProcessProxy  DEPRECATED  `test.poolOptions` was removed in Vitest 4. All previous `poolOptions` are now top-level options. Please, refer to the migration guide: https://vitest.dev/guide/migration#pool-rework

14:34:02 (8800) TRACE ChildProcessProxy  DEPRECATED  `test.poolOptions` was removed in Vitest 4. All previous `poolOptions` are now top-level options. Please, refer to the migration guide: https://vitest.dev/guide/migration#pool-rework

14:34:02 (52924) DEBUG VitestTestRunner vitest final config: {
  "allowOnly": true,
  "isolate": true,
  "watch": false,
  "globals": true,
  "environment": "jsdom",
  "clearMocks": false,
  "restoreMocks": false,
  "mockReset": false,
  "unstubGlobals": false,
  "unstubEnvs": false,
  "include": [
    "tests/*.spec.ts",
    "tests/unit/*.spec.ts"
  ],
  "exclude": [
    "**/node_modules/**",
    "**/.git/**"
  ],
  "teardownTimeout": 10000,
  "forceRerunTriggers": [
    "**/package.json/**",
    "**/{vitest,vite}.config.*/**",
    "C:/gwinnem/keystone-dashboard-layout/packages/vue/.stryker-tmp/sandbox-eV4a3S/tests/setup.ts"
  ],
  "update": false,
  "reporters": [
    [
      "default",
      {}
    ]
  ],
  "silent": false,
  "hideSkippedTests": false,
  "api": {
    "middlewareMode": true,
    "allowWrite": true,
    "allowExec": true,
    "token": "e176edb0-70c1-4f09-b184-1f3140b6afd8"
  },
  "ui": false,
  "uiBase": "/__vitest__/",
  "open": true,
  "css": {
    "include": [],
    "modules": {
      "classNameStrategy": "stable"
    }
  },
  "coverage": {
    "provider": "v8",
    "enabled": false,
    "clean": true,
    "cleanOnRerun": true,
    "reportsDirectory": "./tests/coverage",
    "exclude": [
      "src/vite-env.d.ts",
      "src/components/Grid/grid-layout-props.interface.ts",
      "src/components/Grid/grid-item-props.interface.ts",
      "src/components/Grid/composables/grid-item-composable-context.ts",
      "src/components/index.ts",
      "tests/setup.ts",
      "tests/*.spec.ts",
      "tests/unit/*.spec.ts",
      "C:/gwinnem/keystone-dashboard-layout/packages/vue/.stryker-tmp/sandbox-eV4a3S/vitest.config.js",
      "vitest.config.ts",
      "vitest.config.mts",
      "vitest.config.cts",
      "vitest.config.js",
      "vitest.config.mjs",
      "vitest.config.cjs",
      "vite.config.ts",
      "vite.config.mts",
      "vite.config.cts",
      "vite.config.js",
      "vite.config.mjs",
      "vite.config.cjs",
      "**/virtual:*",
      "**/__x00__*",
      "**/node_modules/**"
    ],
    "reportOnFailure": false,
    "reporter": [
      [
        "text",
        {}
      ],
      [
        "json",
        {}
      ],
      [
        "html",
        {}
      ]
    ],
    "allowExternal": false,
    "excludeAfterRemap": false,
    "processingConcurrency": 16,
    "ignoreClassMethods": [],
    "skipFull": false,
    "watermarks": {
      "statements": [
        50,
        80
      ],
      "functions": [
        50,
        80
      ],
      "branches": [
        50,
        80
      ],
      "lines": [
        50,
        80
      ]
    },
    "include": [
      "src/**/*.{ts,vue}"
    ],
    "thresholds": {
      "lines": 90,
      "functions": 90,
      "branches": 90,
      "statements": 90
    }
  },
  "fakeTimers": {
    "loopLimit": 10000,
    "shouldClearNativeTimers": true
  },
  "maxConcurrency": 1,
  "dangerouslyIgnoreUnhandledErrors": false,
  "typecheck": {
    "checker": "tsc",
    "include": [
      "**/*.{test,spec}-d.?(c|m)[jt]s?(x)"
    ],
    "exclude": [
      "**/node_modules/**",
      "**/.git/**"
    ],
    "enabled": false
  },
  "slowTestThreshold": 300,
  "disableConsoleIntercept": false,
  "detectAsyncLeaks": false,
  "setupFiles": [
    "C:\\gwinnem\\keystone-dashboard-layout\\packages\\vue\\.stryker-tmp\\sandbox-eV4a3S\\stryker-setup-6.js",
    "C:/gwinnem/keystone-dashboard-layout/packages/vue/.stryker-tmp/sandbox-eV4a3S/tests/setup.ts"
  ],
  "deps": {
    "moduleDirectories": [
      "/node_modules/"
    ],
    "optimizer": {
      "ssr": {
        "enabled": false
      },
      "client": {
        "enabled": false
      }
    },
    "web": {
      "transformAssets": true,
      "transformCss": true,
      "transformGlobPattern": []
    }
  },
  "server": {
    "deps": {}
  },
  "config": "C:\\gwinnem\\keystone-dashboard-layout\\packages\\vue\\.stryker-tmp\\sandbox-eV4a3S\\vitest.config.js",
  "threads": true,
  "pool": "threads",
  "poolOptions": {
    "threads": {
      "maxThreads": 1,
      "minThreads": 1
    }
  },
  "maxWorkers": 1,
  "singleThread": false,
  "bail": 1,
  "defines": {},
  "viteDefine": {},
  "root": "C:/gwinnem/keystone-dashboard-layout/packages/vue/.stryker-tmp/sandbox-eV4a3S",
  "mode": "test",
  "project": [],
  "provide": {},
  "tags": [],
  "name": "",
  "inspector": {
    "enabled": false,
    "waitForDebugger": false
  },
  "clearScreen": true,
  "browser": {
    "enabled": false,
    "headless": false,
    "isolate": true,
    "fileParallelism": true,
    "ui": true,
    "commands": {},
    "detailsPanelPosition": "right",
    "viewport": {
      "width": 414,
      "height": 896
    },
    "locators": {
      "testIdAttribute": "data-testid",
      "exact": false
    },
    "screenshotFailures": false,
    "api": {
      "port": 63315,
      "allowWrite": true,
      "allowExec": true
    },
    "trace": {
      "mode": "off"
    }
  },
  "expect": {},
  "globalSetup": [],
  "attachmentsDir": "C:/gwinnem/keystone-dashboard-layout/packages/vue/.stryker-tmp/sandbox-eV4a3S/.vitest-attachments",
  "snapshotOptions": {
    "expand": false,
    "snapshotFormat": {},
    "updateSnapshot": "new",
    "snapshotEnvironment": null
  },
  "snapshotSerializers": [],
  "execArgv": [],
  "cache": {
    "dir": "C:/gwinnem/keystone-dashboard-layout/packages/vue/.stryker-tmp/sandbox-eV4a3S/node_modules/.vite/vitest/da39a3ee5e6b4b0d3255bfef95601890afd80709"
  },
  "sequence": {
    "groupOrder": 0,
    "hooks": "stack"
  },
  "testTimeout": 5000,
  "hookTimeout": 10000,
  "experimental": {
    "importDurations": {
      "print": false,
      "failOnDanger": false,
      "limit": 0,
      "thresholds": {
        "warn": 100,
        "danger": 500
      }
    }
  }
}
14:34:02 (25272) DEBUG VitestTestRunner vitest final config: {
  "allowOnly": true,
  "isolate": true,
  "watch": false,
  "globals": true,
  "environment": "jsdom",
  "clearMocks": false,
  "restoreMocks": false,
  "mockReset": false,
  "unstubGlobals": false,
  "unstubEnvs": false,
  "include": [
    "tests/*.spec.ts",
    "tests/unit/*.spec.ts"
  ],
  "exclude": [
    "**/node_modules/**",
    "**/.git/**"
  ],
  "teardownTimeout": 10000,
  "forceRerunTriggers": [
    "**/package.json/**",
    "**/{vitest,vite}.config.*/**",
    "C:/gwinnem/keystone-dashboard-layout/packages/vue/.stryker-tmp/sandbox-eV4a3S/tests/setup.ts"
  ],
  "update": false,
  "reporters": [
    [
      "default",
      {}
    ]
  ],
  "silent": false,
  "hideSkippedTests": false,
  "api": {
    "middlewareMode": true,
    "allowWrite": true,
    "allowExec": true,
    "token": "5eb2b2bb-f6f8-4888-8336-4965cb7c9cce"
  },
  "ui": false,
  "uiBase": "/__vitest__/",
  "open": true,
  "css": {
    "include": [],
    "modules": {
      "classNameStrategy": "stable"
    }
  },
  "coverage": {
    "provider": "v8",
    "enabled": false,
    "clean": true,
    "cleanOnRerun": true,
    "reportsDirectory": "./tests/coverage",
    "exclude": [
      "src/vite-env.d.ts",
      "src/components/Grid/grid-layout-props.interface.ts",
      "src/components/Grid/grid-item-props.interface.ts",
      "src/components/Grid/composables/grid-item-composable-context.ts",
      "src/components/index.ts",
      "tests/setup.ts",
      "tests/*.spec.ts",
      "tests/unit/*.spec.ts",
      "C:/gwinnem/keystone-dashboard-layout/packages/vue/.stryker-tmp/sandbox-eV4a3S/vitest.config.js",
      "vitest.config.ts",
      "vitest.config.mts",
      "vitest.config.cts",
      "vitest.config.js",
      "vitest.config.mjs",
      "vitest.config.cjs",
      "vite.config.ts",
      "vite.config.mts",
      "vite.config.cts",
      "vite.config.js",
      "vite.config.mjs",
      "vite.config.cjs",
      "**/virtual:*",
      "**/__x00__*",
      "**/node_modules/**"
    ],
    "reportOnFailure": false,
    "reporter": [
      [
        "text",
        {}
      ],
      [
        "json",
        {}
      ],
      [
        "html",
        {}
      ]
    ],
    "allowExternal": false,
    "excludeAfterRemap": false,
    "processingConcurrency": 16,
    "ignoreClassMethods": [],
    "skipFull": false,
    "watermarks": {
      "statements": [
        50,
        80
      ],
      "functions": [
        50,
        80
      ],
      "branches": [
        50,
        80
      ],
      "lines": [
        50,
        80
      ]
    },
    "include": [
      "src/**/*.{ts,vue}"
    ],
    "thresholds": {
      "lines": 90,
      "functions": 90,
      "branches": 90,
      "statements": 90
    }
  },
  "fakeTimers": {
    "loopLimit": 10000,
    "shouldClearNativeTimers": true
  },
  "maxConcurrency": 1,
  "dangerouslyIgnoreUnhandledErrors": false,
  "typecheck": {
    "checker": "tsc",
    "include": [
      "**/*.{test,spec}-d.?(c|m)[jt]s?(x)"
    ],
    "exclude": [
      "**/node_modules/**",
      "**/.git/**"
    ],
    "enabled": false
  },
  "slowTestThreshold": 300,
  "disableConsoleIntercept": false,
  "detectAsyncLeaks": false,
  "setupFiles": [
    "C:\\gwinnem\\keystone-dashboard-layout\\packages\\vue\\.stryker-tmp\\sandbox-eV4a3S\\stryker-setup-8.js",
    "C:/gwinnem/keystone-dashboard-layout/packages/vue/.stryker-tmp/sandbox-eV4a3S/tests/setup.ts"
  ],
  "deps": {
    "moduleDirectories": [
      "/node_modules/"
    ],
    "optimizer": {
      "ssr": {
        "enabled": false
      },
      "client": {
        "enabled": false
      }
    },
    "web": {
      "transformAssets": true,
      "transformCss": true,
      "transformGlobPattern": []
    }
  },
  "server": {
    "deps": {}
  },
  "config": "C:\\gwinnem\\keystone-dashboard-layout\\packages\\vue\\.stryker-tmp\\sandbox-eV4a3S\\vitest.config.js",
  "threads": true,
  "pool": "threads",
  "poolOptions": {
    "threads": {
      "maxThreads": 1,
      "minThreads": 1
    }
  },
  "maxWorkers": 1,
  "singleThread": false,
  "bail": 1,
  "defines": {},
  "viteDefine": {},
  "root": "C:/gwinnem/keystone-dashboard-layout/packages/vue/.stryker-tmp/sandbox-eV4a3S",
  "mode": "test",
  "project": [],
  "provide": {},
  "tags": [],
  "name": "",
  "inspector": {
    "enabled": false,
    "waitForDebugger": false
  },
  "clearScreen": true,
  "browser": {
    "enabled": false,
    "headless": false,
    "isolate": true,
    "fileParallelism": true,
    "ui": true,
    "commands": {},
    "detailsPanelPosition": "right",
    "viewport": {
      "width": 414,
      "height": 896
    },
    "locators": {
      "testIdAttribute": "data-testid",
      "exact": false
    },
    "screenshotFailures": false,
    "api": {
      "port": 63315,
      "allowWrite": true,
      "allowExec": true
    },
    "trace": {
      "mode": "off"
    }
  },
  "expect": {},
  "globalSetup": [],
  "attachmentsDir": "C:/gwinnem/keystone-dashboard-layout/packages/vue/.stryker-tmp/sandbox-eV4a3S/.vitest-attachments",
  "snapshotOptions": {
    "expand": false,
    "snapshotFormat": {},
    "updateSnapshot": "new",
    "snapshotEnvironment": null
  },
  "snapshotSerializers": [],
  "execArgv": [],
  "cache": {
    "dir": "C:/gwinnem/keystone-dashboard-layout/packages/vue/.stryker-tmp/sandbox-eV4a3S/node_modules/.vite/vitest/da39a3ee5e6b4b0d3255bfef95601890afd80709"
  },
  "sequence": {
    "groupOrder": 0,
    "hooks": "stack"
  },
  "testTimeout": 5000,
  "hookTimeout": 10000,
  "experimental": {
    "importDurations": {
      "print": false,
      "failOnDanger": false,
      "limit": 0,
      "thresholds": {
        "warn": 100,
        "danger": 500
      }
    }
  }
}
14:34:02 (8800) DEBUG ChildProcessProxy Started ChildProcessTestRunnerWorker in worker process 9 with pid 50128 
14:34:02 (8800) DEBUG TimeoutDecorator Starting timeout timer (300000 ms) for a test run
14:34:02 (8800) TRACE ChildProcessProxy 

14:34:02 (8800) TRACE ChildProcessProxy  RUN  v4.1.10 C:/gwinnem/keystone-dashboard-layout/packages/vue/.stryker-tmp/sandbox-eV4a3S


14:34:02 (39036) DEBUG VitestTestRunner vitest final config: {
  "allowOnly": true,
  "isolate": true,
  "watch": false,
  "globals": true,
  "environment": "jsdom",
  "clearMocks": false,
  "restoreMocks": false,
  "mockReset": false,
  "unstubGlobals": false,
  "unstubEnvs": false,
  "include": [
    "tests/*.spec.ts",
    "tests/unit/*.spec.ts"
  ],
  "exclude": [
    "**/node_modules/**",
    "**/.git/**"
  ],
  "teardownTimeout": 10000,
  "forceRerunTriggers": [
    "**/package.json/**",
    "**/{vitest,vite}.config.*/**",
    "C:/gwinnem/keystone-dashboard-layout/packages/vue/.stryker-tmp/sandbox-eV4a3S/tests/setup.ts"
  ],
  "update": false,
  "reporters": [
    [
      "default",
      {}
    ]
  ],
  "silent": false,
  "hideSkippedTests": false,
  "api": {
    "middlewareMode": true,
    "allowWrite": true,
    "allowExec": true,
    "token": "2ab1de6e-8df5-4175-900f-8e2b8c687d4b"
  },
  "ui": false,
  "uiBase": "/__vitest__/",
  "open": true,
  "css": {
    "include": [],
    "modules": {
      "classNameStrategy": "stable"
    }
  },
  "coverage": {
    "provider": "v8",
    "enabled": false,
    "clean": true,
    "cleanOnRerun": true,
    "reportsDirectory": "./tests/coverage",
    "exclude": [
      "src/vite-env.d.ts",
      "src/components/Grid/grid-layout-props.interface.ts",
      "src/components/Grid/grid-item-props.interface.ts",
      "src/components/Grid/composables/grid-item-composable-context.ts",
      "src/components/index.ts",
      "tests/setup.ts",
      "tests/*.spec.ts",
      "tests/unit/*.spec.ts",
      "C:/gwinnem/keystone-dashboard-layout/packages/vue/.stryker-tmp/sandbox-eV4a3S/vitest.config.js",
      "vitest.config.ts",
      "vitest.config.mts",
      "vitest.config.cts",
      "vitest.config.js",
      "vitest.config.mjs",
      "vitest.config.cjs",
      "vite.config.ts",
      "vite.config.mts",
      "vite.config.cts",
      "vite.config.js",
      "vite.config.mjs",
      "vite.config.cjs",
      "**/virtual:*",
      "**/__x00__*",
      "**/node_modules/**"
    ],
    "reportOnFailure": false,
    "reporter": [
      [
        "text",
        {}
      ],
      [
        "json",
        {}
      ],
      [
        "html",
        {}
      ]
    ],
    "allowExternal": false,
    "excludeAfterRemap": false,
    "processingConcurrency": 16,
    "ignoreClassMethods": [],
    "skipFull": false,
    "watermarks": {
      "statements": [
        50,
        80
      ],
      "functions": [
        50,
        80
      ],
      "branches": [
        50,
        80
      ],
      "lines": [
        50,
        80
      ]
    },
    "include": [
      "src/**/*.{ts,vue}"
    ],
    "thresholds": {
      "lines": 90,
      "functions": 90,
      "branches": 90,
      "statements": 90
    }
  },
  "fakeTimers": {
    "loopLimit": 10000,
    "shouldClearNativeTimers": true
  },
  "maxConcurrency": 1,
  "dangerouslyIgnoreUnhandledErrors": false,
  "typecheck": {
    "checker": "tsc",
    "include": [
      "**/*.{test,spec}-d.?(c|m)[jt]s?(x)"
    ],
    "exclude": [
      "**/node_modules/**",
      "**/.git/**"
    ],
    "enabled": false
  },
  "slowTestThreshold": 300,
  "disableConsoleIntercept": false,
  "detectAsyncLeaks": false,
  "setupFiles": [
    "C:\\gwinnem\\keystone-dashboard-layout\\packages\\vue\\.stryker-tmp\\sandbox-eV4a3S\\stryker-setup-7.js",
    "C:/gwinnem/keystone-dashboard-layout/packages/vue/.stryker-tmp/sandbox-eV4a3S/tests/setup.ts"
  ],
  "deps": {
    "moduleDirectories": [
      "/node_modules/"
    ],
    "optimizer": {
      "ssr": {
        "enabled": false
      },
      "client": {
        "enabled": false
      }
    },
    "web": {
      "transformAssets": true,
      "transformCss": true,
      "transformGlobPattern": []
    }
  },
  "server": {
    "deps": {}
  },
  "config": "C:\\gwinnem\\keystone-dashboard-layout\\packages\\vue\\.stryker-tmp\\sandbox-eV4a3S\\vitest.config.js",
  "threads": true,
  "pool": "threads",
  "poolOptions": {
    "threads": {
      "maxThreads": 1,
      "minThreads": 1
    }
  },
  "maxWorkers": 1,
  "singleThread": false,
  "bail": 1,
  "defines": {},
  "viteDefine": {},
  "root": "C:/gwinnem/keystone-dashboard-layout/packages/vue/.stryker-tmp/sandbox-eV4a3S",
  "mode": "test",
  "project": [],
  "provide": {},
  "tags": [],
  "name": "",
  "inspector": {
    "enabled": false,
    "waitForDebugger": false
  },
  "clearScreen": true,
  "browser": {
    "enabled": false,
    "headless": false,
    "isolate": true,
    "fileParallelism": true,
    "ui": true,
    "commands": {},
    "detailsPanelPosition": "right",
    "viewport": {
      "width": 414,
      "height": 896
    },
    "locators": {
      "testIdAttribute": "data-testid",
      "exact": false
    },
    "screenshotFailures": false,
    "api": {
      "port": 63315,
      "allowWrite": true,
      "allowExec": true
    },
    "trace": {
      "mode": "off"
    }
  },
  "expect": {},
  "globalSetup": [],
  "attachmentsDir": "C:/gwinnem/keystone-dashboard-layout/packages/vue/.stryker-tmp/sandbox-eV4a3S/.vitest-attachments",
  "snapshotOptions": {
    "expand": false,
    "snapshotFormat": {},
    "updateSnapshot": "new",
    "snapshotEnvironment": null
  },
  "snapshotSerializers": [],
  "execArgv": [],
  "cache": {
    "dir": "C:/gwinnem/keystone-dashboard-layout/packages/vue/.stryker-tmp/sandbox-eV4a3S/node_modules/.vite/vitest/da39a3ee5e6b4b0d3255bfef95601890afd80709"
  },
  "sequence": {
    "groupOrder": 0,
    "hooks": "stack"
  },
  "testTimeout": 5000,
  "hookTimeout": 10000,
  "experimental": {
    "importDurations": {
      "print": false,
      "failOnDanger": false,
      "limit": 0,
      "thresholds": {
        "warn": 100,
        "danger": 500
      }
    }
  }
}
14:34:02 (8800) DEBUG ChildProcessProxy Started ChildProcessTestRunnerWorker in worker process 10 with pid 31288 
14:34:02 (50128) DEBUG PluginLoader Loading plugin @stryker-mutator/vitest-runner
14:34:02 (31288) DEBUG PluginLoader Loading plugin @stryker-mutator/vitest-runner
14:34:02 (8800) DEBUG ChildProcessProxy Disposing of worker process 25272
14:34:02 (8800) DEBUG ChildProcessProxy Kill 25272
14:34:03 (50128) DEBUG PluginLoader Loading plugin file:///C:/gwinnem/keystone-dashboard-layout/node_modules/.pnpm/@stryker-mutator+instrumenter@9.6.1_supports-color@8.1.1/node_modules/@stryker-mutator/instrumenter/dist/src/frameworks/index.js
14:34:03 (50128) DEBUG PluginLoader Loading plugin file:///C:/gwinnem/keystone-dashboard-layout/node_modules/.pnpm/@stryker-mutator+core@9.6.1_911149adbd3acc9b701e5200d679170d/node_modules/@stryker-mutator/core/dist/src/reporters/index.js
14:34:03 (31288) DEBUG PluginLoader Loading plugin file:///C:/gwinnem/keystone-dashboard-layout/node_modules/.pnpm/@stryker-mutator+instrumenter@9.6.1_supports-color@8.1.1/node_modules/@stryker-mutator/instrumenter/dist/src/frameworks/index.js
14:34:03 (31288) DEBUG PluginLoader Loading plugin file:///C:/gwinnem/keystone-dashboard-layout/node_modules/.pnpm/@stryker-mutator+core@9.6.1_911149adbd3acc9b701e5200d679170d/node_modules/@stryker-mutator/core/dist/src/reporters/index.js
14:34:03 (50128) DEBUG ChildProcessProxyWorker Changing current working directory for this process to C:\gwinnem\keystone-dashboard-layout\packages\vue\.stryker-tmp\sandbox-eV4a3S
14:34:03 (31288) DEBUG ChildProcessProxyWorker Changing current working directory for this process to C:\gwinnem\keystone-dashboard-layout\packages\vue\.stryker-tmp\sandbox-eV4a3S
14:34:03 (8800) DEBUG ChildProcessProxy Started ChildProcessTestRunnerWorker in worker process 11 with pid 22216 
14:34:03 (8800) TRACE ChildProcessProxy  DEPRECATED  `test.poolOptions` was removed in Vitest 4. All previous `poolOptions` are now top-level options. Please, refer to the migration guide: https://vitest.dev/guide/migration#pool-rework

14:34:03 (8800) TRACE ChildProcessProxy  DEPRECATED  `test.poolOptions` was removed in Vitest 4. All previous `poolOptions` are now top-level options. Please, refer to the migration guide: https://vitest.dev/guide/migration#pool-rework

14:34:03 (31288) DEBUG VitestTestRunner vitest final config: {
  "allowOnly": true,
  "isolate": true,
  "watch": false,
  "globals": true,
  "environment": "jsdom",
  "clearMocks": false,
  "restoreMocks": false,
  "mockReset": false,
  "unstubGlobals": false,
  "unstubEnvs": false,
  "include": [
    "tests/*.spec.ts",
    "tests/unit/*.spec.ts"
  ],
  "exclude": [
    "**/node_modules/**",
    "**/.git/**"
  ],
  "teardownTimeout": 10000,
  "forceRerunTriggers": [
    "**/package.json/**",
    "**/{vitest,vite}.config.*/**",
    "C:/gwinnem/keystone-dashboard-layout/packages/vue/.stryker-tmp/sandbox-eV4a3S/tests/setup.ts"
  ],
  "update": false,
  "reporters": [
    [
      "default",
      {}
    ]
  ],
  "silent": false,
  "hideSkippedTests": false,
  "api": {
    "middlewareMode": true,
    "allowWrite": true,
    "allowExec": true,
    "token": "05b03aad-4e2a-41d5-937b-81ea37a69f7d"
  },
  "ui": false,
  "uiBase": "/__vitest__/",
  "open": true,
  "css": {
    "include": [],
    "modules": {
      "classNameStrategy": "stable"
    }
  },
  "coverage": {
    "provider": "v8",
    "enabled": false,
    "clean": true,
    "cleanOnRerun": true,
    "reportsDirectory": "./tests/coverage",
    "exclude": [
      "src/vite-env.d.ts",
      "src/components/Grid/grid-layout-props.interface.ts",
      "src/components/Grid/grid-item-props.interface.ts",
      "src/components/Grid/composables/grid-item-composable-context.ts",
      "src/components/index.ts",
      "tests/setup.ts",
      "tests/*.spec.ts",
      "tests/unit/*.spec.ts",
      "C:/gwinnem/keystone-dashboard-layout/packages/vue/.stryker-tmp/sandbox-eV4a3S/vitest.config.js",
      "vitest.config.ts",
      "vitest.config.mts",
      "vitest.config.cts",
      "vitest.config.js",
      "vitest.config.mjs",
      "vitest.config.cjs",
      "vite.config.ts",
      "vite.config.mts",
      "vite.config.cts",
      "vite.config.js",
      "vite.config.mjs",
      "vite.config.cjs",
      "**/virtual:*",
      "**/__x00__*",
      "**/node_modules/**"
    ],
    "reportOnFailure": false,
    "reporter": [
      [
        "text",
        {}
      ],
      [
        "json",
        {}
      ],
      [
        "html",
        {}
      ]
    ],
    "allowExternal": false,
    "excludeAfterRemap": false,
    "processingConcurrency": 16,
    "ignoreClassMethods": [],
    "skipFull": false,
    "watermarks": {
      "statements": [
        50,
        80
      ],
      "functions": [
        50,
        80
      ],
      "branches": [
        50,
        80
      ],
      "lines": [
        50,
        80
      ]
    },
    "include": [
      "src/**/*.{ts,vue}"
    ],
    "thresholds": {
      "lines": 90,
      "functions": 90,
      "branches": 90,
      "statements": 90
    }
  },
  "fakeTimers": {
    "loopLimit": 10000,
    "shouldClearNativeTimers": true
  },
  "maxConcurrency": 1,
  "dangerouslyIgnoreUnhandledErrors": false,
  "typecheck": {
    "checker": "tsc",
    "include": [
      "**/*.{test,spec}-d.?(c|m)[jt]s?(x)"
    ],
    "exclude": [
      "**/node_modules/**",
      "**/.git/**"
    ],
    "enabled": false
  },
  "slowTestThreshold": 300,
  "disableConsoleIntercept": false,
  "detectAsyncLeaks": false,
  "setupFiles": [
    "C:\\gwinnem\\keystone-dashboard-layout\\packages\\vue\\.stryker-tmp\\sandbox-eV4a3S\\stryker-setup-10.js",
    "C:/gwinnem/keystone-dashboard-layout/packages/vue/.stryker-tmp/sandbox-eV4a3S/tests/setup.ts"
  ],
  "deps": {
    "moduleDirectories": [
      "/node_modules/"
    ],
    "optimizer": {
      "ssr": {
        "enabled": false
      },
      "client": {
        "enabled": false
      }
    },
    "web": {
      "transformAssets": true,
      "transformCss": true,
      "transformGlobPattern": []
    }
  },
  "server": {
    "deps": {}
  },
  "config": "C:\\gwinnem\\keystone-dashboard-layout\\packages\\vue\\.stryker-tmp\\sandbox-eV4a3S\\vitest.config.js",
  "threads": true,
  "pool": "threads",
  "poolOptions": {
    "threads": {
      "maxThreads": 1,
      "minThreads": 1
    }
  },
  "maxWorkers": 1,
  "singleThread": false,
  "bail": 1,
  "defines": {},
  "viteDefine": {},
  "root": "C:/gwinnem/keystone-dashboard-layout/packages/vue/.stryker-tmp/sandbox-eV4a3S",
  "mode": "test",
  "project": [],
  "provide": {},
  "tags": [],
  "name": "",
  "inspector": {
    "enabled": false,
    "waitForDebugger": false
  },
  "clearScreen": true,
  "browser": {
    "enabled": false,
    "headless": false,
    "isolate": true,
    "fileParallelism": true,
    "ui": true,
    "commands": {},
    "detailsPanelPosition": "right",
    "viewport": {
      "width": 414,
      "height": 896
    },
    "locators": {
      "testIdAttribute": "data-testid",
      "exact": false
    },
    "screenshotFailures": false,
    "api": {
      "port": 63315,
      "allowWrite": true,
      "allowExec": true
    },
    "trace": {
      "mode": "off"
    }
  },
  "expect": {},
  "globalSetup": [],
  "attachmentsDir": "C:/gwinnem/keystone-dashboard-layout/packages/vue/.stryker-tmp/sandbox-eV4a3S/.vitest-attachments",
  "snapshotOptions": {
    "expand": false,
    "snapshotFormat": {},
    "updateSnapshot": "new",
    "snapshotEnvironment": null
  },
  "snapshotSerializers": [],
  "execArgv": [],
  "cache": {
    "dir": "C:/gwinnem/keystone-dashboard-layout/packages/vue/.stryker-tmp/sandbox-eV4a3S/node_modules/.vite/vitest/da39a3ee5e6b4b0d3255bfef95601890afd80709"
  },
  "sequence": {
    "groupOrder": 0,
    "hooks": "stack"
  },
  "testTimeout": 5000,
  "hookTimeout": 10000,
  "experimental": {
    "importDurations": {
      "print": false,
      "failOnDanger": false,
      "limit": 0,
      "thresholds": {
        "warn": 100,
        "danger": 500
      }
    }
  }
}
14:34:03 (8800) DEBUG ChildProcessProxy Started ChildProcessTestRunnerWorker in worker process 12 with pid 44224 
14:34:03 (50128) DEBUG VitestTestRunner vitest final config: {
  "allowOnly": true,
  "isolate": true,
  "watch": false,
  "globals": true,
  "environment": "jsdom",
  "clearMocks": false,
  "restoreMocks": false,
  "mockReset": false,
  "unstubGlobals": false,
  "unstubEnvs": false,
  "include": [
    "tests/*.spec.ts",
    "tests/unit/*.spec.ts"
  ],
  "exclude": [
    "**/node_modules/**",
    "**/.git/**"
  ],
  "teardownTimeout": 10000,
  "forceRerunTriggers": [
    "**/package.json/**",
    "**/{vitest,vite}.config.*/**",
    "C:/gwinnem/keystone-dashboard-layout/packages/vue/.stryker-tmp/sandbox-eV4a3S/tests/setup.ts"
  ],
  "update": false,
  "reporters": [
    [
      "default",
      {}
    ]
  ],
  "silent": false,
  "hideSkippedTests": false,
  "api": {
    "middlewareMode": true,
    "allowWrite": true,
    "allowExec": true,
    "token": "7a88733e-0936-4039-8901-2c50416394c1"
  },
  "ui": false,
  "uiBase": "/__vitest__/",
  "open": true,
  "css": {
    "include": [],
    "modules": {
      "classNameStrategy": "stable"
    }
  },
  "coverage": {
    "provider": "v8",
    "enabled": false,
    "clean": true,
    "cleanOnRerun": true,
    "reportsDirectory": "./tests/coverage",
    "exclude": [
      "src/vite-env.d.ts",
      "src/components/Grid/grid-layout-props.interface.ts",
      "src/components/Grid/grid-item-props.interface.ts",
      "src/components/Grid/composables/grid-item-composable-context.ts",
      "src/components/index.ts",
      "tests/setup.ts",
      "tests/*.spec.ts",
      "tests/unit/*.spec.ts",
      "C:/gwinnem/keystone-dashboard-layout/packages/vue/.stryker-tmp/sandbox-eV4a3S/vitest.config.js",
      "vitest.config.ts",
      "vitest.config.mts",
      "vitest.config.cts",
      "vitest.config.js",
      "vitest.config.mjs",
      "vitest.config.cjs",
      "vite.config.ts",
      "vite.config.mts",
      "vite.config.cts",
      "vite.config.js",
      "vite.config.mjs",
      "vite.config.cjs",
      "**/virtual:*",
      "**/__x00__*",
      "**/node_modules/**"
    ],
    "reportOnFailure": false,
    "reporter": [
      [
        "text",
        {}
      ],
      [
        "json",
        {}
      ],
      [
        "html",
        {}
      ]
    ],
    "allowExternal": false,
    "excludeAfterRemap": false,
    "processingConcurrency": 16,
    "ignoreClassMethods": [],
    "skipFull": false,
    "watermarks": {
      "statements": [
        50,
        80
      ],
      "functions": [
        50,
        80
      ],
      "branches": [
        50,
        80
      ],
      "lines": [
        50,
        80
      ]
    },
    "include": [
      "src/**/*.{ts,vue}"
    ],
    "thresholds": {
      "lines": 90,
      "functions": 90,
      "branches": 90,
      "statements": 90
    }
  },
  "fakeTimers": {
    "loopLimit": 10000,
    "shouldClearNativeTimers": true
  },
  "maxConcurrency": 1,
  "dangerouslyIgnoreUnhandledErrors": false,
  "typecheck": {
    "checker": "tsc",
    "include": [
      "**/*.{test,spec}-d.?(c|m)[jt]s?(x)"
    ],
    "exclude": [
      "**/node_modules/**",
      "**/.git/**"
    ],
    "enabled": false
  },
  "slowTestThreshold": 300,
  "disableConsoleIntercept": false,
  "detectAsyncLeaks": false,
  "setupFiles": [
    "C:\\gwinnem\\keystone-dashboard-layout\\packages\\vue\\.stryker-tmp\\sandbox-eV4a3S\\stryker-setup-9.js",
    "C:/gwinnem/keystone-dashboard-layout/packages/vue/.stryker-tmp/sandbox-eV4a3S/tests/setup.ts"
  ],
  "deps": {
    "moduleDirectories": [
      "/node_modules/"
    ],
    "optimizer": {
      "ssr": {
        "enabled": false
      },
      "client": {
        "enabled": false
      }
    },
    "web": {
      "transformAssets": true,
      "transformCss": true,
      "transformGlobPattern": []
    }
  },
  "server": {
    "deps": {}
  },
  "config": "C:\\gwinnem\\keystone-dashboard-layout\\packages\\vue\\.stryker-tmp\\sandbox-eV4a3S\\vitest.config.js",
  "threads": true,
  "pool": "threads",
  "poolOptions": {
    "threads": {
      "maxThreads": 1,
      "minThreads": 1
    }
  },
  "maxWorkers": 1,
  "singleThread": false,
  "bail": 1,
  "defines": {},
  "viteDefine": {},
  "root": "C:/gwinnem/keystone-dashboard-layout/packages/vue/.stryker-tmp/sandbox-eV4a3S",
  "mode": "test",
  "project": [],
  "provide": {},
  "tags": [],
  "name": "",
  "inspector": {
    "enabled": false,
    "waitForDebugger": false
  },
  "clearScreen": true,
  "browser": {
    "enabled": false,
    "headless": false,
    "isolate": true,
    "fileParallelism": true,
    "ui": true,
    "commands": {},
    "detailsPanelPosition": "right",
    "viewport": {
      "width": 414,
      "height": 896
    },
    "locators": {
      "testIdAttribute": "data-testid",
      "exact": false
    },
    "screenshotFailures": false,
    "api": {
      "port": 63315,
      "allowWrite": true,
      "allowExec": true
    },
    "trace": {
      "mode": "off"
    }
  },
  "expect": {},
  "globalSetup": [],
  "attachmentsDir": "C:/gwinnem/keystone-dashboard-layout/packages/vue/.stryker-tmp/sandbox-eV4a3S/.vitest-attachments",
  "snapshotOptions": {
    "expand": false,
    "snapshotFormat": {},
    "updateSnapshot": "new",
    "snapshotEnvironment": null
  },
  "snapshotSerializers": [],
  "execArgv": [],
  "cache": {
    "dir": "C:/gwinnem/keystone-dashboard-layout/packages/vue/.stryker-tmp/sandbox-eV4a3S/node_modules/.vite/vitest/da39a3ee5e6b4b0d3255bfef95601890afd80709"
  },
  "sequence": {
    "groupOrder": 0,
    "hooks": "stack"
  },
  "testTimeout": 5000,
  "hookTimeout": 10000,
  "experimental": {
    "importDurations": {
      "print": false,
      "failOnDanger": false,
      "limit": 0,
      "thresholds": {
        "warn": 100,
        "danger": 500
      }
    }
  }
}
14:34:03 (8800) DEBUG ChildProcessProxy Started ChildProcessTestRunnerWorker in worker process 13 with pid 59124 
14:34:04 (22216) DEBUG PluginLoader Loading plugin @stryker-mutator/vitest-runner
14:34:04 (59124) DEBUG PluginLoader Loading plugin @stryker-mutator/vitest-runner
14:34:04 (44224) DEBUG PluginLoader Loading plugin @stryker-mutator/vitest-runner
14:34:04 (22216) DEBUG PluginLoader Loading plugin file:///C:/gwinnem/keystone-dashboard-layout/node_modules/.pnpm/@stryker-mutator+instrumenter@9.6.1_supports-color@8.1.1/node_modules/@stryker-mutator/instrumenter/dist/src/frameworks/index.js
14:34:04 (22216) DEBUG PluginLoader Loading plugin file:///C:/gwinnem/keystone-dashboard-layout/node_modules/.pnpm/@stryker-mutator+core@9.6.1_911149adbd3acc9b701e5200d679170d/node_modules/@stryker-mutator/core/dist/src/reporters/index.js
14:34:04 (59124) DEBUG PluginLoader Loading plugin file:///C:/gwinnem/keystone-dashboard-layout/node_modules/.pnpm/@stryker-mutator+instrumenter@9.6.1_supports-color@8.1.1/node_modules/@stryker-mutator/instrumenter/dist/src/frameworks/index.js
14:34:04 (59124) DEBUG PluginLoader Loading plugin file:///C:/gwinnem/keystone-dashboard-layout/node_modules/.pnpm/@stryker-mutator+core@9.6.1_911149adbd3acc9b701e5200d679170d/node_modules/@stryker-mutator/core/dist/src/reporters/index.js
14:34:04 (44224) DEBUG PluginLoader Loading plugin file:///C:/gwinnem/keystone-dashboard-layout/node_modules/.pnpm/@stryker-mutator+instrumenter@9.6.1_supports-color@8.1.1/node_modules/@stryker-mutator/instrumenter/dist/src/frameworks/index.js
14:34:04 (44224) DEBUG PluginLoader Loading plugin file:///C:/gwinnem/keystone-dashboard-layout/node_modules/.pnpm/@stryker-mutator+core@9.6.1_911149adbd3acc9b701e5200d679170d/node_modules/@stryker-mutator/core/dist/src/reporters/index.js
14:34:04 (22216) DEBUG ChildProcessProxyWorker Changing current working directory for this process to C:\gwinnem\keystone-dashboard-layout\packages\vue\.stryker-tmp\sandbox-eV4a3S
14:34:04 (59124) DEBUG ChildProcessProxyWorker Changing current working directory for this process to C:\gwinnem\keystone-dashboard-layout\packages\vue\.stryker-tmp\sandbox-eV4a3S
14:34:04 (44224) DEBUG ChildProcessProxyWorker Changing current working directory for this process to C:\gwinnem\keystone-dashboard-layout\packages\vue\.stryker-tmp\sandbox-eV4a3S
14:34:05 (8800) TRACE ChildProcessProxy  DEPRECATED  `test.poolOptions` was removed in Vitest 4. All previous `poolOptions` are now top-level options. Please, refer to the migration guide: https://vitest.dev/guide/migration#pool-rework

14:34:05 (8800) TRACE ChildProcessProxy  DEPRECATED  `test.poolOptions` was removed in Vitest 4. All previous `poolOptions` are now top-level options. Please, refer to the migration guide: https://vitest.dev/guide/migration#pool-rework

14:34:05 (8800) TRACE ChildProcessProxy  DEPRECATED  `test.poolOptions` was removed in Vitest 4. All previous `poolOptions` are now top-level options. Please, refer to the migration guide: https://vitest.dev/guide/migration#pool-rework

14:34:05 (22216) DEBUG VitestTestRunner vitest final config: {
  "allowOnly": true,
  "isolate": true,
  "watch": false,
  "globals": true,
  "environment": "jsdom",
  "clearMocks": false,
  "restoreMocks": false,
  "mockReset": false,
  "unstubGlobals": false,
  "unstubEnvs": false,
  "include": [
    "tests/*.spec.ts",
    "tests/unit/*.spec.ts"
  ],
  "exclude": [
    "**/node_modules/**",
    "**/.git/**"
  ],
  "teardownTimeout": 10000,
  "forceRerunTriggers": [
    "**/package.json/**",
    "**/{vitest,vite}.config.*/**",
    "C:/gwinnem/keystone-dashboard-layout/packages/vue/.stryker-tmp/sandbox-eV4a3S/tests/setup.ts"
  ],
  "update": false,
  "reporters": [
    [
      "default",
      {}
    ]
  ],
  "silent": false,
  "hideSkippedTests": false,
  "api": {
    "middlewareMode": true,
    "allowWrite": true,
    "allowExec": true,
    "token": "14cbc53f-4f89-42b3-9bcd-fb2cca92909c"
  },
  "ui": false,
  "uiBase": "/__vitest__/",
  "open": true,
  "css": {
    "include": [],
    "modules": {
      "classNameStrategy": "stable"
    }
  },
  "coverage": {
    "provider": "v8",
    "enabled": false,
    "clean": true,
    "cleanOnRerun": true,
    "reportsDirectory": "./tests/coverage",
    "exclude": [
      "src/vite-env.d.ts",
      "src/components/Grid/grid-layout-props.interface.ts",
      "src/components/Grid/grid-item-props.interface.ts",
      "src/components/Grid/composables/grid-item-composable-context.ts",
      "src/components/index.ts",
      "tests/setup.ts",
      "tests/*.spec.ts",
      "tests/unit/*.spec.ts",
      "C:/gwinnem/keystone-dashboard-layout/packages/vue/.stryker-tmp/sandbox-eV4a3S/vitest.config.js",
      "vitest.config.ts",
      "vitest.config.mts",
      "vitest.config.cts",
      "vitest.config.js",
      "vitest.config.mjs",
      "vitest.config.cjs",
      "vite.config.ts",
      "vite.config.mts",
      "vite.config.cts",
      "vite.config.js",
      "vite.config.mjs",
      "vite.config.cjs",
      "**/virtual:*",
      "**/__x00__*",
      "**/node_modules/**"
    ],
    "reportOnFailure": false,
    "reporter": [
      [
        "text",
        {}
      ],
      [
        "json",
        {}
      ],
      [
        "html",
        {}
      ]
    ],
    "allowExternal": false,
    "excludeAfterRemap": false,
    "processingConcurrency": 16,
    "ignoreClassMethods": [],
    "skipFull": false,
    "watermarks": {
      "statements": [
        50,
        80
      ],
      "functions": [
        50,
        80
      ],
      "branches": [
        50,
        80
      ],
      "lines": [
        50,
        80
      ]
    },
    "include": [
      "src/**/*.{ts,vue}"
    ],
    "thresholds": {
      "lines": 90,
      "functions": 90,
      "branches": 90,
      "statements": 90
    }
  },
  "fakeTimers": {
    "loopLimit": 10000,
    "shouldClearNativeTimers": true
  },
  "maxConcurrency": 1,
  "dangerouslyIgnoreUnhandledErrors": false,
  "typecheck": {
    "checker": "tsc",
    "include": [
      "**/*.{test,spec}-d.?(c|m)[jt]s?(x)"
    ],
    "exclude": [
      "**/node_modules/**",
      "**/.git/**"
    ],
    "enabled": false
  },
  "slowTestThreshold": 300,
  "disableConsoleIntercept": false,
  "detectAsyncLeaks": false,
  "setupFiles": [
    "C:\\gwinnem\\keystone-dashboard-layout\\packages\\vue\\.stryker-tmp\\sandbox-eV4a3S\\stryker-setup-11.js",
    "C:/gwinnem/keystone-dashboard-layout/packages/vue/.stryker-tmp/sandbox-eV4a3S/tests/setup.ts"
  ],
  "deps": {
    "moduleDirectories": [
      "/node_modules/"
    ],
    "optimizer": {
      "ssr": {
        "enabled": false
      },
      "client": {
        "enabled": false
      }
    },
    "web": {
      "transformAssets": true,
      "transformCss": true,
      "transformGlobPattern": []
    }
  },
  "server": {
    "deps": {}
  },
  "config": "C:\\gwinnem\\keystone-dashboard-layout\\packages\\vue\\.stryker-tmp\\sandbox-eV4a3S\\vitest.config.js",
  "threads": true,
  "pool": "threads",
  "poolOptions": {
    "threads": {
      "maxThreads": 1,
      "minThreads": 1
    }
  },
  "maxWorkers": 1,
  "singleThread": false,
  "bail": 1,
  "defines": {},
  "viteDefine": {},
  "root": "C:/gwinnem/keystone-dashboard-layout/packages/vue/.stryker-tmp/sandbox-eV4a3S",
  "mode": "test",
  "project": [],
  "provide": {},
  "tags": [],
  "name": "",
  "inspector": {
    "enabled": false,
    "waitForDebugger": false
  },
  "clearScreen": true,
  "browser": {
    "enabled": false,
    "headless": false,
    "isolate": true,
    "fileParallelism": true,
    "ui": true,
    "commands": {},
    "detailsPanelPosition": "right",
    "viewport": {
      "width": 414,
      "height": 896
    },
    "locators": {
      "testIdAttribute": "data-testid",
      "exact": false
    },
    "screenshotFailures": false,
    "api": {
      "port": 63315,
      "allowWrite": true,
      "allowExec": true
    },
    "trace": {
      "mode": "off"
    }
  },
  "expect": {},
  "globalSetup": [],
  "attachmentsDir": "C:/gwinnem/keystone-dashboard-layout/packages/vue/.stryker-tmp/sandbox-eV4a3S/.vitest-attachments",
  "snapshotOptions": {
    "expand": false,
    "snapshotFormat": {},
    "updateSnapshot": "new",
    "snapshotEnvironment": null
  },
  "snapshotSerializers": [],
  "execArgv": [],
  "cache": {
    "dir": "C:/gwinnem/keystone-dashboard-layout/packages/vue/.stryker-tmp/sandbox-eV4a3S/node_modules/.vite/vitest/da39a3ee5e6b4b0d3255bfef95601890afd80709"
  },
  "sequence": {
    "groupOrder": 0,
    "hooks": "stack"
  },
  "testTimeout": 5000,
  "hookTimeout": 10000,
  "experimental": {
    "importDurations": {
      "print": false,
      "failOnDanger": false,
      "limit": 0,
      "thresholds": {
        "warn": 100,
        "danger": 500
      }
    }
  }
}
14:34:05 (8800) DEBUG ChildProcessProxy Disposing of worker process 22216
14:34:05 (8800) DEBUG ChildProcessProxy Kill 22216
14:34:05 (59124) DEBUG VitestTestRunner vitest final config: {
  "allowOnly": true,
  "isolate": true,
  "watch": false,
  "globals": true,
  "environment": "jsdom",
  "clearMocks": false,
  "restoreMocks": false,
  "mockReset": false,
  "unstubGlobals": false,
  "unstubEnvs": false,
  "include": [
    "tests/*.spec.ts",
    "tests/unit/*.spec.ts"
  ],
  "exclude": [
    "**/node_modules/**",
    "**/.git/**"
  ],
  "teardownTimeout": 10000,
  "forceRerunTriggers": [
    "**/package.json/**",
    "**/{vitest,vite}.config.*/**",
    "C:/gwinnem/keystone-dashboard-layout/packages/vue/.stryker-tmp/sandbox-eV4a3S/tests/setup.ts"
  ],
  "update": false,
  "reporters": [
    [
      "default",
      {}
    ]
  ],
  "silent": false,
  "hideSkippedTests": false,
  "api": {
    "middlewareMode": true,
    "allowWrite": true,
    "allowExec": true,
    "token": "2d72ddbb-b498-40c0-b464-5c39f9ba2769"
  },
  "ui": false,
  "uiBase": "/__vitest__/",
  "open": true,
  "css": {
    "include": [],
    "modules": {
      "classNameStrategy": "stable"
    }
  },
  "coverage": {
    "provider": "v8",
    "enabled": false,
    "clean": true,
    "cleanOnRerun": true,
    "reportsDirectory": "./tests/coverage",
    "exclude": [
      "src/vite-env.d.ts",
      "src/components/Grid/grid-layout-props.interface.ts",
      "src/components/Grid/grid-item-props.interface.ts",
      "src/components/Grid/composables/grid-item-composable-context.ts",
      "src/components/index.ts",
      "tests/setup.ts",
      "tests/*.spec.ts",
      "tests/unit/*.spec.ts",
      "C:/gwinnem/keystone-dashboard-layout/packages/vue/.stryker-tmp/sandbox-eV4a3S/vitest.config.js",
      "vitest.config.ts",
      "vitest.config.mts",
      "vitest.config.cts",
      "vitest.config.js",
      "vitest.config.mjs",
      "vitest.config.cjs",
      "vite.config.ts",
      "vite.config.mts",
      "vite.config.cts",
      "vite.config.js",
      "vite.config.mjs",
      "vite.config.cjs",
      "**/virtual:*",
      "**/__x00__*",
      "**/node_modules/**"
    ],
    "reportOnFailure": false,
    "reporter": [
      [
        "text",
        {}
      ],
      [
        "json",
        {}
      ],
      [
        "html",
        {}
      ]
    ],
    "allowExternal": false,
    "excludeAfterRemap": false,
    "processingConcurrency": 16,
    "ignoreClassMethods": [],
    "skipFull": false,
    "watermarks": {
      "statements": [
        50,
        80
      ],
      "functions": [
        50,
        80
      ],
      "branches": [
        50,
        80
      ],
      "lines": [
        50,
        80
      ]
    },
    "include": [
      "src/**/*.{ts,vue}"
    ],
    "thresholds": {
      "lines": 90,
      "functions": 90,
      "branches": 90,
      "statements": 90
    }
  },
  "fakeTimers": {
    "loopLimit": 10000,
    "shouldClearNativeTimers": true
  },
  "maxConcurrency": 1,
  "dangerouslyIgnoreUnhandledErrors": false,
  "typecheck": {
    "checker": "tsc",
    "include": [
      "**/*.{test,spec}-d.?(c|m)[jt]s?(x)"
    ],
    "exclude": [
      "**/node_modules/**",
      "**/.git/**"
    ],
    "enabled": false
  },
  "slowTestThreshold": 300,
  "disableConsoleIntercept": false,
  "detectAsyncLeaks": false,
  "setupFiles": [
    "C:\\gwinnem\\keystone-dashboard-layout\\packages\\vue\\.stryker-tmp\\sandbox-eV4a3S\\stryker-setup-13.js",
    "C:/gwinnem/keystone-dashboard-layout/packages/vue/.stryker-tmp/sandbox-eV4a3S/tests/setup.ts"
  ],
  "deps": {
    "moduleDirectories": [
      "/node_modules/"
    ],
    "optimizer": {
      "ssr": {
        "enabled": false
      },
      "client": {
        "enabled": false
      }
    },
    "web": {
      "transformAssets": true,
      "transformCss": true,
      "transformGlobPattern": []
    }
  },
  "server": {
    "deps": {}
  },
  "config": "C:\\gwinnem\\keystone-dashboard-layout\\packages\\vue\\.stryker-tmp\\sandbox-eV4a3S\\vitest.config.js",
  "threads": true,
  "pool": "threads",
  "poolOptions": {
    "threads": {
      "maxThreads": 1,
      "minThreads": 1
    }
  },
  "maxWorkers": 1,
  "singleThread": false,
  "bail": 1,
  "defines": {},
  "viteDefine": {},
  "root": "C:/gwinnem/keystone-dashboard-layout/packages/vue/.stryker-tmp/sandbox-eV4a3S",
  "mode": "test",
  "project": [],
  "provide": {},
  "tags": [],
  "name": "",
  "inspector": {
    "enabled": false,
    "waitForDebugger": false
  },
  "clearScreen": true,
  "browser": {
    "enabled": false,
    "headless": false,
    "isolate": true,
    "fileParallelism": true,
    "ui": true,
    "commands": {},
    "detailsPanelPosition": "right",
    "viewport": {
      "width": 414,
      "height": 896
    },
    "locators": {
      "testIdAttribute": "data-testid",
      "exact": false
    },
    "screenshotFailures": false,
    "api": {
      "port": 63315,
      "allowWrite": true,
      "allowExec": true
    },
    "trace": {
      "mode": "off"
    }
  },
  "expect": {},
  "globalSetup": [],
  "attachmentsDir": "C:/gwinnem/keystone-dashboard-layout/packages/vue/.stryker-tmp/sandbox-eV4a3S/.vitest-attachments",
  "snapshotOptions": {
    "expand": false,
    "snapshotFormat": {},
    "updateSnapshot": "new",
    "snapshotEnvironment": null
  },
  "snapshotSerializers": [],
  "execArgv": [],
  "cache": {
    "dir": "C:/gwinnem/keystone-dashboard-layout/packages/vue/.stryker-tmp/sandbox-eV4a3S/node_modules/.vite/vitest/da39a3ee5e6b4b0d3255bfef95601890afd80709"
  },
  "sequence": {
    "groupOrder": 0,
    "hooks": "stack"
  },
  "testTimeout": 5000,
  "hookTimeout": 10000,
  "experimental": {
    "importDurations": {
      "print": false,
      "failOnDanger": false,
      "limit": 0,
      "thresholds": {
        "warn": 100,
        "danger": 500
      }
    }
  }
}
14:34:05 (8800) DEBUG ChildProcessProxy Started ChildProcessTestRunnerWorker in worker process 14 with pid 34788 
14:34:05 (44224) DEBUG VitestTestRunner vitest final config: {
  "allowOnly": true,
  "isolate": true,
  "watch": false,
  "globals": true,
  "environment": "jsdom",
  "clearMocks": false,
  "restoreMocks": false,
  "mockReset": false,
  "unstubGlobals": false,
  "unstubEnvs": false,
  "include": [
    "tests/*.spec.ts",
    "tests/unit/*.spec.ts"
  ],
  "exclude": [
    "**/node_modules/**",
    "**/.git/**"
  ],
  "teardownTimeout": 10000,
  "forceRerunTriggers": [
    "**/package.json/**",
    "**/{vitest,vite}.config.*/**",
    "C:/gwinnem/keystone-dashboard-layout/packages/vue/.stryker-tmp/sandbox-eV4a3S/tests/setup.ts"
  ],
  "update": false,
  "reporters": [
    [
      "default",
      {}
    ]
  ],
  "silent": false,
  "hideSkippedTests": false,
  "api": {
    "middlewareMode": true,
    "allowWrite": true,
    "allowExec": true,
    "token": "96ff81b9-fb65-4500-8c8e-678853b5f9ae"
  },
  "ui": false,
  "uiBase": "/__vitest__/",
  "open": true,
  "css": {
    "include": [],
    "modules": {
      "classNameStrategy": "stable"
    }
  },
  "coverage": {
    "provider": "v8",
    "enabled": false,
    "clean": true,
    "cleanOnRerun": true,
    "reportsDirectory": "./tests/coverage",
    "exclude": [
      "src/vite-env.d.ts",
      "src/components/Grid/grid-layout-props.interface.ts",
      "src/components/Grid/grid-item-props.interface.ts",
      "src/components/Grid/composables/grid-item-composable-context.ts",
      "src/components/index.ts",
      "tests/setup.ts",
      "tests/*.spec.ts",
      "tests/unit/*.spec.ts",
      "C:/gwinnem/keystone-dashboard-layout/packages/vue/.stryker-tmp/sandbox-eV4a3S/vitest.config.js",
      "vitest.config.ts",
      "vitest.config.mts",
      "vitest.config.cts",
      "vitest.config.js",
      "vitest.config.mjs",
      "vitest.config.cjs",
      "vite.config.ts",
      "vite.config.mts",
      "vite.config.cts",
      "vite.config.js",
      "vite.config.mjs",
      "vite.config.cjs",
      "**/virtual:*",
      "**/__x00__*",
      "**/node_modules/**"
    ],
    "reportOnFailure": false,
    "reporter": [
      [
        "text",
        {}
      ],
      [
        "json",
        {}
      ],
      [
        "html",
        {}
      ]
    ],
    "allowExternal": false,
    "excludeAfterRemap": false,
    "processingConcurrency": 16,
    "ignoreClassMethods": [],
    "skipFull": false,
    "watermarks": {
      "statements": [
        50,
        80
      ],
      "functions": [
        50,
        80
      ],
      "branches": [
        50,
        80
      ],
      "lines": [
        50,
        80
      ]
    },
    "include": [
      "src/**/*.{ts,vue}"
    ],
    "thresholds": {
      "lines": 90,
      "functions": 90,
      "branches": 90,
      "statements": 90
    }
  },
  "fakeTimers": {
    "loopLimit": 10000,
    "shouldClearNativeTimers": true
  },
  "maxConcurrency": 1,
  "dangerouslyIgnoreUnhandledErrors": false,
  "typecheck": {
    "checker": "tsc",
    "include": [
      "**/*.{test,spec}-d.?(c|m)[jt]s?(x)"
    ],
    "exclude": [
      "**/node_modules/**",
      "**/.git/**"
    ],
    "enabled": false
  },
  "slowTestThreshold": 300,
  "disableConsoleIntercept": false,
  "detectAsyncLeaks": false,
  "setupFiles": [
    "C:\\gwinnem\\keystone-dashboard-layout\\packages\\vue\\.stryker-tmp\\sandbox-eV4a3S\\stryker-setup-12.js",
    "C:/gwinnem/keystone-dashboard-layout/packages/vue/.stryker-tmp/sandbox-eV4a3S/tests/setup.ts"
  ],
  "deps": {
    "moduleDirectories": [
      "/node_modules/"
    ],
    "optimizer": {
      "ssr": {
        "enabled": false
      },
      "client": {
        "enabled": false
      }
    },
    "web": {
      "transformAssets": true,
      "transformCss": true,
      "transformGlobPattern": []
    }
  },
  "server": {
    "deps": {}
  },
  "config": "C:\\gwinnem\\keystone-dashboard-layout\\packages\\vue\\.stryker-tmp\\sandbox-eV4a3S\\vitest.config.js",
  "threads": true,
  "pool": "threads",
  "poolOptions": {
    "threads": {
      "maxThreads": 1,
      "minThreads": 1
    }
  },
  "maxWorkers": 1,
  "singleThread": false,
  "bail": 1,
  "defines": {},
  "viteDefine": {},
  "root": "C:/gwinnem/keystone-dashboard-layout/packages/vue/.stryker-tmp/sandbox-eV4a3S",
  "mode": "test",
  "project": [],
  "provide": {},
  "tags": [],
  "name": "",
  "inspector": {
    "enabled": false,
    "waitForDebugger": false
  },
  "clearScreen": true,
  "browser": {
    "enabled": false,
    "headless": false,
    "isolate": true,
    "fileParallelism": true,
    "ui": true,
    "commands": {},
    "detailsPanelPosition": "right",
    "viewport": {
      "width": 414,
      "height": 896
    },
    "locators": {
      "testIdAttribute": "data-testid",
      "exact": false
    },
    "screenshotFailures": false,
    "api": {
      "port": 63315,
      "allowWrite": true,
      "allowExec": true
    },
    "trace": {
      "mode": "off"
    }
  },
  "expect": {},
  "globalSetup": [],
  "attachmentsDir": "C:/gwinnem/keystone-dashboard-layout/packages/vue/.stryker-tmp/sandbox-eV4a3S/.vitest-attachments",
  "snapshotOptions": {
    "expand": false,
    "snapshotFormat": {},
    "updateSnapshot": "new",
    "snapshotEnvironment": null
  },
  "snapshotSerializers": [],
  "execArgv": [],
  "cache": {
    "dir": "C:/gwinnem/keystone-dashboard-layout/packages/vue/.stryker-tmp/sandbox-eV4a3S/node_modules/.vite/vitest/da39a3ee5e6b4b0d3255bfef95601890afd80709"
  },
  "sequence": {
    "groupOrder": 0,
    "hooks": "stack"
  },
  "testTimeout": 5000,
  "hookTimeout": 10000,
  "experimental": {
    "importDurations": {
      "print": false,
      "failOnDanger": false,
      "limit": 0,
      "thresholds": {
        "warn": 100,
        "danger": 500
      }
    }
  }
}
14:34:05 (8800) DEBUG ChildProcessProxy Started ChildProcessTestRunnerWorker in worker process 15 with pid 60360 
14:34:05 (34788) DEBUG PluginLoader Loading plugin @stryker-mutator/vitest-runner
14:34:06 (8800) DEBUG ChildProcessProxy Started ChildProcessTestRunnerWorker in worker process 16 with pid 4632 
14:34:06 (60360) DEBUG PluginLoader Loading plugin @stryker-mutator/vitest-runner
14:34:06 (34788) DEBUG PluginLoader Loading plugin file:///C:/gwinnem/keystone-dashboard-layout/node_modules/.pnpm/@stryker-mutator+instrumenter@9.6.1_supports-color@8.1.1/node_modules/@stryker-mutator/instrumenter/dist/src/frameworks/index.js
14:34:06 (34788) DEBUG PluginLoader Loading plugin file:///C:/gwinnem/keystone-dashboard-layout/node_modules/.pnpm/@stryker-mutator+core@9.6.1_911149adbd3acc9b701e5200d679170d/node_modules/@stryker-mutator/core/dist/src/reporters/index.js
14:34:06 (60360) DEBUG PluginLoader Loading plugin file:///C:/gwinnem/keystone-dashboard-layout/node_modules/.pnpm/@stryker-mutator+instrumenter@9.6.1_supports-color@8.1.1/node_modules/@stryker-mutator/instrumenter/dist/src/frameworks/index.js
14:34:06 (60360) DEBUG PluginLoader Loading plugin file:///C:/gwinnem/keystone-dashboard-layout/node_modules/.pnpm/@stryker-mutator+core@9.6.1_911149adbd3acc9b701e5200d679170d/node_modules/@stryker-mutator/core/dist/src/reporters/index.js
14:34:06 (34788) DEBUG ChildProcessProxyWorker Changing current working directory for this process to C:\gwinnem\keystone-dashboard-layout\packages\vue\.stryker-tmp\sandbox-eV4a3S
14:34:06 (4632) DEBUG PluginLoader Loading plugin @stryker-mutator/vitest-runner
14:34:06 (60360) DEBUG ChildProcessProxyWorker Changing current working directory for this process to C:\gwinnem\keystone-dashboard-layout\packages\vue\.stryker-tmp\sandbox-eV4a3S
14:34:06 (8800) TRACE ChildProcessProxy  DEPRECATED  `test.poolOptions` was removed in Vitest 4. All previous `poolOptions` are now top-level options. Please, refer to the migration guide: https://vitest.dev/guide/migration#pool-rework

14:34:07 (34788) DEBUG VitestTestRunner vitest final config: {
  "allowOnly": true,
  "isolate": true,
  "watch": false,
  "globals": true,
  "environment": "jsdom",
  "clearMocks": false,
  "restoreMocks": false,
  "mockReset": false,
  "unstubGlobals": false,
  "unstubEnvs": false,
  "include": [
    "tests/*.spec.ts",
    "tests/unit/*.spec.ts"
  ],
  "exclude": [
    "**/node_modules/**",
    "**/.git/**"
  ],
  "teardownTimeout": 10000,
  "forceRerunTriggers": [
    "**/package.json/**",
    "**/{vitest,vite}.config.*/**",
    "C:/gwinnem/keystone-dashboard-layout/packages/vue/.stryker-tmp/sandbox-eV4a3S/tests/setup.ts"
  ],
  "update": false,
  "reporters": [
    [
      "default",
      {}
    ]
  ],
  "silent": false,
  "hideSkippedTests": false,
  "api": {
    "middlewareMode": true,
    "allowWrite": true,
    "allowExec": true,
    "token": "b55d4f82-871f-4e8e-a573-fff4af8cd33c"
  },
  "ui": false,
  "uiBase": "/__vitest__/",
  "open": true,
  "css": {
    "include": [],
    "modules": {
      "classNameStrategy": "stable"
    }
  },
  "coverage": {
    "provider": "v8",
    "enabled": false,
    "clean": true,
    "cleanOnRerun": true,
    "reportsDirectory": "./tests/coverage",
    "exclude": [
      "src/vite-env.d.ts",
      "src/components/Grid/grid-layout-props.interface.ts",
      "src/components/Grid/grid-item-props.interface.ts",
      "src/components/Grid/composables/grid-item-composable-context.ts",
      "src/components/index.ts",
      "tests/setup.ts",
      "tests/*.spec.ts",
      "tests/unit/*.spec.ts",
      "C:/gwinnem/keystone-dashboard-layout/packages/vue/.stryker-tmp/sandbox-eV4a3S/vitest.config.js",
      "vitest.config.ts",
      "vitest.config.mts",
      "vitest.config.cts",
      "vitest.config.js",
      "vitest.config.mjs",
      "vitest.config.cjs",
      "vite.config.ts",
      "vite.config.mts",
      "vite.config.cts",
      "vite.config.js",
      "vite.config.mjs",
      "vite.config.cjs",
      "**/virtual:*",
      "**/__x00__*",
      "**/node_modules/**"
    ],
    "reportOnFailure": false,
    "reporter": [
      [
        "text",
        {}
      ],
      [
        "json",
        {}
      ],
      [
        "html",
        {}
      ]
    ],
    "allowExternal": false,
    "excludeAfterRemap": false,
    "processingConcurrency": 16,
    "ignoreClassMethods": [],
    "skipFull": false,
    "watermarks": {
      "statements": [
        50,
        80
      ],
      "functions": [
        50,
        80
      ],
      "branches": [
        50,
        80
      ],
      "lines": [
        50,
        80
      ]
    },
    "include": [
      "src/**/*.{ts,vue}"
    ],
    "thresholds": {
      "lines": 90,
      "functions": 90,
      "branches": 90,
      "statements": 90
    }
  },
  "fakeTimers": {
    "loopLimit": 10000,
    "shouldClearNativeTimers": true
  },
  "maxConcurrency": 1,
  "dangerouslyIgnoreUnhandledErrors": false,
  "typecheck": {
    "checker": "tsc",
    "include": [
      "**/*.{test,spec}-d.?(c|m)[jt]s?(x)"
    ],
    "exclude": [
      "**/node_modules/**",
      "**/.git/**"
    ],
    "enabled": false
  },
  "slowTestThreshold": 300,
  "disableConsoleIntercept": false,
  "detectAsyncLeaks": false,
  "setupFiles": [
    "C:\\gwinnem\\keystone-dashboard-layout\\packages\\vue\\.stryker-tmp\\sandbox-eV4a3S\\stryker-setup-14.js",
    "C:/gwinnem/keystone-dashboard-layout/packages/vue/.stryker-tmp/sandbox-eV4a3S/tests/setup.ts"
  ],
  "deps": {
    "moduleDirectories": [
      "/node_modules/"
    ],
    "optimizer": {
      "ssr": {
        "enabled": false
      },
      "client": {
        "enabled": false
      }
    },
    "web": {
      "transformAssets": true,
      "transformCss": true,
      "transformGlobPattern": []
    }
  },
  "server": {
    "deps": {}
  },
  "config": "C:\\gwinnem\\keystone-dashboard-layout\\packages\\vue\\.stryker-tmp\\sandbox-eV4a3S\\vitest.config.js",
  "threads": true,
  "pool": "threads",
  "poolOptions": {
    "threads": {
      "maxThreads": 1,
      "minThreads": 1
    }
  },
  "maxWorkers": 1,
  "singleThread": false,
  "bail": 1,
  "defines": {},
  "viteDefine": {},
  "root": "C:/gwinnem/keystone-dashboard-layout/packages/vue/.stryker-tmp/sandbox-eV4a3S",
  "mode": "test",
  "project": [],
  "provide": {},
  "tags": [],
  "name": "",
  "inspector": {
    "enabled": false,
    "waitForDebugger": false
  },
  "clearScreen": true,
  "browser": {
    "enabled": false,
    "headless": false,
    "isolate": true,
    "fileParallelism": true,
    "ui": true,
    "commands": {},
    "detailsPanelPosition": "right",
    "viewport": {
      "width": 414,
      "height": 896
    },
    "locators": {
      "testIdAttribute": "data-testid",
      "exact": false
    },
    "screenshotFailures": false,
    "api": {
      "port": 63315,
      "allowWrite": true,
      "allowExec": true
    },
    "trace": {
      "mode": "off"
    }
  },
  "expect": {},
  "globalSetup": [],
  "attachmentsDir": "C:/gwinnem/keystone-dashboard-layout/packages/vue/.stryker-tmp/sandbox-eV4a3S/.vitest-attachments",
  "snapshotOptions": {
    "expand": false,
    "snapshotFormat": {},
    "updateSnapshot": "new",
    "snapshotEnvironment": null
  },
  "snapshotSerializers": [],
  "execArgv": [],
  "cache": {
    "dir": "C:/gwinnem/keystone-dashboard-layout/packages/vue/.stryker-tmp/sandbox-eV4a3S/node_modules/.vite/vitest/da39a3ee5e6b4b0d3255bfef95601890afd80709"
  },
  "sequence": {
    "groupOrder": 0,
    "hooks": "stack"
  },
  "testTimeout": 5000,
  "hookTimeout": 10000,
  "experimental": {
    "importDurations": {
      "print": false,
      "failOnDanger": false,
      "limit": 0,
      "thresholds": {
        "warn": 100,
        "danger": 500
      }
    }
  }
}
14:34:07 (8800) DEBUG ChildProcessProxy Started ChildProcessTestRunnerWorker in worker process 17 with pid 26000 
14:34:07 (4632) DEBUG PluginLoader Loading plugin file:///C:/gwinnem/keystone-dashboard-layout/node_modules/.pnpm/@stryker-mutator+instrumenter@9.6.1_supports-color@8.1.1/node_modules/@stryker-mutator/instrumenter/dist/src/frameworks/index.js
14:34:07 (4632) DEBUG PluginLoader Loading plugin file:///C:/gwinnem/keystone-dashboard-layout/node_modules/.pnpm/@stryker-mutator+core@9.6.1_911149adbd3acc9b701e5200d679170d/node_modules/@stryker-mutator/core/dist/src/reporters/index.js
14:34:07 (8800) TRACE ChildProcessProxy  DEPRECATED  `test.poolOptions` was removed in Vitest 4. All previous `poolOptions` are now top-level options. Please, refer to the migration guide: https://vitest.dev/guide/migration#pool-rework

14:34:07 (60360) DEBUG VitestTestRunner vitest final config: {
  "allowOnly": true,
  "isolate": true,
  "watch": false,
  "globals": true,
  "environment": "jsdom",
  "clearMocks": false,
  "restoreMocks": false,
  "mockReset": false,
  "unstubGlobals": false,
  "unstubEnvs": false,
  "include": [
    "tests/*.spec.ts",
    "tests/unit/*.spec.ts"
  ],
  "exclude": [
    "**/node_modules/**",
    "**/.git/**"
  ],
  "teardownTimeout": 10000,
  "forceRerunTriggers": [
    "**/package.json/**",
    "**/{vitest,vite}.config.*/**",
    "C:/gwinnem/keystone-dashboard-layout/packages/vue/.stryker-tmp/sandbox-eV4a3S/tests/setup.ts"
  ],
  "update": false,
  "reporters": [
    [
      "default",
      {}
    ]
  ],
  "silent": false,
  "hideSkippedTests": false,
  "api": {
    "middlewareMode": true,
    "allowWrite": true,
    "allowExec": true,
    "token": "88247825-261f-4451-9eeb-c1c2e46e9195"
  },
  "ui": false,
  "uiBase": "/__vitest__/",
  "open": true,
  "css": {
    "include": [],
    "modules": {
      "classNameStrategy": "stable"
    }
  },
  "coverage": {
    "provider": "v8",
    "enabled": false,
    "clean": true,
    "cleanOnRerun": true,
    "reportsDirectory": "./tests/coverage",
    "exclude": [
      "src/vite-env.d.ts",
      "src/components/Grid/grid-layout-props.interface.ts",
      "src/components/Grid/grid-item-props.interface.ts",
      "src/components/Grid/composables/grid-item-composable-context.ts",
      "src/components/index.ts",
      "tests/setup.ts",
      "tests/*.spec.ts",
      "tests/unit/*.spec.ts",
      "C:/gwinnem/keystone-dashboard-layout/packages/vue/.stryker-tmp/sandbox-eV4a3S/vitest.config.js",
      "vitest.config.ts",
      "vitest.config.mts",
      "vitest.config.cts",
      "vitest.config.js",
      "vitest.config.mjs",
      "vitest.config.cjs",
      "vite.config.ts",
      "vite.config.mts",
      "vite.config.cts",
      "vite.config.js",
      "vite.config.mjs",
      "vite.config.cjs",
      "**/virtual:*",
      "**/__x00__*",
      "**/node_modules/**"
    ],
    "reportOnFailure": false,
    "reporter": [
      [
        "text",
        {}
      ],
      [
        "json",
        {}
      ],
      [
        "html",
        {}
      ]
    ],
    "allowExternal": false,
    "excludeAfterRemap": false,
    "processingConcurrency": 16,
    "ignoreClassMethods": [],
    "skipFull": false,
    "watermarks": {
      "statements": [
        50,
        80
      ],
      "functions": [
        50,
        80
      ],
      "branches": [
        50,
        80
      ],
      "lines": [
        50,
        80
      ]
    },
    "include": [
      "src/**/*.{ts,vue}"
    ],
    "thresholds": {
      "lines": 90,
      "functions": 90,
      "branches": 90,
      "statements": 90
    }
  },
  "fakeTimers": {
    "loopLimit": 10000,
    "shouldClearNativeTimers": true
  },
  "maxConcurrency": 1,
  "dangerouslyIgnoreUnhandledErrors": false,
  "typecheck": {
    "checker": "tsc",
    "include": [
      "**/*.{test,spec}-d.?(c|m)[jt]s?(x)"
    ],
    "exclude": [
      "**/node_modules/**",
      "**/.git/**"
    ],
    "enabled": false
  },
  "slowTestThreshold": 300,
  "disableConsoleIntercept": false,
  "detectAsyncLeaks": false,
  "setupFiles": [
    "C:\\gwinnem\\keystone-dashboard-layout\\packages\\vue\\.stryker-tmp\\sandbox-eV4a3S\\stryker-setup-15.js",
    "C:/gwinnem/keystone-dashboard-layout/packages/vue/.stryker-tmp/sandbox-eV4a3S/tests/setup.ts"
  ],
  "deps": {
    "moduleDirectories": [
      "/node_modules/"
    ],
    "optimizer": {
      "ssr": {
        "enabled": false
      },
      "client": {
        "enabled": false
      }
    },
    "web": {
      "transformAssets": true,
      "transformCss": true,
      "transformGlobPattern": []
    }
  },
  "server": {
    "deps": {}
  },
  "config": "C:\\gwinnem\\keystone-dashboard-layout\\packages\\vue\\.stryker-tmp\\sandbox-eV4a3S\\vitest.config.js",
  "threads": true,
  "pool": "threads",
  "poolOptions": {
    "threads": {
      "maxThreads": 1,
      "minThreads": 1
    }
  },
  "maxWorkers": 1,
  "singleThread": false,
  "bail": 1,
  "defines": {},
  "viteDefine": {},
  "root": "C:/gwinnem/keystone-dashboard-layout/packages/vue/.stryker-tmp/sandbox-eV4a3S",
  "mode": "test",
  "project": [],
  "provide": {},
  "tags": [],
  "name": "",
  "inspector": {
    "enabled": false,
    "waitForDebugger": false
  },
  "clearScreen": true,
  "browser": {
    "enabled": false,
    "headless": false,
    "isolate": true,
    "fileParallelism": true,
    "ui": true,
    "commands": {},
    "detailsPanelPosition": "right",
    "viewport": {
      "width": 414,
      "height": 896
    },
    "locators": {
      "testIdAttribute": "data-testid",
      "exact": false
    },
    "screenshotFailures": false,
    "api": {
      "port": 63315,
      "allowWrite": true,
      "allowExec": true
    },
    "trace": {
      "mode": "off"
    }
  },
  "expect": {},
  "globalSetup": [],
  "attachmentsDir": "C:/gwinnem/keystone-dashboard-layout/packages/vue/.stryker-tmp/sandbox-eV4a3S/.vitest-attachments",
  "snapshotOptions": {
    "expand": false,
    "snapshotFormat": {},
    "updateSnapshot": "new",
    "snapshotEnvironment": null
  },
  "snapshotSerializers": [],
  "execArgv": [],
  "cache": {
    "dir": "C:/gwinnem/keystone-dashboard-layout/packages/vue/.stryker-tmp/sandbox-eV4a3S/node_modules/.vite/vitest/da39a3ee5e6b4b0d3255bfef95601890afd80709"
  },
  "sequence": {
    "groupOrder": 0,
    "hooks": "stack"
  },
  "testTimeout": 5000,
  "hookTimeout": 10000,
  "experimental": {
    "importDurations": {
      "print": false,
      "failOnDanger": false,
      "limit": 0,
      "thresholds": {
        "warn": 100,
        "danger": 500
      }
    }
  }
}
14:34:07 (4632) DEBUG ChildProcessProxyWorker Changing current working directory for this process to C:\gwinnem\keystone-dashboard-layout\packages\vue\.stryker-tmp\sandbox-eV4a3S
14:34:07 (26000) DEBUG PluginLoader Loading plugin @stryker-mutator/vitest-runner
14:34:07 (8800) TRACE ChildProcessProxy  DEPRECATED  `test.poolOptions` was removed in Vitest 4. All previous `poolOptions` are now top-level options. Please, refer to the migration guide: https://vitest.dev/guide/migration#pool-rework

14:34:07 (4632) DEBUG VitestTestRunner vitest final config: {
  "allowOnly": true,
  "isolate": true,
  "watch": false,
  "globals": true,
  "environment": "jsdom",
  "clearMocks": false,
  "restoreMocks": false,
  "mockReset": false,
  "unstubGlobals": false,
  "unstubEnvs": false,
  "include": [
    "tests/*.spec.ts",
    "tests/unit/*.spec.ts"
  ],
  "exclude": [
    "**/node_modules/**",
    "**/.git/**"
  ],
  "teardownTimeout": 10000,
  "forceRerunTriggers": [
    "**/package.json/**",
    "**/{vitest,vite}.config.*/**",
    "C:/gwinnem/keystone-dashboard-layout/packages/vue/.stryker-tmp/sandbox-eV4a3S/tests/setup.ts"
  ],
  "update": false,
  "reporters": [
    [
      "default",
      {}
    ]
  ],
  "silent": false,
  "hideSkippedTests": false,
  "api": {
    "middlewareMode": true,
    "allowWrite": true,
    "allowExec": true,
    "token": "f4f16819-1b9c-40de-b1d8-327b77ecc2de"
  },
  "ui": false,
  "uiBase": "/__vitest__/",
  "open": true,
  "css": {
    "include": [],
    "modules": {
      "classNameStrategy": "stable"
    }
  },
  "coverage": {
    "provider": "v8",
    "enabled": false,
    "clean": true,
    "cleanOnRerun": true,
    "reportsDirectory": "./tests/coverage",
    "exclude": [
      "src/vite-env.d.ts",
      "src/components/Grid/grid-layout-props.interface.ts",
      "src/components/Grid/grid-item-props.interface.ts",
      "src/components/Grid/composables/grid-item-composable-context.ts",
      "src/components/index.ts",
      "tests/setup.ts",
      "tests/*.spec.ts",
      "tests/unit/*.spec.ts",
      "C:/gwinnem/keystone-dashboard-layout/packages/vue/.stryker-tmp/sandbox-eV4a3S/vitest.config.js",
      "vitest.config.ts",
      "vitest.config.mts",
      "vitest.config.cts",
      "vitest.config.js",
      "vitest.config.mjs",
      "vitest.config.cjs",
      "vite.config.ts",
      "vite.config.mts",
      "vite.config.cts",
      "vite.config.js",
      "vite.config.mjs",
      "vite.config.cjs",
      "**/virtual:*",
      "**/__x00__*",
      "**/node_modules/**"
    ],
    "reportOnFailure": false,
    "reporter": [
      [
        "text",
        {}
      ],
      [
        "json",
        {}
      ],
      [
        "html",
        {}
      ]
    ],
    "allowExternal": false,
    "excludeAfterRemap": false,
    "processingConcurrency": 16,
    "ignoreClassMethods": [],
    "skipFull": false,
    "watermarks": {
      "statements": [
        50,
        80
      ],
      "functions": [
        50,
        80
      ],
      "branches": [
        50,
        80
      ],
      "lines": [
        50,
        80
      ]
    },
    "include": [
      "src/**/*.{ts,vue}"
    ],
    "thresholds": {
      "lines": 90,
      "functions": 90,
      "branches": 90,
      "statements": 90
    }
  },
  "fakeTimers": {
    "loopLimit": 10000,
    "shouldClearNativeTimers": true
  },
  "maxConcurrency": 1,
  "dangerouslyIgnoreUnhandledErrors": false,
  "typecheck": {
    "checker": "tsc",
    "include": [
      "**/*.{test,spec}-d.?(c|m)[jt]s?(x)"
    ],
    "exclude": [
      "**/node_modules/**",
      "**/.git/**"
    ],
    "enabled": false
  },
  "slowTestThreshold": 300,
  "disableConsoleIntercept": false,
  "detectAsyncLeaks": false,
  "setupFiles": [
    "C:\\gwinnem\\keystone-dashboard-layout\\packages\\vue\\.stryker-tmp\\sandbox-eV4a3S\\stryker-setup-16.js",
    "C:/gwinnem/keystone-dashboard-layout/packages/vue/.stryker-tmp/sandbox-eV4a3S/tests/setup.ts"
  ],
  "deps": {
    "moduleDirectories": [
      "/node_modules/"
    ],
    "optimizer": {
      "ssr": {
        "enabled": false
      },
      "client": {
        "enabled": false
      }
    },
    "web": {
      "transformAssets": true,
      "transformCss": true,
      "transformGlobPattern": []
    }
  },
  "server": {
    "deps": {}
  },
  "config": "C:\\gwinnem\\keystone-dashboard-layout\\packages\\vue\\.stryker-tmp\\sandbox-eV4a3S\\vitest.config.js",
  "threads": true,
  "pool": "threads",
  "poolOptions": {
    "threads": {
      "maxThreads": 1,
      "minThreads": 1
    }
  },
  "maxWorkers": 1,
  "singleThread": false,
  "bail": 1,
  "defines": {},
  "viteDefine": {},
  "root": "C:/gwinnem/keystone-dashboard-layout/packages/vue/.stryker-tmp/sandbox-eV4a3S",
  "mode": "test",
  "project": [],
  "provide": {},
  "tags": [],
  "name": "",
  "inspector": {
    "enabled": false,
    "waitForDebugger": false
  },
  "clearScreen": true,
  "browser": {
    "enabled": false,
    "headless": false,
    "isolate": true,
    "fileParallelism": true,
    "ui": true,
    "commands": {},
    "detailsPanelPosition": "right",
    "viewport": {
      "width": 414,
      "height": 896
    },
    "locators": {
      "testIdAttribute": "data-testid",
      "exact": false
    },
    "screenshotFailures": false,
    "api": {
      "port": 63315,
      "allowWrite": true,
      "allowExec": true
    },
    "trace": {
      "mode": "off"
    }
  },
  "expect": {},
  "globalSetup": [],
  "attachmentsDir": "C:/gwinnem/keystone-dashboard-layout/packages/vue/.stryker-tmp/sandbox-eV4a3S/.vitest-attachments",
  "snapshotOptions": {
    "expand": false,
    "snapshotFormat": {},
    "updateSnapshot": "new",
    "snapshotEnvironment": null
  },
  "snapshotSerializers": [],
  "execArgv": [],
  "cache": {
    "dir": "C:/gwinnem/keystone-dashboard-layout/packages/vue/.stryker-tmp/sandbox-eV4a3S/node_modules/.vite/vitest/da39a3ee5e6b4b0d3255bfef95601890afd80709"
  },
  "sequence": {
    "groupOrder": 0,
    "hooks": "stack"
  },
  "testTimeout": 5000,
  "hookTimeout": 10000,
  "experimental": {
    "importDurations": {
      "print": false,
      "failOnDanger": false,
      "limit": 0,
      "thresholds": {
        "warn": 100,
        "danger": 500
      }
    }
  }
}
14:34:07 (8800) ERROR DryRunExecutor One or more tests resulted in an error:
	Test runner crashed. Tried twice to restart it without any luck. Last time the error message was: Error: Error: [@vue/compiler-sfc] Failed to resolve import source "@/core/gridlayout/enums/EGridLayoutEvents".

C:/gwinnem/keystone-dashboard-layout/packages/vue/.stryker-tmp/sandbox-eV4a3S/src/components/Grid/GridLayout.vue
276|  
277|    const emit = defineEmits<{
278|      (e: EGridLayoutEvent.BREAKPOINT_CHANGED, newBreakpoint: string, layout: TLayout): void;
   |          ^^^^^^^^^^^^^^^^^^^^^^^^^^^^^^^^^^^
279|      (e: EGridLayoutEvent.COLUMNS_CHANGED, colNum: number): void;
280|      (e: EGridLayoutEvent.CROSS_GRID_DROP_REJECTED, payload: ICrossGridDropRejected): void;
Error: [@vue/compiler-sfc] Failed to resolve import source "@/core/gridlayout/enums/EGridLayoutEvents".

C:/gwinnem/keystone-dashboard-layout/packages/vue/.stryker-tmp/sandbox-eV4a3S/src/components/Grid/GridLayout.vue
276|  
277|    const emit = defineEmits<{
278|      (e: EGridLayoutEvent.BREAKPOINT_CHANGED, newBreakpoint: string, layout: TLayout): void;
   |          ^^^^^^^^^^^^^^^^^^^^^^^^^^^^^^^^^^^
279|      (e: EGridLayoutEvent.COLUMNS_CHANGED, colNum: number): void;
280|      (e: EGridLayoutEvent.CROSS_GRID_DROP_REJECTED, payload: ICrossGridDropRejected): void;
    at ScriptCompileContext.error (C:\gwinnem\keystone-dashboard-layout\node_modules\.pnpm\@vue+compiler-sfc@3.5.41\node_modules\@vue\compiler-sfc\dist\compiler-sfc.cjs.js:20270:11)
    at importSourceToScope (C:\gwinnem\keystone-dashboard-layout\node_modules\.pnpm\@vue+compiler-sfc@3.5.41\node_modules\@vue\compiler-sfc\dist\compiler-sfc.cjs.js:23643:16)
    at resolveTypeFromImport (C:\gwinnem\keystone-dashboard-layout\node_modules\.pnpm\@vue+compiler-sfc@3.5.41\node_modules\@vue\compiler-sfc\dist\compiler-sfc.cjs.js:23586:23)
    at innerResolveTypeReference (C:\gwinnem\keystone-dashboard-layout\node_modules\.pnpm\@vue+compiler-sfc@3.5.41\node_modules\@vue\compiler-sfc\dist\compiler-sfc.cjs.js:23469:14)
    at innerResolveTypeReference (C:\gwinnem\keystone-dashboard-layout\node_modules\.pnpm\@vue+compiler-sfc@3.5.41\node_modules\@vue\compiler-sfc\dist\compiler-sfc.cjs.js:23492:14)
    at resolveTypeReference (C:\gwinnem\keystone-dashboard-layout\node_modules\.pnpm\@vue+compiler-sfc@3.5.41\node_modules\@vue\compiler-sfc\dist\compiler-sfc.cjs.js:23457:20)
    at resolveUnionType (C:\gwinnem\keystone-dashboard-layout\node_modules\.pnpm\@vue+compiler-sfc@3.5.41\node_modules\@vue\compiler-sfc\dist\compiler-sfc.cjs.js:24571:22)
    at extractEventNames (C:\gwinnem\keystone-dashboard-layout\node_modules\.pnpm\@vue+compiler-sfc@3.5.41\node_modules\@vue\compiler-sfc\dist\compiler-sfc.cjs.js:25242:19)
    at extractRuntimeEmits (C:\gwinnem\keystone-dashboard-layout\node_modules\.pnpm\@vue+compiler-sfc@3.5.41\node_modules\@vue\compiler-sfc\dist\compiler-sfc.cjs.js:25235:7)
    at genRuntimeEmits (C:\gwinnem\keystone-dashboard-layout\node_modules\.pnpm\@vue+compiler-sfc@3.5.41\node_modules\@vue\compiler-sfc\dist\compiler-sfc.cjs.js:25203:31)
Error: Error: [@vue/compiler-sfc] Failed to resolve import source "@/core/gridlayout/enums/EGridLayoutEvents".

C:/gwinnem/keystone-dashboard-layout/packages/vue/.stryker-tmp/sandbox-eV4a3S/src/components/Grid/GridLayout.vue
276|  
277|    const emit = defineEmits<{
278|      (e: EGridLayoutEvent.BREAKPOINT_CHANGED, newBreakpoint: string, layout: TLayout): void;
   |          ^^^^^^^^^^^^^^^^^^^^^^^^^^^^^^^^^^^
279|      (e: EGridLayoutEvent.COLUMNS_CHANGED, colNum: number): void;
280|      (e: EGridLayoutEvent.CROSS_GRID_DROP_REJECTED, payload: ICrossGridDropRejected): void;
Error: [@vue/compiler-sfc] Failed to resolve import source "@/core/gridlayout/enums/EGridLayoutEvents".

C:/gwinnem/keystone-dashboard-layout/packages/vue/.stryker-tmp/sandbox-eV4a3S/src/components/Grid/GridLayout.vue
276|  
277|    const emit = defineEmits<{
278|      (e: EGridLayoutEvent.BREAKPOINT_CHANGED, newBreakpoint: string, layout: TLayout): void;
   |          ^^^^^^^^^^^^^^^^^^^^^^^^^^^^^^^^^^^
279|      (e: EGridLayoutEvent.COLUMNS_CHANGED, colNum: number): void;
280|      (e: EGridLayoutEvent.CROSS_GRID_DROP_REJECTED, payload: ICrossGridDropRejected): void;
    at ScriptCompileContext.error (C:\gwinnem\keystone-dashboard-layout\node_modules\.pnpm\@vue+compiler-sfc@3.5.41\node_modules\@vue\compiler-sfc\dist\compiler-sfc.cjs.js:20270:11)
    at importSourceToScope (C:\gwinnem\keystone-dashboard-layout\node_modules\.pnpm\@vue+compiler-sfc@3.5.41\node_modules\@vue\compiler-sfc\dist\compiler-sfc.cjs.js:23643:16)
    at resolveTypeFromImport (C:\gwinnem\keystone-dashboard-layout\node_modules\.pnpm\@vue+compiler-sfc@3.5.41\node_modules\@vue\compiler-sfc\dist\compiler-sfc.cjs.js:23586:23)
    at innerResolveTypeReference (C:\gwinnem\keystone-dashboard-layout\node_modules\.pnpm\@vue+compiler-sfc@3.5.41\node_modules\@vue\compiler-sfc\dist\compiler-sfc.cjs.js:23469:14)
    at innerResolveTypeReference (C:\gwinnem\keystone-dashboard-layout\node_modules\.pnpm\@vue+compiler-sfc@3.5.41\node_modules\@vue\compiler-sfc\dist\compiler-sfc.cjs.js:23492:14)
    at resolveTypeReference (C:\gwinnem\keystone-dashboard-layout\node_modules\.pnpm\@vue+compiler-sfc@3.5.41\node_modules\@vue\compiler-sfc\dist\compiler-sfc.cjs.js:23457:20)
    at resolveUnionType (C:\gwinnem\keystone-dashboard-layout\node_modules\.pnpm\@vue+compiler-sfc@3.5.41\node_modules\@vue\compiler-sfc\dist\compiler-sfc.cjs.js:24571:22)
    at extractEventNames (C:\gwinnem\keystone-dashboard-layout\node_modules\.pnpm\@vue+compiler-sfc@3.5.41\node_modules\@vue\compiler-sfc\dist\compiler-sfc.cjs.js:25242:19)
    at extractRuntimeEmits (C:\gwinnem\keystone-dashboard-layout\node_modules\.pnpm\@vue+compiler-sfc@3.5.41\node_modules\@vue\compiler-sfc\dist\compiler-sfc.cjs.js:25235:7)
    at genRuntimeEmits (C:\gwinnem\keystone-dashboard-layout\node_modules\.pnpm\@vue+compiler-sfc@3.5.41\node_modules\@vue\compiler-sfc\dist\compiler-sfc.cjs.js:25203:31)
    at ChildProcess.<anonymous> (file:///C:/gwinnem/keystone-dashboard-layout/node_modules/.pnpm/@stryker-mutator+core@9.6.1_911149adbd3acc9b701e5200d679170d/node_modules/@stryker-mutator/core/dist/src/child-proxy/child-process-proxy.js:123:33)
    at ChildProcess.emit (node:events:509:28)
    at emit (node:internal/child_process:989:14)
    at process.processTicksAndRejections (node:internal/process/task_queues:91:21)
14:34:07 (8800) DEBUG Stryker Not removing the temp dir because an error occurred
14:34:07 (8800) ERROR Stryker Unexpected error occurred while running Stryker Error: Something went wrong in the initial test run
    at DryRunExecutor.validateResultCompleted (file:///C:/gwinnem/keystone-dashboard-layout/node_modules/.pnpm/@stryker-mutator+core@9.6.1_911149adbd3acc9b701e5200d679170d/node_modules/@stryker-mutator/core/dist/src/process/3-dry-run-executor.js:76:15)
    at DryRunExecutor.executeDryRun (file:///C:/gwinnem/keystone-dashboard-layout/node_modules/.pnpm/@stryker-mutator+core@9.6.1_911149adbd3acc9b701e5200d679170d/node_modules/@stryker-mutator/core/dist/src/process/3-dry-run-executor.js:100:14)
    at process.processTicksAndRejections (node:internal/process/task_queues:104:5)
    at async WorkItem.execute (file:///C:/gwinnem/keystone-dashboard-layout/node_modules/.pnpm/@stryker-mutator+core@9.6.1_911149adbd3acc9b701e5200d679170d/node_modules/@stryker-mutator/core/dist/src/concurrent/pool.js:32:28)
    at async file:///C:/gwinnem/keystone-dashboard-layout/node_modules/.pnpm/@stryker-mutator+core@9.6.1_911149adbd3acc9b701e5200d679170d/node_modules/@stryker-mutator/core/dist/src/concurrent/pool.js:69:13
14:34:07 (8800) INFO Stryker This might be a known problem with a solution documented in our troubleshooting guide.
14:34:07 (8800) INFO Stryker You can find it at https://stryker-mutator.io/docs/stryker-js/troubleshooting/
14:34:07 (8800) DEBUG ChildProcessProxy Disposing of worker process 60088
14:34:07 (8800) DEBUG ChildProcessProxy Disposing of worker process 44224
14:34:07 (8800) DEBUG ChildProcessProxy Disposing of worker process 34788
14:34:07 (8800) DEBUG ChildProcessProxy Disposing of worker process 39040
14:34:07 (8800) DEBUG ChildProcessProxy Disposing of worker process 50128
14:34:07 (8800) DEBUG ChildProcessProxy Disposing of worker process 39036
14:34:07 (8800) DEBUG ChildProcessProxy Disposing of worker process 63436
14:34:07 (8800) DEBUG ChildProcessProxy Kill 60088
14:34:07 (8800) DEBUG ChildProcessProxy Disposing of worker process 64744
14:34:07 (8800) DEBUG ChildProcessProxy Disposing of worker process 52924
14:34:07 (8800) DEBUG ChildProcessProxy Disposing of worker process 60360
14:34:07 (8800) DEBUG ChildProcessProxy Disposing of worker process 4632
14:34:07 (8800) DEBUG ChildProcessProxy Disposing of worker process 31288
14:34:07 (8800) DEBUG ChildProcessProxy Disposing of worker process 59124
14:34:07 (8800) DEBUG ChildProcessProxy Disposing of worker process 44064
14:34:07 (8800) DEBUG ChildProcessProxy Kill 34788
14:34:07 (8800) DEBUG ChildProcessProxy Kill 44224
14:34:07 (8800) DEBUG ChildProcessProxy Kill 39040
14:34:07 (8800) DEBUG ChildProcessProxy Kill 39036
14:34:07 (8800) DEBUG ChildProcessProxy Kill 50128
14:34:07 (8800) DEBUG ChildProcessProxy Kill 63436
14:34:07 (8800) DEBUG ChildProcessProxy Kill 64744
14:34:07 (8800) DEBUG ChildProcessProxy Kill 52924
14:34:07 (8800) DEBUG ChildProcessProxy Kill 60360
14:34:07 (8800) DEBUG ChildProcessProxy Kill 4632
14:34:07 (8800) DEBUG ChildProcessProxy Kill 31288
14:34:07 (8800) DEBUG ChildProcessProxy Kill 44064
14:34:07 (8800) DEBUG ChildProcessProxy Kill 59124
14:34:07 (26000) DEBUG PluginLoader Loading plugin file:///C:/gwinnem/keystone-dashboard-layout/node_modules/.pnpm/@stryker-mutator+instrumenter@9.6.1_supports-color@8.1.1/node_modules/@stryker-mutator/instrumenter/dist/src/frameworks/index.js
14:34:07 (26000) DEBUG PluginLoader Loading plugin file:///C:/gwinnem/keystone-dashboard-layout/node_modules/.pnpm/@stryker-mutator+core@9.6.1_911149adbd3acc9b701e5200d679170d/node_modules/@stryker-mutator/core/dist/src/reporters/index.js
14:34:09 (26000) DEBUG ChildProcessProxyWorker Changing current working directory for this process to C:\gwinnem\keystone-dashboard-layout\packages\vue\.stryker-tmp\sandbox-eV4a3S
14:34:09 (8800) DEBUG ChildProcessProxy Disposing of worker process 26000
14:34:09 (8800) DEBUG ChildProcessProxy Kill 26000
14:34:09 (8800) TRACE ChildProcessProxy  DEPRECATED  `test.poolOptions` was removed in Vitest 4. All previous `poolOptions` are now top-level options. Please, refer to the migration guide: https://vitest.dev/guide/migration#pool-rework

14:34:09 (8800) DEBUG ChildProcessProxy Disposing of worker process 20580
14:34:09 (8800) DEBUG ChildProcessProxy Kill 20580
